population,goal_horizon,day,ARPU_nominal,ARPU_at_horizon,raw_goal_ratio,organic_share,adjusted_goal_ratio,effective_patch,is_extrapolated
Web,30,1,0.63,20.00,0.0315,0.20,0.0252,1->7,False
Web,30,7,5.00,20.00,0.2500,0.20,0.2000,1->7,False
Web,30,14,10.00,20.00,0.5000,0.20,0.4000,7->14,False
Web,30,30,20.00,20.00,1.0000,0.20,0.8000,14->30,False
App,30,7,8.50,40.00,0.2125,0.15,0.1806,1->7,False
Affiliate,30,7,3.20,18.00,0.1778,0.20,0.1422,1->7,False
Blended,30,7,6.00,28.00,0.2143,0.00,0.2143,1->7,False
Web,7,1,0.63,5.00,0.1260,0.18,0.1033,1->7,False
Web,7,7,5.00,5.00,1.0000,0.18,0.8200,1->7,False
