brand,population,patch,cohort_start,cohort_end,n_cohort_dates_total,n_cohort_dates_kept,n_users_excluded_prior,n_users_pre_trim,n_users_post_trim,n_users_dropped_by_trim,total_rev_before_trim,total_rev_after_trim,cv_before,cv_after,mean_after,flagged,removed_dates,trim_method,trim_pct,pct_users_zero_revenue,pct_users_near_zero_revenue,pct_cohort_metric_zero_before,pct_cohort_metric_near_zero_before,pct_cohort_metric_zero_after,pct_cohort_metric_near_zero_after,time_trend_corr,time_trend_slope_per_day,time_trend_strength,time_trend_flag,cv_threshold_used,near_zero_growth_threshold,near_zero_user_rev_threshold,n_observations_before,mean_before,std_before,min_before,p10_before,p25_before,median_before,p75_before,p90_before,p95_before,max_before,iqr_before,pct_zero_before,pct_near_zero_before,skewness_before,n_observations_after,std_after,min_after,p10_after,p25_after,median_after,p75_after,p90_after,p95_after,max_after,iqr_after,pct_zero_after,pct_near_zero_after,skewness_after,cv_reduction_from_trim,is_focus_case
realprize,Web,1->7,2026-06-23,2026-07-27,35,30,0,6241,6241,0,66824.43000000001,59764.61069999998,0.359043237276716,0.2445727297293478,1.9535015954294639,True,"[datetime.date(2026, 7, 26), datetime.date(2026, 7, 7), datetime.date(2026, 7, 23), datetime.date(2026, 7, 15), datetime.date(2026, 6, 26)]",winsor,0.01,0.8746995673770229,0.8746995673770229,0.0,0.0,0.0,0.0,0.16378056969929689,0.0101490104556144,0.16378056969929689,False,0.15,1e-06,1e-06,35,2.033414472019404,0.6258372492216089,1.1424678752627673,1.3979334195148003,1.5369267281937504,1.86760919512284,2.455585427386544,2.73955636722566,3.145522407235331,3.8482445375874583,0.9186586991927936,0.0,0.0,0.8852211380167926,30,0.4415423545948306,1.2858680996647365,1.4671714186445721,1.5484807441844812,1.835317735318577,2.3911327106304365,2.5132412511018636,2.609251064346569,2.7934473959762944,0.8426519664459553,0.0,0.0,0.2714168670716473,0.1144705075473682,True
realprize,Web,7->14,2026-06-16,2026-07-20,35,30,0,6565,6565,0,60337.27999999999,56937.222299999994,0.22049361918290258,0.15072786417643433,1.338613144347163,True,"[datetime.date(2026, 6, 30), datetime.date(2026, 7, 3), datetime.date(2026, 7, 11), datetime.date(2026, 6, 19), datetime.date(2026, 7, 14)]",winsor,0.01,0.8974866717440975,0.8974866717440975,0.0,0.0,0.0,0.0,-0.1226410359072753,-0.004638793837425181,0.1226410359072753,False,0.15,1e-06,1e-06,35,1.392455181903851,0.38200526374674143,1.0263332440184663,1.1120463478238722,1.1743484515820197,1.2581821801891488,1.4983357742054415,1.6737788925646615,1.9496237291903549,2.893063613945747,0.3239873226234218,0.0,0.0,2.5340204099888815,30,0.1897957421230484,1.1069645820856295,1.1345095875238134,1.1894663509198877,1.2637658559596132,1.4752688309076696,1.6480081231130386,1.6729310207259946,1.6946718495626498,0.28580247998778185,0.0,0.0,0.6514558715693874,0.06976575500646826,True
realprize,Web,14->30,2026-05-31,2026-07-04,35,30,0,5061,5061,0,54085.49999999999,51055.12419999998,0.5362235568082949,0.2208690274214179,1.3302348364112981,True,"[datetime.date(2026, 6, 30), datetime.date(2026, 6, 15), datetime.date(2026, 6, 4), datetime.date(2026, 7, 3), datetime.date(2026, 7, 2)]",winsor,0.01,0.9162220904959494,0.9162220904959494,0.0,0.0,0.0,0.0,0.29728860359834364,0.022515273471935163,0.29728860359834364,False,0.15,1e-06,1e-06,35,1.5826876264268241,0.7648901197902349,1.0,1.019106293254835,1.1529395704776002,1.3190755613595966,1.6983822642540862,2.470623004032942,2.7582646059643006,4.929816578755852,0.545442693776486,0.0,0.0,2.7629308131744588,30,0.2993937181659138,1.0,1.0,1.1160732901987325,1.2519826299039947,1.4687227278646997,1.7278252529513132,1.8358809004190608,2.2846074137248333,0.35264943766596724,0.0,0.0,1.3356190275842388,0.315354529386877,True
realprize,Web,30->60,2026-05-01,2026-06-04,35,30,0,1277,1277,0,18320.95,17863.8713,0.27288436627910007,0.2017779696058077,1.2666407621145046,True,"[datetime.date(2026, 5, 12), datetime.date(2026, 5, 31), datetime.date(2026, 5, 26), datetime.date(2026, 5, 2), datetime.date(2026, 5, 22)]",winsor,0.01,0.8958496476115897,0.8958496476115897,0.0,0.0,0.0,0.0,-0.015279157122825465,-0.0014851880210844308,0.015279157122825465,False,0.15,1e-06,1e-06,34,1.478163906961061,0.9674840042451035,1.0,1.0,1.0213866996894598,1.2227315124703277,1.5289482272646042,1.8887966845484887,2.4129619638579896,6.556457165732585,0.5075615275751444,0.0,0.0,4.487101908448471,29,0.2718724936045311,1.0,1.0,1.030634236453202,1.163721791567016,1.3939191353082467,1.6492550863228461,1.8003010654759186,1.88892588145399,0.3632848988550448,0.0,0.0,0.9011893046832559,0.07110639667329235,True
realprize,Web,60->90,2026-04-01,2026-05-05,35,30,0,497,497,0,3463.5799999999995,3432.0426999999995,0.39310637143245203,0.1254330855697583,1.0603536621542171,False,"[datetime.date(2026, 4, 21), datetime.date(2026, 4, 2), datetime.date(2026, 4, 19), datetime.date(2026, 4, 4), datetime.date(2026, 4, 3)]",winsor,0.01,0.8732394366197183,0.8732394366197183,0.0,0.0,0.0,0.0,-0.0628365788601309,-0.0034120892772640196,0.0628365788601309,False,0.15,1e-06,1e-06,30,1.2264092462828602,0.5653827141417699,1.0,1.0,1.0,1.0,1.098274346965888,1.5058838504913081,2.3184201113703535,3.689768238082697,0.098274346965888,0.0,0.0,3.394631146101863,25,0.11745568292519869,1.0,1.0,1.0,1.0,1.086059867734076,1.2396123133935728,1.3109249928876363,1.4419853152893751,0.08605986773407603,0.0,0.0,2.1324179159900543,0.26767328586269373,False
realprize,Web,90->120,2026-03-02,2026-04-05,35,30,0,2295,2295,0,14135.91,13577.7913,0.15881210253602396,0.12507788879900958,1.1548070409378668,False,"[datetime.date(2026, 3, 31), datetime.date(2026, 3, 13), datetime.date(2026, 3, 4), datetime.date(2026, 3, 8), datetime.date(2026, 3, 20)]",winsor,0.01,0.9350762527233115,0.9350762527233115,0.0,0.0,0.0,0.0,-0.08091496963663249,-0.0024474056299244366,0.08091496963663249,False,0.15,1e-06,1e-06,30,1.2484827058232635,0.3093185830759819,1.0,1.0,1.0153803675801334,1.1824115400072164,1.3115120425282527,1.5889824437874585,1.798172071517159,2.429184549356223,0.2961316749481193,0.0,0.0,2.22497428266351,25,0.13951709663856382,1.0,1.0,1.0151902817067162,1.1362543601731283,1.2647051809613647,1.323635378096804,1.3392494849518948,1.4618741239658148,0.24951489925464854,0.0,0.0,0.38236650095226726,0.03373421373701438,False
realprize,Web,120->150,2026-01-31,2026-03-06,35,32,0,1780,1780,0,23593.859999999997,22949.3843,0.19570159855957847,0.08777486588634786,1.103341818675397,False,"[datetime.date(2026, 2, 26), datetime.date(2026, 2, 1), datetime.date(2026, 2, 12)]",winsor,0.01,0.9112359550561798,0.9112359550561798,0.0,0.0,0.0,0.0,-0.053338542887357024,-0.0014009758416687265,0.053338542887357024,False,0.15,1e-06,1e-06,33,1.173971616705877,0.26527804850516923,1.0,1.0,1.0,1.0680200787040541,1.243560258654361,1.3830155426402526,1.668694776903678,2.2614777174599165,0.24356025865436104,0.0,0.0,2.6287182730911955,30,0.12056740472005203,1.0,1.0,1.0,1.0453552779986517,1.1760294936689188,1.2796369558816412,1.350820505779242,1.3850519074421515,0.17602949366891885,0.0,0.0,1.0694134442887828,0.10792673267323061,False
realprize,Web,150->180,2026-01-01,2026-02-04,35,35,0,3337,3337,0,66798.23,62519.7557,0.08775903327087586,0.08775903327087586,1.1114539693276189,False,[],winsor,0.01,0.8972130656278094,0.8972130656278094,0.0,0.0,0.0,0.0,0.05282813003200096,0.0014007234485939077,0.05282813003200096,False,0.15,1e-06,1e-06,35,1.1114539693276189,0.267785616819855,1.0,1.0,1.0100712994291263,1.0318779517689074,1.085542941658967,1.2066049233061373,1.3685859520477612,2.568558745749906,0.07547164222984071,0.0,0.0,4.861886259028953,35,0.267785616819855,1.0,1.0,1.0100712994291263,1.0318779517689074,1.085542941658967,1.2066049233061373,1.3685859520477612,2.568558745749906,0.07547164222984071,0.0,0.0,4.861886259028953,0.0,False
realprize,Web,180->270,2025-10-03,2025-11-06,35,30,0,15743,15743,0,222543.68,191067.77359999978,0.23285117144645298,0.11111706963959328,1.2442012378531326,False,"[datetime.date(2025, 10, 5), datetime.date(2025, 10, 11), datetime.date(2025, 10, 14), datetime.date(2025, 10, 26), datetime.date(2025, 10, 12)]",winsor,0.01,0.9297465540240106,0.9297465540240106,0.0,0.0,0.0,0.0,-0.24120740757878975,-0.011500550781075026,0.24120740757878975,False,0.15,1e-06,1e-06,35,1.3824667593691187,0.4815352504092821,1.0205260906563967,1.0560066428745813,1.1071525217715803,1.2452390475976458,1.4047559204682196,1.7646207318015974,2.295694812096369,3.39735724180391,0.2976033986966393,0.0,0.0,2.8517827507283986,30,0.16845591218401187,1.0221991357417792,1.0636395260798415,1.0981732697123952,1.2094626305520892,1.3449672376312098,1.4998962886259068,1.535836010517077,1.6957068606554537,0.2467939679188147,0.0,0.0,0.8437391764026287,0.1217341018068597,False
realprize,Web,270->365,2025-06-30,2025-08-03,35,30,0,21064,21064,0,327596.72,277722.4137000001,0.3440595732499129,0.10754247774608436,1.2131593920712664,False,"[datetime.date(2025, 7, 23), datetime.date(2025, 7, 28), datetime.date(2025, 7, 30), datetime.date(2025, 7, 18), datetime.date(2025, 7, 8)]",winsor,0.01,0.9464963919483479,0.9464963919483479,0.0,0.0,0.0,0.0,0.21789754923736243,0.011439858272967627,0.21789754923736243,False,0.15,1e-06,1e-06,35,1.3348961712097769,0.5302349912848938,1.018264648015438,1.0516172873122216,1.0689908839986508,1.186035116764742,1.3550248361958421,1.492510853832505,2.0160617865202433,4.000729423361262,0.2860339521971913,0.0,0.0,4.045619324488626,30,0.1395148942599576,1.024928759165317,1.0658110082117407,1.0711596149008815,1.1799093984143338,1.3247058301699564,1.3933471754733704,1.4489594653735327,1.4947106291787247,0.25354621526907484,0.0,0.0,0.4549005040388151,0.23651709550382852,False
realprize,App,1->7,2026-06-23,2026-07-27,35,30,0,31034,31034,0,411808.7300000001,411808.7300000001,0.3413817307111275,0.22307881215105532,2.1288474505683714,True,"[datetime.date(2026, 7, 13), datetime.date(2026, 6, 27), datetime.date(2026, 7, 8), datetime.date(2026, 7, 17), datetime.date(2026, 6, 30)]",winsor,0.0,0.8773925372172456,0.8773925372172456,0.0,0.0,0.0,0.0,-0.2021650088355443,-0.01656784824453766,0.2021650088355443,False,0.15,1e-06,1e-06,35,2.4270293440921256,0.8276756998037398,1.362553521690335,1.7341745839291256,1.9452389646625,2.1518813092688895,2.458281196610156,3.8231164174804904,4.172560236239496,4.926969288308088,0.5130422319476562,0.0,0.0,1.5951846152299827,30,0.38255178040868715,1.362553521690335,1.7242725985878966,1.9163430733187157,2.0472234799385873,2.3278323848980564,2.5336326835647953,2.7652977399915737,3.2667161000637597,0.41148931157934077,0.0,0.0,0.7644827218173853,0.11830291856007216,True
realprize,App,7->14,2026-06-16,2026-07-20,35,30,0,32127,32127,0,551877.89,551877.89,0.1700342229995119,0.11158643052714079,1.3071574370842522,False,"[datetime.date(2026, 7, 14), datetime.date(2026, 6, 30), datetime.date(2026, 7, 19), datetime.date(2026, 6, 27), datetime.date(2026, 6, 19)]",winsor,0.0,0.8688019422915305,0.8688019422915305,0.0,0.0,0.0,0.0,-0.15497640470852347,-0.0035584308253975125,0.15497640470852347,False,0.15,1e-06,1e-06,35,1.3836819915995555,0.23189587963926955,1.1250765132253926,1.1635500750337724,1.1831159505108446,1.3281691990624747,1.4700639740793984,1.7138279730613948,1.819228855049529,2.0750439460514523,0.28694802356855376,0.0,0.0,1.352135265409909,30,0.133618450276318,1.1250765132253926,1.1620256986044337,1.1747092093731895,1.302408482567457,1.3731559540403246,1.495344126565651,1.5528934315348188,1.6387453276338029,0.1984467446671352,0.0,0.0,0.7081374609712171,0.05844779247237111,False
realprize,App,14->30,2026-05-31,2026-07-04,35,31,0,33341,33341,0,787255.22,787255.22,0.2551021715692688,0.09372262843266259,1.4115065456841427,False,"[datetime.date(2026, 6, 24), datetime.date(2026, 6, 4), datetime.date(2026, 6, 13), datetime.date(2026, 6, 27)]",winsor,0.0,0.858882457034882,0.858882457034882,0.0,0.0,0.0,0.0,0.07260433490846321,0.0034835782002983757,0.07260433490846321,False,0.15,1e-06,1e-06,35,1.5505389075489298,0.48457733661296054,1.2031444636814603,1.2546781562418468,1.3317147675499788,1.4267924921148072,1.5168512229396613,1.9252605516067376,2.2045771908299665,3.979605607015938,0.1851364553896826,0.0,0.0,3.8971764060094998,31,0.12907815027219383,1.2031444636814603,1.2450942836183734,1.3190962456399,1.4019919478479188,1.4865822112314793,1.6175963197239789,1.6512475225640406,1.7007699585918024,0.16748596559157924,0.0,0.0,0.4801562402261883,0.16137954313660618,False
realprize,App,30->60,2026-05-01,2026-06-04,35,30,0,29598,29598,0,1106648.9200000002,1106648.9200000002,0.16375346023553383,0.1175781206425376,1.451013219067449,False,"[datetime.date(2026, 5, 21), datetime.date(2026, 5, 5), datetime.date(2026, 5, 7), datetime.date(2026, 5, 22), datetime.date(2026, 5, 14)]",winsor,0.0,0.8505642273126562,0.8505642273126562,0.0,0.0,0.0,0.0,-0.19103944666344352,-0.004601477033753585,0.19103944666344352,False,0.15,1e-06,1e-06,35,1.5019250421884012,0.24326201126278213,1.1451539125579946,1.2419743633137525,1.3188457074868758,1.4481972904193818,1.6531836381307257,1.8460959703720603,1.9286446578249086,2.1196429893283786,0.33433793064384987,0.0,0.0,0.7593925997153423,30,0.17699405917285035,1.2216470129729253,1.245112351565951,1.3150643270020193,1.419801801534229,1.5713655128543043,1.7133897048996651,1.771776516090996,1.8084121335464864,0.256301185852285,0.0,0.0,0.5340751168724318,0.04617533959299623,False
realprize,App,60->90,2026-04-01,2026-05-05,35,30,0,21618,21618,0,1304184.93,1304184.93,0.24250517284949455,0.13242946501850641,1.2403486982473382,False,"[datetime.date(2026, 5, 3), datetime.date(2026, 4, 28), datetime.date(2026, 5, 2), datetime.date(2026, 5, 4), datetime.date(2026, 4, 26)]",winsor,0.0,0.8232491442316588,0.8232491442316588,0.0,0.0,0.0,0.0,0.455739010363942,0.013783456578700951,0.455739010363942,False,0.15,1e-06,1e-06,35,1.3306939093703427,0.30545133205249386,1.0463350360705612,1.0841204693779072,1.13098378470402,1.2456770228594334,1.3853720441829551,1.7489382480458355,2.0530696976333904,2.321542405022606,0.25438825947893506,0.0,0.0,1.862003663314806,30,0.1407752493972091,1.0501205486041854,1.0843925246095754,1.1303133854295684,1.220295613631875,1.2927696209524542,1.4852802633387843,1.5193685831737311,1.5641448145969759,0.1624562355228858,0.0,0.0,0.8479971017656934,0.11007570783098813,False
realprize,App,90->120,2026-03-02,2026-04-05,35,32,0,19076,19076,0,1192681.77,1192681.77,0.14035780985937577,0.07948050654263518,1.151617471681225,False,"[datetime.date(2026, 3, 13), datetime.date(2026, 3, 11), datetime.date(2026, 3, 21)]",winsor,0.0,0.8424197945061858,0.8424197945061858,0.0,0.0,0.0,0.0,-0.2808334610966115,-0.005793443369805269,0.2808334610966115,False,0.15,1e-06,1e-06,35,1.2029410431769523,0.20834735894732745,1.0156030262450286,1.0342793538799109,1.0831714528671434,1.119721173968021,1.2296033535085584,1.404183050501561,1.5440201272662213,2.0638496730692726,0.14643190064141498,0.0,0.0,2.539408148079097,32,0.1057283794094517,1.0156030262450286,1.031261956383766,1.0798878656213784,1.1165092767206646,1.2218084923171826,1.2819148518854186,1.3789591407387085,1.4101905722644328,0.1419206266958042,0.0,0.0,0.9683109092701204,0.060877303316740586,False
realprize,App,120->150,2026-01-31,2026-03-06,35,35,0,13650,13650,0,719706.8200000001,719706.8200000001,0.052291814061530384,0.052291814061530384,1.090426833633522,False,[],winsor,0.0,0.8463003663003663,0.8463003663003663,0.0,0.0,0.0,0.0,0.10928835194629069,0.0006949503825742164,0.10928835194629069,False,0.15,1e-06,1e-06,35,1.090426833633522,0.0642214352746174,1.0123774719035656,1.0230659900869954,1.0395407259451916,1.0748203661256541,1.1261204099001838,1.1766694017737327,1.2262956885806928,1.2574463178861488,0.08657968395499216,0.0,0.0,0.9500191748970241,35,0.0642214352746174,1.0123774719035656,1.0230659900869954,1.0395407259451916,1.0748203661256541,1.1261204099001838,1.1766694017737327,1.2262956885806928,1.2574463178861488,0.08657968395499216,0.0,0.0,0.9500191748970241,0.0,False
realprize,App,150->180,2026-01-01,2026-02-04,35,35,0,19839,19839,0,646209.1,646209.1,0.07265065198695278,0.07265065198695278,1.1043401852377464,False,[],winsor,0.0,0.9060436513937195,0.9060436513937195,0.0,0.0,0.0,0.0,0.15171384605643776,0.0013271078566250807,0.15171384605643776,False,0.15,1e-06,1e-06,35,1.1043401852377464,0.08834481953986734,1.0029533496890348,1.018024929170203,1.0410403122604315,1.0802728913151305,1.1569027855498486,1.2006810079856607,1.2230380940129817,1.441844059119681,0.11586247328941712,0.0,0.0,1.6853156497157789,35,0.08834481953986734,1.0029533496890348,1.018024929170203,1.0410403122604315,1.0802728913151305,1.1569027855498486,1.2006810079856607,1.2230380940129817,1.441844059119681,0.11586247328941712,0.0,0.0,1.6853156497157789,0.0,False
realprize,App,180->270,2025-10-03,2025-11-06,35,30,0,13298,13298,0,458512.9700000001,458512.9700000001,0.3083906967270658,0.10929313518513359,1.243625311413281,False,"[datetime.date(2025, 10, 29), datetime.date(2025, 10, 27), datetime.date(2025, 10, 30), datetime.date(2025, 11, 2), datetime.date(2025, 10, 16)]",winsor,0.0,0.9231463377951572,0.9231463377951572,0.0,0.0,0.0,0.0,0.299636443840333,0.015968153246398952,0.299636443840333,False,0.15,1e-06,1e-06,35,1.399930932152617,0.5382203863618347,1.0609506022796062,1.0788839898717677,1.102219247174996,1.2416112970535782,1.4068182594206267,1.8045572530018397,2.3934238162746713,3.8955450066881983,0.3045990122456306,0.0,0.0,3.320670122723108,30,0.15879625329250743,1.0631687550962676,1.0799613529823693,1.0990143760474718,1.1857167172136323,1.3456890884245811,1.5045879153749289,1.5213938615441975,1.642838214835153,0.24667471237710936,0.0,0.0,0.8254478843849835,0.19909756154193223,False
realprize,App,270->365,2025-06-30,2025-08-03,35,33,0,24384,24384,0,695695.8499999999,695695.8499999999,0.20649108663055446,0.08592745486612158,1.1448685928997087,False,"[datetime.date(2025, 7, 7), datetime.date(2025, 7, 16)]",winsor,0.0,0.937869094488189,0.937869094488189,0.0,0.0,0.0,0.0,-0.10567459787021058,-0.0021254836214049033,0.10567459787021058,False,0.15,1e-06,1e-06,35,1.186070902438287,0.20313616292846853,1.0147636007686396,1.0234167639159537,1.0494969543704666,1.1421025340460569,1.2248870571570483,1.3543388712407198,1.525478656162293,2.038125585984177,0.17539010278658163,0.0,0.0,2.6249298156168814,33,0.11072104192646445,1.0147636007686396,1.022024540017485,1.0414743363789127,1.1307955780448469,1.218466782905688,1.2818418499302533,1.332474750641615,1.4533870372323594,0.17699244652677537,0.0,0.0,0.927120686086623,0.12056363176443288,False
realprize,Affiliate,1->7,2026-06-23,2026-07-27,35,30,0,15181,15181,0,252735.22999999995,188892.91129999998,0.4255446030821991,0.14140344653772502,1.6722571699102666,False,"[datetime.date(2026, 7, 10), datetime.date(2026, 7, 21), datetime.date(2026, 7, 12), datetime.date(2026, 7, 22), datetime.date(2026, 7, 13)]",winsor,0.01,0.774981885251301,0.774981885251301,0.0,0.0,0.0,0.0,0.09644938218219973,0.007374473948594188,0.09644938218219973,False,0.15,1e-06,1e-06,35,1.8524818037669883,0.7722033503710518,1.2144219101347271,1.375623014432979,1.445532172596281,1.6690129983815034,1.8874203582119518,2.2340360089905884,3.3303530118710993,4.835949491838624,0.44188818561567067,0.0,0.0,3.004617110414192,30,0.2503160541920166,1.2525996098840342,1.4088955971203934,1.4691888863775622,1.6637497812962048,1.8033023892996947,2.0150377278285303,2.1314492862805663,2.2463893291602264,0.3341135029221325,0.0,0.0,0.616703687248356,0.2841411565444741,False
realprize,Affiliate,7->14,2026-06-16,2026-07-20,35,33,0,15321,15321,0,347911.87,225133.9661999999,0.11138404857251415,0.09018495310175713,1.216655257198773,False,"[datetime.date(2026, 6, 22), datetime.date(2026, 7, 13)]",winsor,0.01,0.7624828666536126,0.7624828666536126,0.0,0.0,0.0,0.0,-0.20881260347363237,-0.0029938847201952403,0.20881260347363237,False,0.15,1e-06,1e-06,35,1.2410106163697399,0.14480329737131914,1.04885072922008,1.070709507135205,1.1465615893486731,1.1998814518475827,1.3223826621687378,1.4101967457811533,1.4772018410669856,1.7016080970993137,0.17582107282006465,0.0,0.0,1.2207093173104286,33,0.10793052777364348,1.04885072922008,1.069921821965286,1.1411548664191802,1.1947888475150126,1.2966415636554334,1.3726440857262114,1.4079788455254338,1.4313712065462352,0.1554866972362532,0.0,0.0,0.3674844724213133,0.021199095470757018,False
realprize,Affiliate,14->30,2026-05-31,2026-07-04,35,30,0,15296,15296,0,445858.87999999995,303040.7079999996,0.16637637264401606,0.09453153239303941,1.2518250297930666,False,"[datetime.date(2026, 6, 2), datetime.date(2026, 6, 30), datetime.date(2026, 6, 25), datetime.date(2026, 6, 8), datetime.date(2026, 6, 12)]",winsor,0.01,0.741043410041841,0.741043410041841,0.0,0.0,0.0,0.0,0.09207209443407828,0.0016766960355557115,0.09207209443407828,False,0.15,1e-06,1e-06,35,1.3157570761346369,0.18391891697316395,1.037899258037655,1.1086250598901888,1.21984083364485,1.2800508264864936,1.35722474001076,1.6694845002431338,1.6996409153534036,1.7693033713264452,0.1373839063659099,0.0,0.0,0.993892059507741,30,0.1026853739707069,1.037899258037655,1.099985508031128,1.204466497083069,1.2746431281126807,1.3146019300108858,1.3689969212550106,1.3903072156075955,1.4447819315483927,0.1101354329278168,0.0,0.0,-0.5637797383770486,0.07184484025097665,False
realprize,Affiliate,30->60,2026-05-01,2026-06-04,35,32,0,9852,9852,0,639681.73,325514.4523999995,0.12357793433065091,0.09972573540944019,1.2451928352671042,False,"[datetime.date(2026, 5, 8), datetime.date(2026, 5, 20), datetime.date(2026, 5, 21)]",winsor,0.01,0.7137637028014616,0.7137637028014616,0.0,0.0,0.0,0.0,-0.07435527628461074,-0.0011744924881953377,0.07435527628461074,False,0.15,1e-06,1e-06,35,1.2794542250828855,0.15952859403221661,1.0354848581439509,1.0872290406799117,1.1555403962470676,1.2581350188043485,1.375636875712317,1.4223412688629706,1.5866504387925193,1.7475479716398168,0.22009647946524935,0.0,0.0,0.8119077094243022,32,0.11673813559912023,1.0354848581439509,1.076044746534008,1.135538338329848,1.2388632280214025,1.3440614379744702,1.3897905056735702,1.4043925758598377,1.429520186638438,0.20852309964462212,0.0,0.0,-0.17850181320516295,0.023852198921210724,False
realprize,Affiliate,60->90,2026-04-01,2026-05-05,35,35,0,11760,11760,0,781544.9500000001,424822.81020000076,0.07597826735976239,0.07597826735976239,1.1727810278722983,False,[],winsor,0.01,0.708078231292517,0.708078231292517,0.0,0.0,0.0,0.0,0.2891534215247047,0.002652990687545947,0.2891534215247047,False,0.15,1e-06,1e-06,35,1.1727810278722983,0.09266323880557656,1.0407431586806164,1.0665977858720808,1.093648153547324,1.14526333306469,1.2340982579138053,1.300059462760776,1.3529912756763782,1.3666539950026926,0.14045010436648142,0.0,0.0,0.496713547572446,35,0.09266323880557656,1.0407431586806164,1.0665977858720808,1.093648153547324,1.14526333306469,1.2340982579138053,1.300059462760776,1.3529912756763782,1.3666539950026926,0.14045010436648142,0.0,0.0,0.496713547572446,0.0,False
realprize,Affiliate,90->120,2026-03-02,2026-04-05,35,35,0,18373,18373,0,1020010.2800000001,578367.2319,0.07581600323086177,0.07581600323086177,1.110333327438314,False,[],winsor,0.01,0.7804386872040494,0.7804386872040494,0.0,0.0,0.0,0.0,-0.13439571984448728,-0.0009420910256650815,0.13439571984448728,False,0.15,1e-06,1e-06,35,1.110333327438314,0.07079580344533244,1.0395908356406354,1.0487050268310643,1.0642188918313784,1.0792874149853129,1.1344407983338258,1.206348085782593,1.2313777376385295,1.36641735934939,0.07022190650244742,0.0,0.0,1.7491470822179418,35,0.07079580344533244,1.0395908356406354,1.0487050268310643,1.0642188918313784,1.0792874149853129,1.1344407983338258,1.206348085782593,1.2313777376385295,1.36641735934939,0.07022190650244742,0.0,0.0,1.7491470822179418,0.0,False
realprize,Affiliate,120->150,2026-01-31,2026-03-06,35,35,0,19113,19113,0,1662133.4100000001,1135794.4107999995,0.0961025076527806,0.0961025076527806,1.0914653450557947,False,[],winsor,0.01,0.736932977554544,0.736932977554544,0.0,0.0,0.0,0.0,0.08639889013545311,0.0009021486325398813,0.08639889013545311,False,0.15,1e-06,1e-06,35,1.0914653450557947,0.10545568994304821,1.015351391822768,1.0259214900096219,1.0433044331509862,1.0611171607652936,1.1009817927154764,1.1577918203556068,1.2318811834117276,1.6061746836675677,0.05767735956449016,0.0,0.0,3.7176757026908303,35,0.10545568994304821,1.015351391822768,1.0259214900096219,1.0433044331509862,1.0611171607652936,1.1009817927154764,1.1577918203556068,1.2318811834117276,1.6061746836675677,0.05767735956449016,0.0,0.0,3.7176757026908303,0.0,False
realprize,Affiliate,150->180,2026-01-01,2026-02-04,35,35,0,24263,24263,0,2446404.5900000003,1466308.1110999987,0.05290117111940494,0.05290117111940494,1.0866042534994556,False,[],winsor,0.01,0.8207146684251742,0.8207146684251742,0.0,0.0,0.0,0.0,0.15922914626668763,0.0009415020294627425,0.15922914626668763,False,0.15,1e-06,1e-06,35,1.0866042534994556,0.05971710970591087,1.0190420386778785,1.0290584181146212,1.0396734815881512,1.0776777097915715,1.1059192618725913,1.1458761700769922,1.1899550576064908,1.301437947404914,0.06624578028444006,0.0,0.0,1.8509287042239835,35,0.05971710970591087,1.0190420386778785,1.0290584181146212,1.0396734815881512,1.0776777097915715,1.1059192618725913,1.1458761700769922,1.1899550576064908,1.301437947404914,0.06624578028444006,0.0,0.0,1.8509287042239835,0.0,False
realprize,Affiliate,180->270,2025-10-03,2025-11-06,35,35,0,23399,23399,0,2053339.8799999997,1154881.4263999986,0.06777421553542597,0.06777421553542597,1.1499404896294452,False,[],winsor,0.01,0.8311466301978717,0.8311466301978717,0.0,0.0,0.0,0.0,0.20220055396914977,0.0015735292809095627,0.20220055396914977,False,0.15,1e-06,1e-06,35,1.1499404896294452,0.07859457568960873,1.0441691472427699,1.0688688441474425,1.0863892796746197,1.1283508495838865,1.1867143104056082,1.256028796977609,1.2990664851994154,1.3718744264283937,0.10032503073098842,0.0,0.0,0.9842377487074746,35,0.07859457568960873,1.0441691472427699,1.0688688441474425,1.0863892796746197,1.1283508495838865,1.1867143104056082,1.256028796977609,1.2990664851994154,1.3718744264283937,0.10032503073098842,0.0,0.0,0.9842377487074746,0.0,False
realprize,Affiliate,270->365,2025-06-30,2025-08-03,35,35,0,39719,39719,0,5850877.840000001,3686758.6542999977,0.0860767217680895,0.0860767217680895,1.1195604757741642,False,[],winsor,0.01,0.8564666784158715,0.8564666784158715,0.0,0.0,0.0,0.0,0.10972954795808203,0.0010177075930261643,0.10972954795808203,False,0.15,1e-06,1e-06,35,1.1195604757741642,0.09366978223278406,1.02066571599856,1.0305000800361925,1.0440048991009026,1.0807422380122735,1.1649614136176714,1.2561204753676949,1.3139643136697055,1.367229595818318,0.12095651451676881,0.0,0.0,1.1579566426908843,35,0.09366978223278406,1.02066571599856,1.0305000800361925,1.0440048991009026,1.0807422380122735,1.1649614136176714,1.2561204753676949,1.3139643136697055,1.367229595818318,0.12095651451676881,0.0,0.0,1.1579566426908843,0.0,False
realprize,Blended,1->7,2026-06-23,2026-07-27,35,30,0,72490,72490,0,1151598.8299999998,1151598.8299999998,0.27784995498601617,0.19202002056589992,2.308281285656935,True,"[datetime.date(2026, 6, 24), datetime.date(2026, 6, 27), datetime.date(2026, 7, 2), datetime.date(2026, 7, 4), datetime.date(2026, 7, 12)]",winsor,0.0,0.8577045109670299,0.8577045109670299,0.0,0.0,0.0,0.0,-0.27032404804228993,-0.022050890705093557,0.27032404804228993,False,0.15,1e-06,1e-06,35,2.440567760059118,0.8238374690830415,1.6140766683328662,1.7527175516675524,1.9400988457853303,2.2491069173137546,2.7186744750405496,3.1568978683878184,3.246760078056053,6.324832527180014,0.7785756292552193,0.0,0.0,3.089541743769573,30,0.4207643294756794,1.7253174845697925,1.8339465723671962,1.9587387658928486,2.233402990882106,2.6818113928145495,2.9361710294594476,3.0518761806573895,3.1689991166707183,0.7230726269217009,0.0,0.0,0.5436394437379741,0.08582993442011624,True
realprize,Blended,7->14,2026-06-16,2026-07-20,35,30,0,73453,73453,0,1497261.81,1497261.81,0.13313703494348675,0.10073197952669714,1.3932102533936128,False,"[datetime.date(2026, 7, 5), datetime.date(2026, 6, 18), datetime.date(2026, 6, 29), datetime.date(2026, 6, 24), datetime.date(2026, 7, 18)]",winsor,0.0,0.8495908948579364,0.8495908948579364,0.0,0.0,0.0,0.0,-0.38457878959756453,-0.007147313802881107,0.38457878959756453,False,0.15,1e-06,1e-06,35,1.413996276121924,0.18769711954749813,1.1080993600558107,1.2129427892955635,1.28056347997388,1.3895299745989622,1.4807264477084776,1.670381412809087,1.7712665087495545,1.870661006077152,0.20016296773459752,0.0,0.0,0.6909958963671426,30,0.13594158651945104,1.152436699327145,1.2387311194635517,1.3047851064503189,1.388155764016882,1.4691465026032193,1.616031634708067,1.6422143596458263,1.6851414337545574,0.16436139615290046,0.0,0.0,0.4495933633846049,0.032405055416789605,False
realprize,Blended,14->30,2026-05-31,2026-07-04,35,31,0,72313,72313,0,1949601.2300000002,1949601.2300000002,0.1675823684015763,0.098605263800747,1.4624858513345147,False,"[datetime.date(2026, 6, 16), datetime.date(2026, 6, 4), datetime.date(2026, 6, 27), datetime.date(2026, 6, 1)]",winsor,0.0,0.8357833307980584,0.8357833307980584,0.0,0.0,0.0,0.0,-0.01754503608961238,-0.0005228535099766825,0.01754503608961238,False,0.15,1e-06,1e-06,35,1.5248435950853856,0.300971829269421,1.2214331359562054,1.2956356318689646,1.3603627533626717,1.4591094317196502,1.597929714493112,1.7698028697297534,1.9220049844207163,2.9356975057178154,0.2375669611304403,0.0,0.0,3.123832523301407,31,0.1418107917383548,1.2649718640123677,1.2967598355372945,1.3603627533626717,1.4060543662738554,1.5593517838269957,1.6559073637500459,1.7087168981813097,1.7895989471064755,0.19898903046432403,0.0,0.0,0.6036830594317982,0.06897710460082931,False
realprize,Blended,30->60,2026-05-01,2026-06-04,35,31,0,60401,60401,0,2630786.5599999996,2630786.5599999996,0.1928882310790579,0.08518026383865564,1.4080127555315487,False,"[datetime.date(2026, 5, 20), datetime.date(2026, 5, 12), datetime.date(2026, 5, 6), datetime.date(2026, 5, 21)]",winsor,0.0,0.8274862998956971,0.8274862998956971,0.0,0.0,0.0,0.0,-0.07939988446953125,-0.002061479769013242,0.07939988446953125,False,0.15,1e-06,1e-06,35,1.4834436589709523,0.26221606298868555,1.2333018584156243,1.2766441814595937,1.3399881865547387,1.4116444703574245,1.530836231738495,1.8181779853320088,1.894084727678656,2.6035176128010855,0.1908480451837562,0.0,0.0,2.5864378777619335,31,0.12364504273496053,1.2333018584156243,1.2737216176475596,1.3296410951011737,1.3842287832603317,1.452354289748535,1.5459271320529155,1.636501233335903,1.7778719637255431,0.12271319464736141,0.0,0.0,1.2052071542852865,0.10770796724040226,False
realprize,Blended,60->90,2026-04-01,2026-05-05,35,32,0,55218,55218,0,3597502.92,3597502.92,0.1429633570252636,0.09438650481737293,1.274626823910364,False,"[datetime.date(2026, 4, 30), datetime.date(2026, 4, 28), datetime.date(2026, 5, 2)]",winsor,0.0,0.8070737802890362,0.8070737802890362,0.0,0.0,0.0,0.0,0.3395537718703982,0.006605302801157319,0.3395537718703982,False,0.15,1e-06,1e-06,35,1.3188827253985536,0.196464577294618,1.0889982391629944,1.1160286165624054,1.1933173738336573,1.2652178952140263,1.3882353586424836,1.52000981283173,1.6213977568170352,2.0877382707569057,0.19491798480882627,0.0,0.0,1.8809212401074096,32,0.12273133781645842,1.0889982391629944,1.1147043340073188,1.1633830852459128,1.2557280266044188,1.3711594131913754,1.4504202364626493,1.4616752026396918,1.5542179342096893,0.20777632794546252,0.0,0.0,0.29439773658323826,0.04857685220789068,False
realprize,Blended,90->120,2026-03-02,2026-04-05,35,34,0,57777,57777,0,3994131.2500000005,3994131.2500000005,0.11328920156692315,0.09075786872952177,1.1897657777590604,False,"[datetime.date(2026, 3, 21)]",winsor,0.0,0.8231649272201741,0.8231649272201741,0.0,0.0,0.0,0.0,-0.10673240720029573,-0.0015182936135045208,0.10673240720029573,False,0.15,1e-06,1e-06,35,1.2056764291311128,0.14366783481733666,1.048993819648107,1.082226877355177,1.090337955322937,1.1701331934018333,1.2648660414702266,1.373353514950139,1.438143320279826,1.7466385757808829,0.17452808614728954,0.0,0.0,1.7514648719370682,34,0.11129829188607956,1.048993819648107,1.0821938132409334,1.0894761843494303,1.1582038129813492,1.259509614834801,1.3605249697157276,1.3962624600883091,1.4548624342009722,0.17003343048537078,0.0,0.0,0.8000759818873405,0.022531332837401385,False
realprize,Blended,120->150,2026-01-31,2026-03-06,35,35,0,55176,55176,0,4123491.42,4123491.42,0.04143681744439273,0.04143681744439273,1.1056862949955581,False,[],winsor,0.0,0.8096092503987241,0.8096092503987241,0.0,0.0,0.0,0.0,-0.07313775969531822,-0.0003382718875605778,0.07313775969531822,False,0.15,1e-06,1e-06,35,1.1056862949955581,0.046711556563106445,1.0359089912016253,1.053511132956246,1.0650171029181639,1.1047980262596815,1.1285587496910174,1.1705293246718245,1.187660484225699,1.2292750217503516,0.06354164677285357,0.0,0.0,0.8126324721944763,35,0.046711556563106445,1.0359089912016253,1.053511132956246,1.0650171029181639,1.1047980262596815,1.1285587496910174,1.1705293246718245,1.187660484225699,1.2292750217503516,0.06354164677285357,0.0,0.0,0.8126324721944763,0.0,False
realprize,Blended,150->180,2026-01-01,2026-02-04,35,35,0,65093,65093,0,5110836.710000001,5110836.710000001,0.05331036554978948,0.05331036554978948,1.1103667890576159,False,[],winsor,0.0,0.8533943742030633,0.8533943742030633,0.0,0.0,0.0,0.0,-0.018005109960697575,-0.00010750194414632135,0.018005109960697575,False,0.15,1e-06,1e-06,35,1.1103667890576159,0.06030046015182832,1.0278469558393384,1.0521357002118124,1.0672112437623835,1.1000295374853182,1.1191375489549436,1.2006043248156886,1.217880473798022,1.310791420831147,0.05192630519256003,0.0,0.0,1.3843626031155571,35,0.06030046015182832,1.0278469558393384,1.0521357002118124,1.0672112437623835,1.1000295374853182,1.1191375489549436,1.2006043248156886,1.217880473798022,1.310791420831147,0.05192630519256003,0.0,0.0,1.3843626031155571,0.0,False
realprize,Blended,180->270,2025-10-03,2025-11-06,35,31,0,78730,78730,0,6302363.640000001,6302363.640000001,0.13529288670876033,0.09745262054937799,1.2497599344331083,False,"[datetime.date(2025, 10, 25), datetime.date(2025, 10, 4), datetime.date(2025, 10, 26), datetime.date(2025, 10, 29)]",winsor,0.0,0.8716245395656039,0.8716245395656039,0.0,0.0,0.0,0.0,-0.18545215890466965,-0.0035896614020050365,0.18545215890466965,False,0.15,1e-06,1e-06,35,1.3058782796730852,0.19548870863147313,1.0782044119046696,1.1103160431871018,1.1901825435917073,1.242918438588675,1.4108761768922538,1.5247482318460277,1.6787398914858125,1.9214880301914563,0.22069363330054648,0.0,0.0,1.7106683578558148,31,0.10950769177497827,1.0782044119046696,1.108777972694073,1.1726558919930465,1.238364509557744,1.299406016026083,1.4312499248685366,1.4483483808718145,1.4692318289143513,0.12675012403303643,0.0,0.0,0.5499299651052558,0.03784026615938234,False
realprize,Blended,270->365,2025-06-30,2025-08-03,35,35,0,117022,117022,0,11588206.639999999,11588206.639999999,0.07436823767402698,0.07436823767402698,1.2117932293407436,False,[],winsor,0.0,0.878364751926988,0.878364751926988,0.0,0.0,0.0,0.0,0.06824815312212507,0.000608890281965882,0.06824815312212507,False,0.15,1e-06,1e-06,35,1.2117932293407436,0.09010486186917152,1.0811937774270688,1.1201886140816164,1.1430823255291709,1.189151787784631,1.2727603264620444,1.351628472195015,1.3647141565210157,1.4216081734156072,0.12967800093287352,0.0,0.0,0.5931785514869211,35,0.09010486186917152,1.0811937774270688,1.1201886140816164,1.1430823255291709,1.189151787784631,1.2727603264620444,1.351628472195015,1.3647141565210157,1.4216081734156072,0.12967800093287352,0.0,0.0,0.5931785514869211,0.0,False
lonestar,Web,1->7,2026-06-23,2026-07-27,35,30,0,19978,19978,0,357775.54000000004,357775.54000000004,0.43933974924434294,0.31600223030415125,2.6938302976523505,True,"[datetime.date(2026, 7, 10), datetime.date(2026, 6, 30), datetime.date(2026, 6, 26), datetime.date(2026, 7, 6), datetime.date(2026, 6, 28)]",winsor,0.0,0.853438782660927,0.853438782660927,0.0,0.0,0.0,0.0,-0.14136022172575896,-0.016609031724163996,0.14136022172575896,False,0.175,1e-06,1e-06,35,2.958551128643624,1.1866350793243026,1.3389991399873433,1.5789384861423237,2.2374419691000966,2.8075404499227865,3.339127746168635,4.383433163603936,4.787838957857866,7.177966101694916,1.1016857770685382,0.0,0.0,1.3051217132289923,30,0.7553542261309424,1.429114565731666,1.6016685718990429,2.1307250561769524,2.7761435418304536,3.167785223416999,3.542114154047983,3.929961523035615,4.18715362245727,1.0370601672400466,0.0,0.0,-0.10821526878231821,0.12333751894019168,True
lonestar,Web,7->14,2026-06-16,2026-07-20,35,30,0,21937,21937,0,529547.2999999999,529547.2999999999,0.2168657597642927,0.14239194875971686,1.3693539008177968,False,"[datetime.date(2026, 7, 14), datetime.date(2026, 7, 10), datetime.date(2026, 6, 30), datetime.date(2026, 7, 11), datetime.date(2026, 7, 15)]",winsor,0.0,0.8446004467338287,0.8446004467338287,0.0,0.0,0.0,0.0,0.18719107450376146,0.0056025617486455195,0.18719107450376146,False,0.175,1e-06,1e-06,35,1.4640758986092535,0.30227456195542624,1.0689503716907445,1.130632781864947,1.2229961349767327,1.4462071367388625,1.6280627484687198,1.9332508785060107,2.0381538095996246,2.2181880452027576,0.40506661349198714,0.0,0.0,0.7828432624077044,30,0.20488035401289156,1.0689503716907445,1.1248616048838995,1.200345830209661,1.3325527931333865,1.5286424517503532,1.6448700437860198,1.691999701259589,1.7986600547952338,0.32829662154069217,0.0,0.0,0.37585832134741054,0.07447381100457584,False
lonestar,Web,14->30,2026-05-31,2026-07-04,35,30,0,23374,23374,0,849097.14,849097.14,0.25892481553995583,0.15885231309208403,1.5051503480347563,False,"[datetime.date(2026, 6, 17), datetime.date(2026, 6, 16), datetime.date(2026, 6, 7), datetime.date(2026, 6, 19), datetime.date(2026, 6, 18)]",winsor,0.0,0.8327201163686146,0.8327201163686146,0.0,0.0,0.0,0.0,-0.14358632553433337,-0.005931047368365819,0.14358632553433337,False,0.175,1e-06,1e-06,35,1.6454183658350996,0.4171751172264437,1.1200790625504764,1.2970485772435791,1.3565803793173143,1.5102152968810845,1.7365977452676935,2.310640577580978,2.5533164376923385,2.687145672594165,0.38001736595037916,0.0,0.0,1.2223898521178018,30,0.24529233750650528,1.1200790625504764,1.2802722444604684,1.3294172762622314,1.4630298439153373,1.6161880994360474,1.759990567928897,2.0271035337150787,2.1586006446626604,0.28677082317381597,0.0,0.0,1.0793961729173696,0.1000725024478718,False
lonestar,Web,30->60,2026-05-01,2026-06-04,35,30,0,15967,15967,0,891970.59,891970.59,0.28935379418630225,0.16229178803987018,1.4355668182143195,False,"[datetime.date(2026, 5, 9), datetime.date(2026, 5, 15), datetime.date(2026, 5, 26), datetime.date(2026, 5, 12), datetime.date(2026, 5, 27)]",winsor,0.0,0.8309012337947016,0.8309012337947016,0.0,0.0,0.0,0.0,0.047838936410053025,0.0022959263594939526,0.047838936410053025,False,0.175,1e-06,1e-06,35,1.564630665451066,0.4847039116242392,1.0537278975074238,1.1785076387469295,1.2505635188245376,1.4174767099391994,1.649412870179514,2.0952886749897375,2.4301337935692935,3.3911641069824348,0.39884935135497646,0.0,0.0,2.1946294899098713,30,0.23257491204982733,1.1409700930804678,1.182689040223583,1.2498336693917025,1.3978542766868713,1.5484340204348566,1.743304265369952,1.9087351105983394,2.037448555259678,0.2986003510431541,0.0,0.0,0.9585206477995892,0.12706200614643207,False
lonestar,Web,60->90,2026-04-01,2026-05-05,35,30,0,16275,16275,0,781004.4800000001,781004.4800000001,0.22662427303008711,0.12487840143016593,1.2518370789238673,False,"[datetime.date(2026, 4, 19), datetime.date(2026, 4, 25), datetime.date(2026, 4, 18), datetime.date(2026, 4, 5), datetime.date(2026, 4, 15)]",winsor,0.0,0.8617511520737328,0.8617511520737328,0.0,0.0,0.0,0.0,0.1905103527568931,0.005530388964710099,0.1905103527568931,False,0.175,1e-06,1e-06,35,1.3144400637292644,0.29318191820852263,1.0264971525069602,1.0983039152127512,1.128082352164817,1.2365636151661412,1.3834766013002937,1.543993124552171,1.9333801862996058,2.398489739954645,0.2553942491354768,0.0,0.0,2.2150302496607743,30,0.14428315811509054,1.0866585056786278,1.1152808334955615,1.1304056298815548,1.2300562106704906,1.2851638040788949,1.5147521308526521,1.5343460016198873,1.5480334431696898,0.15475817419734006,0.0,0.0,0.963305628118536,0.10174587159992118,False
lonestar,Web,90->120,2026-03-02,2026-04-05,35,30,0,9219,9219,0,598791.0599999999,598791.0599999999,0.15386251694687297,0.10741588751336203,1.1254248964415807,False,"[datetime.date(2026, 3, 8), datetime.date(2026, 3, 28), datetime.date(2026, 3, 19), datetime.date(2026, 3, 11), datetime.date(2026, 3, 21)]",winsor,0.0,0.8334960407853347,0.8334960407853347,0.0,0.0,0.0,0.0,-0.12318016167624102,-0.0023641684587802254,0.12318016167624102,False,0.175,1e-06,1e-06,35,1.1653447440908653,0.1938374710647814,1.0009703633507716,1.0119366543194837,1.0356732665262638,1.0907394057593423,1.2403762743514477,1.3130367782945662,1.4814683071808843,1.936041492947491,0.2047030078251839,0.0,0.0,2.406499083229756,30,0.0985084506633946,1.0058289801055074,1.0195889470355977,1.0376966228226543,1.0832411497213468,1.2047645102754292,1.26672251528634,1.303077385589831,1.319372716369802,0.1670678874527749,0.0,0.0,0.6005778805916951,0.04644662943351094,False
lonestar,Web,120->150,2026-01-31,2026-03-06,35,34,0,6056,6056,0,423321.39,423321.39,0.1759456256251545,0.07929874985057309,1.0992549871667179,False,"[datetime.date(2026, 2, 18)]",winsor,0.0,0.810105680317041,0.810105680317041,0.0,0.0,0.0,0.0,-0.015053019481709475,-0.00016107518137308961,0.015053019481709475,False,0.175,1e-06,1e-06,35,1.1121560937862753,0.10806998502011607,1.0012742806313482,1.010527724937848,1.0338597849402569,1.0948097127007876,1.1446922186170825,1.225725881338886,1.2763273580553474,1.5507937188512317,0.1108324336768256,0.0,0.0,2.088075238348508,34,0.07872277891581207,1.0012742806313482,1.010392825919195,1.0307983575581057,1.0931496278246429,1.1407404065537055,1.2132658239082714,1.2466009674881524,1.2839926803404835,0.10994204899559978,0.0,0.0,0.761921531013767,0.09664687577458142,False
lonestar,Web,150->180,2026-01-01,2026-02-04,35,31,0,4223,4223,0,333188.89,333188.89,0.17790230460764678,0.07772289370998825,1.1190310593807722,False,"[datetime.date(2026, 1, 15), datetime.date(2026, 1, 2), datetime.date(2026, 1, 12), datetime.date(2026, 1, 28)]",winsor,0.0,0.7991948851527351,0.7991948851527351,0.0,0.0,0.0,0.0,-0.07710476081795765,-0.0016247813705223529,0.07710476081795765,False,0.175,1e-06,1e-06,35,1.1842583941324962,0.21282067801365168,1.00211267108043,1.0116959415054807,1.0409277658165952,1.1318062818370618,1.2337989019772762,1.4229168330492767,1.5970445981838712,1.9612223665331605,0.19287113616068097,0.0,0.0,2.225178121314788,31,0.09331780504853127,1.00211267108043,1.0104277364505845,1.0279579314605978,1.1011491089245167,1.181891212323269,1.2534979757449662,1.2669668339643567,1.328827455636492,0.15393328086267122,0.0,0.0,0.47324738103600766,0.10017941089765853,False
lonestar,Web,180->270,2025-10-03,2025-11-06,35,30,0,26859,26859,0,850169.1,850169.1,2.07056486194119,0.19407691938077176,1.405563081777242,True,"[datetime.date(2025, 10, 5), datetime.date(2025, 10, 4), datetime.date(2025, 11, 1), datetime.date(2025, 10, 21), datetime.date(2025, 10, 7)]",winsor,0.0,0.9088201347779143,0.9088201347779143,0.0,0.0,0.0,0.0,-0.28902208955985526,-0.14724052066689702,0.28902208955985526,False,0.175,1e-06,1e-06,35,2.367163287405107,5.145130491195601,1.0360170328411504,1.1312363406648578,1.1904930240484586,1.3067694518375257,1.521937812682352,1.87151722238846,3.1635506040317987,32.07280735494868,0.3314447886338934,0.0,0.0,5.74583741136438,30,0.2569258517008837,1.126340554750862,1.162622266525199,1.210641654098514,1.3083321606700957,1.5137048950982437,1.8364861452783308,1.8687773286233025,2.1980963601623107,0.3030632409997296,0.0,0.0,1.3724248085722557,1.8764879425604182,True
lonestar,Web,270->365,2025-06-30,2025-08-03,35,30,0,31294,31294,0,918402.8500000001,918402.8500000001,0.30614808026024526,0.09887739222398688,1.3031905225318645,False,"[datetime.date(2025, 6, 30), datetime.date(2025, 7, 17), datetime.date(2025, 7, 24), datetime.date(2025, 7, 30), datetime.date(2025, 7, 19)]",winsor,0.0,0.8732344858439317,0.8732344858439317,0.0,0.0,0.0,0.0,-0.0741702446686998,-0.0037738041831362748,0.0741702446686998,False,0.175,1e-06,1e-06,35,1.4673377494222133,0.5138658252717891,1.0561705695963268,1.1422092874883616,1.2279528319546529,1.316371052164014,1.3790165195117474,2.0553362170541707,2.7060267065955284,3.21999754469851,0.15106368755709454,0.0,0.0,2.531962436971727,30,0.1340319506797395,1.0871380516865639,1.1476632118443446,1.216924030344991,1.3066753996774856,1.3405974510516572,1.479737600295282,1.581638463054873,1.6582536637557976,0.12367342070666609,0.0,0.0,0.889710730096895,0.20727068803625837,False
lonestar,Affiliate,1->7,2026-06-23,2026-07-27,35,30,0,42640,42640,0,625568.8,397700.8486999997,0.1739558810817487,0.1354680291163792,1.7907689819285555,False,"[datetime.date(2026, 7, 20), datetime.date(2026, 7, 18), datetime.date(2026, 7, 11), datetime.date(2026, 7, 10), datetime.date(2026, 7, 26)]",winsor,0.01,0.8106707317073171,0.8106707317073171,0.0,0.0,0.0,0.0,0.38298228845665583,0.012444507767415692,0.38298228845665583,False,0.175,1e-06,1e-06,35,1.855691526381483,0.32817018290569655,1.3830345185701458,1.4914206199304025,1.5863421894982652,1.787587385966252,2.0802706865073373,2.2763056214485227,2.433845702463101,2.6053829313384895,0.49392849700907204,0.0,0.0,0.6042642877072664,30,0.25003792575070016,1.4567064670779926,1.4965445260304175,1.5826818559658942,1.73498009511372,2.0163476406075813,2.1346780835967536,2.197178000883973,2.2705322101672207,0.43366578464168715,0.0,0.0,0.3713559151257911,0.038487851965369496,False
lonestar,Affiliate,7->14,2026-06-16,2026-07-20,35,33,0,38057,38057,0,720168.2,463810.65739999997,0.1297429820245585,0.08955559645359912,1.2157854642297325,False,"[datetime.date(2026, 7, 15), datetime.date(2026, 7, 17)]",winsor,0.01,0.7985390335549307,0.7985390335549307,0.0,0.0,0.0,0.0,0.21575059562035923,0.002900560528645614,0.21575059562035923,False,0.175,1e-06,1e-06,35,1.2396923415688066,0.13577819008300937,1.0397979738151124,1.1225720020513772,1.1519561639050682,1.2217623402716213,1.2799273037306822,1.3683123150629994,1.5372547309764215,1.6690717293611443,0.12797113982561403,0.0,0.0,1.4861603171250883,33,0.09735100534528046,1.0397979738151124,1.119855387792357,1.1464106299692056,1.2052533520988944,1.275577642350849,1.3445372912719533,1.3677610902206108,1.5106896559809186,0.1291670123816433,0.0,0.0,0.7503541874479649,0.04018738557095938,False
lonestar,Affiliate,14->30,2026-05-31,2026-07-04,35,32,0,35740,35740,0,1198653.45,673621.7700999996,0.13301079294497128,0.09974901246771253,1.2704820965668007,False,"[datetime.date(2026, 6, 7), datetime.date(2026, 6, 30), datetime.date(2026, 6, 22)]",winsor,0.01,0.7964745383324007,0.7964745383324007,0.0,0.0,0.0,0.0,0.1762595818326889,0.002776315872345133,0.1762595818326889,False,0.175,1e-06,1e-06,35,1.3033018080040004,0.1590802359330873,1.0817457255787488,1.1497578225783789,1.198479078697133,1.2510547241841505,1.392187301358561,1.517861464358087,1.5638507600489868,1.8237649342618685,0.19370822266142795,0.0,0.0,1.1964291702575187,32,0.11723592002884424,1.0817457255787488,1.1403780028026487,1.1922919259921354,1.2391797305598358,1.3720123508437227,1.4493429961459823,1.4790375826022577,1.5319006547327545,0.17972042485158735,0.0,0.0,0.5570952902185786,0.03326178047725875,False
lonestar,Affiliate,30->60,2026-05-01,2026-06-04,35,33,0,26970,26970,0,1506245.94,959031.9242999995,0.15909764541437735,0.09407780423633957,1.208918187281879,False,"[datetime.date(2026, 5, 23), datetime.date(2026, 5, 28)]",winsor,0.01,0.8339636633296255,0.8339636633296255,0.0,0.0,0.0,0.0,0.12662529003080897,0.0021670649324160036,0.12662529003080897,False,0.175,1e-06,1e-06,35,1.2374671168876508,0.17284290509023434,1.0700833558293774,1.10124428700957,1.1104076456087155,1.1725389648095015,1.2854149103778778,1.4948821844618576,1.5412298462600293,1.8729848593369043,0.17500726476916229,0.0,0.0,1.8386735853635567,33,0.12562963817088751,1.0700833558293774,1.1009799538285414,1.1085925328528796,1.1664865012728163,1.2673430657147187,1.384446089379716,1.4895575208756453,1.5400151869019616,0.15875053286183904,0.0,0.0,1.245822419784818,0.06501984117803777,False
lonestar,Affiliate,60->90,2026-04-01,2026-05-05,35,35,0,35804,35804,0,3155034.4499999993,1729118.8421,0.08620762402472856,0.08620762402472856,1.1761684319354435,False,[],winsor,0.01,0.829739693888951,0.829739693888951,0.0,0.0,0.0,0.0,0.10337290901444306,0.0009048744313874527,0.10337290901444306,False,0.175,1e-06,1e-06,35,1.1761684319354435,0.08840598446520058,1.052979155878736,1.0780945122137833,1.1164205778788008,1.1538007917927449,1.2364004960830544,1.3062849391618252,1.3487936483314482,1.4016143426723067,0.11997991820425358,0.0,0.0,0.8700229772911977,35,0.08840598446520058,1.052979155878736,1.0780945122137833,1.1164205778788008,1.1538007917927449,1.2364004960830544,1.3062849391618252,1.3487936483314482,1.4016143426723067,0.11997991820425358,0.0,0.0,0.8700229772911977,0.0,False
lonestar,Affiliate,90->120,2026-03-02,2026-04-05,35,35,0,40830,40830,0,4678669.13,2812830.6377999964,0.06819225573552881,0.06819225573552881,1.1222233988831496,False,[],winsor,0.01,0.8159196669115846,0.8159196669115846,0.0,0.0,0.0,0.0,-0.35147673200018553,-0.002981624394481424,0.35147673200018553,False,0.175,1e-06,1e-06,35,1.1222233988831496,0.08567545886972372,1.0221009359486413,1.0461543537263653,1.0779849772548387,1.0951346598089329,1.1396986136695284,1.2034943154084512,1.2853611547350106,1.4661037083217794,0.06171363641468974,0.0,0.0,2.1970593278090362,35,0.08567545886972372,1.0221009359486413,1.0461543537263653,1.0779849772548387,1.0951346598089329,1.1396986136695284,1.2034943154084512,1.2853611547350106,1.4661037083217794,0.06171363641468974,0.0,0.0,2.1970593278090362,0.0,False
lonestar,Affiliate,120->150,2026-01-31,2026-03-06,35,35,0,51855,51855,0,6798414.579999999,3530667.184399999,0.06355536464563029,0.06355536464563029,1.1022856743372076,False,[],winsor,0.01,0.8034326487320412,0.8034326487320412,0.0,0.0,0.0,0.0,0.06982072885992135,0.0004437046216786127,0.06982072885992135,False,0.175,1e-06,1e-06,35,1.1022856743372076,0.0641814700441347,1.0195456596019619,1.0416811015978906,1.0557704777375525,1.0873634001836345,1.128606480773533,1.191520507590747,1.2158831800331262,1.2892470536270324,0.07283600303598048,0.0,0.0,1.2546129873714975,35,0.0641814700441347,1.0195456596019619,1.0416811015978906,1.0557704777375525,1.0873634001836345,1.128606480773533,1.191520507590747,1.2158831800331262,1.2892470536270324,0.07283600303598048,0.0,0.0,1.2546129873714975,0.0,False
lonestar,Affiliate,150->180,2026-01-01,2026-02-04,35,35,0,48112,48112,0,6640911.750000001,4083851.050799998,0.03199368448191608,0.03199368448191608,1.067943940693559,False,[],winsor,0.01,0.8254489524442966,0.8254489524442966,0.0,0.0,0.0,0.0,-0.23222843629731174,-0.000810363152646633,0.23222843629731174,False,0.175,1e-06,1e-06,35,1.067943940693559,0.035242310513377326,1.016233217149726,1.0278215764768566,1.0485966975011336,1.0594883654435685,1.084332414634483,1.1058096896637104,1.1124114623448549,1.2052934601679441,0.03573571713334944,0.0,0.0,1.6852826904408866,35,0.035242310513377326,1.016233217149726,1.0278215764768566,1.0485966975011336,1.0594883654435685,1.084332414634483,1.1058096896637104,1.1124114623448549,1.2052934601679441,0.03573571713334944,0.0,0.0,1.6852826904408866,0.0,False
lonestar,Affiliate,180->270,2025-10-03,2025-11-06,35,35,0,40021,40021,0,6047885.3100000005,3593667.903799998,0.08789223631764141,0.08789223631764141,1.2045382373903604,False,[],winsor,0.01,0.8298143474675795,0.8298143474675795,0.0,0.0,0.0,0.0,0.09511351664577887,0.0010948061565701388,0.09511351664577887,False,0.175,1e-06,1e-06,35,1.2045382373903604,0.11625056642314939,1.076607537962666,1.0928714796454708,1.1270747311661875,1.1947427379608875,1.24247001034085,1.3113120972699523,1.3866094522401404,1.6768541514189474,0.11539527917466241,0.0,0.0,2.1852457186109726,35,0.11625056642314939,1.076607537962666,1.0928714796454708,1.1270747311661875,1.1947427379608875,1.24247001034085,1.3113120972699523,1.3866094522401404,1.6768541514189474,0.11539527917466241,0.0,0.0,2.1852457186109726,0.0,False
lonestar,Affiliate,270->365,2025-06-30,2025-08-03,35,35,0,32563,32563,0,4086179.72,2737188.2369999993,0.09460817253807544,0.09460817253807544,1.1505058176587348,False,[],winsor,0.01,0.8368086478518564,0.8368086478518564,0.0,0.0,0.0,0.0,-0.030390448817335724,-0.0003567426424248144,0.030390448817335724,False,0.175,1e-06,1e-06,35,1.1505058176587348,0.11855448730536827,1.0246444021022987,1.0561624855081249,1.073373627013631,1.1099079990655816,1.188160420244422,1.29974698883437,1.3728439522820937,1.577766170654769,0.1147867932307911,0.0,0.0,2.0594464396506296,35,0.11855448730536827,1.0246444021022987,1.0561624855081249,1.073373627013631,1.1099079990655816,1.188160420244422,1.29974698883437,1.3728439522820937,1.577766170654769,0.1147867932307911,0.0,0.0,2.0594464396506296,0.0,False
lonestar,Blended,1->7,2026-06-23,2026-07-27,35,30,0,84031,84031,0,1594167.11,1594167.11,0.30809886445487106,0.23819673615015216,2.6376088724724016,True,"[datetime.date(2026, 7, 12), datetime.date(2026, 7, 19), datetime.date(2026, 7, 10), datetime.date(2026, 7, 11), datetime.date(2026, 7, 14)]",winsor,0.0,0.8356677892682463,0.8356677892682463,0.0,0.0,0.0,0.0,0.08798588174155796,0.007305050089429472,0.08798588174155796,False,0.175,1e-06,1e-06,35,2.886784079541404,0.8385139523806374,1.750324387930201,1.962069545172608,2.264001369102456,2.5912201712890854,3.4283194291308865,4.0667963358978145,4.3107493434703485,4.852270122948609,1.1643180600284304,0.0,0.0,0.7217098302896072,30,0.6011262871718346,1.750324387930201,1.919354792973182,2.1712478142941056,2.4601354382137774,3.1385754334670426,3.4858186373048867,3.675740175247849,3.8630136689587844,0.967327619172937,0.0,0.0,0.4396916434121452,0.0699021283047189,True
lonestar,Blended,7->14,2026-06-16,2026-07-20,35,33,0,81283,81283,0,2043930.84,2043930.84,0.11260993544249197,0.0993351845976135,1.3630419545526242,False,"[datetime.date(2026, 7, 11), datetime.date(2026, 6, 30)]",winsor,0.0,0.824268297183913,0.824268297183913,0.0,0.0,0.0,0.0,0.23008132167421816,0.003584881430333227,0.23008132167421816,False,0.175,1e-06,1e-06,35,1.3840232494716596,0.15735969980201914,1.1413483421687403,1.216359396258756,1.267730149993059,1.3183059437243871,1.4727144154456573,1.5972998569877999,1.6954545159547412,1.7468827255970052,0.20498426545259818,0.0,0.0,0.7421055317799825,33,0.1361697878614936,1.1413483421687403,1.2131113726299703,1.265857367129461,1.310452914729756,1.443781664690297,1.5745991115722724,1.59222427423569,1.6877008060748513,0.17792429756083594,0.0,0.0,0.6552082212744145,0.013274750844878475,False
lonestar,Blended,14->30,2026-05-31,2026-07-04,35,30,0,80116,80116,0,3204474.02,3204474.02,0.14887701753401625,0.10103162688231852,1.5283590570438355,False,"[datetime.date(2026, 6, 7), datetime.date(2026, 7, 2), datetime.date(2026, 7, 3), datetime.date(2026, 7, 1), datetime.date(2026, 6, 19)]",winsor,0.0,0.8154800539218133,0.8154800539218133,0.0,0.0,0.0,0.0,0.11121659631166712,0.00247861308904811,0.11121659631166712,False,0.175,1e-06,1e-06,35,1.57765524155738,0.2250812015807238,1.2361845941676248,1.3385860339287792,1.4085084449801577,1.5008172548534287,1.7359249611010006,1.8486283295502044,2.0222993844002803,2.1562905471451557,0.3274165161208429,0.0,0.0,0.8507785850988039,30,0.1537986638392765,1.2913437101374012,1.3536501514616288,1.4067747461586773,1.489036046397223,1.6792034399579165,1.749207138790914,1.7763659216387542,1.7986178976358893,0.2724286937992393,0.0,0.0,0.33925658646909124,0.047845390651697725,False
lonestar,Blended,30->60,2026-05-01,2026-06-04,35,30,0,68667,68667,0,4327153.830000001,4327153.830000001,0.22567748688774075,0.1301711544926913,1.555081134567886,False,"[datetime.date(2026, 5, 3), datetime.date(2026, 6, 1), datetime.date(2026, 5, 15), datetime.date(2026, 5, 29), datetime.date(2026, 5, 4)]",winsor,0.0,0.8335881864651142,0.8335881864651142,0.0,0.0,0.0,0.0,0.06935936984158735,0.002954378739024264,0.06935936984158735,False,0.175,1e-06,1e-06,35,1.6377857541469159,0.4301907980531419,1.1701908022916143,1.3014494885984185,1.3762371870121335,1.5326086676997375,1.7539554535035742,1.9419170707941522,2.353884832120782,3.456513093009093,0.3777182664914407,0.0,0.0,2.538015581503646,30,0.19980776895007743,1.1947578793799454,1.3146567768991493,1.3818286840506475,1.529517569542973,1.682948454466903,1.8382055383880023,1.8996386249796005,1.9444014170630477,0.3011197704162556,0.0,0.0,0.34526469937946846,0.09550633239504946,False
lonestar,Blended,60->90,2026-04-01,2026-05-05,35,33,0,76409,76409,0,5882688.49,5882688.49,0.1715233627297615,0.08623048732741309,1.2902245857726935,False,"[datetime.date(2026, 4, 19), datetime.date(2026, 5, 3)]",winsor,0.0,0.8355821958146291,0.8355821958146291,0.0,0.0,0.0,0.0,0.1878881717579115,0.0038538742054195223,0.1878881717579115,False,0.175,1e-06,1e-06,35,1.3316576170803962,0.20715631646880575,1.1036624836713003,1.1489073182990985,1.1965370552573191,1.2793648433048814,1.3811304224065104,1.5162885391465797,1.71041546314901,2.0798883622087283,0.18459336714919128,0.0,0.0,2.1149799173682045,33,0.1233676766339056,1.1036624836713003,1.1445244152898935,1.1956073668927312,1.2725525627309866,1.3601395721294784,1.472960759511553,1.5119851653814342,1.6074291308816244,0.16453220523674728,0.0,0.0,0.6455006736712101,0.08529287540234842,False
lonestar,Blended,90->120,2026-03-02,2026-04-05,35,35,0,75428,75428,0,8454775.91,8454775.91,0.08331271098312845,0.08331271098312845,1.2004021454759166,False,[],winsor,0.0,0.8195630269926287,0.8195630269926287,0.0,0.0,0.0,0.0,-0.24450837017882238,-0.0024484179913027405,0.24450837017882238,False,0.175,1e-06,1e-06,35,1.2004021454759166,0.10113277339535907,1.0463178348644708,1.0666872424495888,1.1365090267726625,1.1762967461092937,1.2684378389304554,1.3425289454216272,1.3818881176563031,1.446423944076617,0.13192881215779284,0.0,0.0,0.5777866585437256,35,0.10113277339535907,1.0463178348644708,1.0666872424495888,1.1365090267726625,1.1762967461092937,1.2684378389304554,1.3425289454216272,1.3818881176563031,1.446423944076617,0.13192881215779284,0.0,0.0,0.5777866585437256,0.0,False
lonestar,Blended,120->150,2026-01-31,2026-03-06,35,35,0,87681,87681,0,10724857.149999999,10724857.149999999,0.09531237424683645,0.09531237424683645,1.1787441622767765,False,[],winsor,0.0,0.8127644529601624,0.8127644529601624,0.0,0.0,0.0,0.0,0.22597655962247562,0.0025658233971634,0.22597655962247562,False,0.175,1e-06,1e-06,35,1.1787441622767765,0.114673602048711,1.0333361394761311,1.0834184529864777,1.1095876184558677,1.154804518789441,1.1904704518736233,1.3239031343385448,1.4490431588986055,1.5481803007854265,0.0808828334177556,0.0,0.0,1.8037694404210596,35,0.114673602048711,1.0333361394761311,1.0834184529864777,1.1095876184558677,1.154804518789441,1.1904704518736233,1.3239031343385448,1.4490431588986055,1.5481803007854265,0.0808828334177556,0.0,0.0,1.8037694404210596,0.0,False
lonestar,Blended,150->180,2026-01-01,2026-02-04,35,35,0,82719,82719,0,10827284.07,10827284.07,0.0522979636694582,0.0522979636694582,1.136676435875493,False,[],winsor,0.0,0.8258924793578258,0.8258924793578258,0.0,0.0,0.0,0.0,0.05036914247394411,0.0003101845680617025,0.05036914247394411,False,0.175,1e-06,1e-06,35,1.136676435875493,0.06219503495677984,1.0581264192299504,1.0763157012575861,1.0925925596619939,1.1290934731213227,1.1600557964484643,1.206324770662684,1.260608986051853,1.329225905906687,0.06746323678647048,0.0,0.0,1.5204920399544146,35,0.06219503495677984,1.0581264192299504,1.0763157012575861,1.0925925596619939,1.1290934731213227,1.1600557964484643,1.206324770662684,1.260608986051853,1.329225905906687,0.06746323678647048,0.0,0.0,1.5204920399544146,0.0,False
lonestar,Blended,180->270,2025-10-03,2025-11-06,35,34,0,128525,128525,0,15848114.85,15848114.85,0.10256525820592685,0.08495883798085781,1.3317989714420482,False,"[datetime.date(2025, 10, 5)]",winsor,0.0,0.8315814043960319,0.8315814043960319,0.0,0.0,0.0,0.0,-0.013882607455252379,-0.00019673427406321464,0.013882607455252379,False,0.175,1e-06,1e-06,35,1.345663271137551,0.14312288083589123,1.1433026480342523,1.2020540441539886,1.2487334066539968,1.3279911988359638,1.3892244978124815,1.5355417898021257,1.5952190329736178,1.8170494607846337,0.14049109115848468,0.0,0.0,1.2663862550655662,34,0.1198289450524692,1.1433026480342523,1.2010050416978224,1.2436996720031623,1.3271924925571281,1.3820989723503248,1.496084350156314,1.5638623025217557,1.6448653614931603,0.1383993003471624,0.0,0.0,0.7150198254899317,0.017606420225069044,False
lonestar,Blended,270->365,2025-06-30,2025-08-03,35,33,0,120042,120042,0,17557796.4,17557796.4,0.13546850064276209,0.09231100018802292,1.2685879561201168,False,"[datetime.date(2025, 8, 1), datetime.date(2025, 7, 24)]",winsor,0.0,0.7974958764432448,0.7974958764432448,0.0,0.0,0.0,0.0,0.2797997414037088,0.004349325967331724,0.2797997414037088,False,0.175,1e-06,1e-06,35,1.2952095567677284,0.15699099243396694,1.1175421720581546,1.159581363225639,1.1948962275998292,1.2531927617782788,1.3262706219943277,1.534023271370335,1.654924464256756,1.7643826268731158,0.1313743943944985,0.0,0.0,1.6319886633613667,33,0.11697528753729033,1.1175421720581546,1.156844781986438,1.194852078553398,1.2487422386229061,1.314905248493758,1.397453377388875,1.5136062785641924,1.633656674066708,0.12005316994035997,0.0,0.0,1.513113374553155,0.043157500454739164,False
