brand,population,slice,day,n_users,n_cost_dates,sum_cum,actual_arpu,actual_ratio,actual_arpu_dstar,d_star,shape_ok
realprize,Web,first_day,1,133,1,609.75,4.584586466165414,0.2793238507524222,16.41315789473684,39.0,True
realprize,Web,first_day,2,133,1,906.65,6.816917293233082,0.41533246295151055,16.41315789473684,39.0,True
realprize,Web,first_day,3,133,1,1061.6,7.981954887218045,0.48631439107629587,16.41315789473684,39.0,True
realprize,Web,first_day,4,133,1,1088.59,8.184887218045112,0.49867839391648916,16.41315789473684,39.0,True
realprize,Web,first_day,5,133,1,1272.52,9.56781954887218,0.5829359353168877,16.41315789473684,39.0,True
realprize,Web,first_day,6,133,1,1358.45,10.213909774436091,0.6223000984905748,16.41315789473684,39.0,True
realprize,Web,first_day,7,133,1,1487.39,11.183383458646617,0.6813669575574338,16.41315789473684,39.0,True
realprize,Web,first_day,8,133,1,1551.35,11.664285714285713,0.7106667582858058,16.41315789473684,39.0,True
realprize,Web,first_day,9,133,1,1611.32,12.115187969924811,0.7381387571863762,16.41315789473684,39.0,True
realprize,Web,first_day,10,133,1,1611.32,12.115187969924811,0.7381387571863762,16.41315789473684,39.0,True
realprize,Web,first_day,11,133,1,1751.16,13.166616541353385,0.8021988593417166,16.41315789473684,39.0,True
realprize,Web,first_day,12,133,1,1806.11,13.579774436090224,0.8273712178474083,16.41315789473684,39.0,True
realprize,Web,first_day,13,133,1,1816.1,13.654887218045111,0.8319475938523557,16.41315789473684,39.0,True
realprize,Web,first_day,14,133,1,1917.06,14.413984962406015,0.8781969353397926,16.41315789473684,39.0,True
realprize,Web,first_day,15,133,1,1947.04,14.6393984962406,0.8919306443115967,16.41315789473684,39.0,True
realprize,Web,first_day,16,133,1,2025.01,15.225639097744361,0.9276483657436039,16.41315789473684,39.0,True
realprize,Web,first_day,17,133,1,2025.01,15.225639097744361,0.9276483657436039,16.41315789473684,39.0,True
realprize,Web,first_day,18,133,1,2040.0,15.338345864661655,0.9345152202295061,16.41315789473684,39.0,True
realprize,Web,first_day,19,133,1,2040.0,15.338345864661655,0.9345152202295061,16.41315789473684,39.0,True
realprize,Web,first_day,20,133,1,2040.0,15.338345864661655,0.9345152202295061,16.41315789473684,39.0,True
realprize,Web,first_day,21,133,1,2040.0,15.338345864661655,0.9345152202295061,16.41315789473684,39.0,True
realprize,Web,first_day,22,133,1,2040.0,15.338345864661655,0.9345152202295061,16.41315789473684,39.0,True
realprize,Web,first_day,23,133,1,2040.0,15.338345864661655,0.9345152202295061,16.41315789473684,39.0,True
realprize,Web,first_day,24,133,1,2040.0,15.338345864661655,0.9345152202295061,16.41315789473684,39.0,True
realprize,Web,first_day,25,133,1,2040.0,15.338345864661655,0.9345152202295061,16.41315789473684,39.0,True
realprize,Web,first_day,26,133,1,2040.0,15.338345864661655,0.9345152202295061,16.41315789473684,39.0,True
realprize,Web,first_day,27,133,1,2040.0,15.338345864661655,0.9345152202295061,16.41315789473684,39.0,True
realprize,Web,first_day,28,133,1,2040.0,15.338345864661655,0.9345152202295061,16.41315789473684,39.0,True
realprize,Web,first_day,29,133,1,2049.99,15.41345864661654,0.9390915962344534,16.41315789473684,39.0,True
realprize,Web,first_day,30,133,1,2049.99,15.41345864661654,0.9390915962344534,16.41315789473684,39.0,True
realprize,Web,first_day,31,133,1,2049.99,15.41345864661654,0.9390915962344534,16.41315789473684,39.0,True
realprize,Web,first_day,32,133,1,2049.99,15.41345864661654,0.9390915962344534,16.41315789473684,39.0,True
realprize,Web,first_day,33,133,1,2049.99,15.41345864661654,0.9390915962344534,16.41315789473684,39.0,True
realprize,Web,first_day,34,133,1,2094.97,15.751654135338345,0.9596967406491216,16.41315789473684,39.0,True
realprize,Web,first_day,35,133,1,2094.97,15.751654135338345,0.9596967406491216,16.41315789473684,39.0,True
realprize,Web,first_day,36,133,1,2182.95,16.41315789473684,1.0,16.41315789473684,39.0,True
realprize,Web,first_day,37,133,1,2182.95,16.41315789473684,1.0,16.41315789473684,39.0,True
realprize,Web,first_day,38,133,1,2182.95,16.41315789473684,1.0,16.41315789473684,39.0,True
realprize,Web,first_day,39,133,1,2182.95,16.41315789473684,1.0,16.41315789473684,39.0,True
realprize,Web,first_5_days,1,687,5,5822.6,8.475400291120815,0.40653630731033635,20.84783114992722,35.0,True
realprize,Web,first_5_days,2,687,5,7139.09,10.391688500727803,0.49845417616806054,20.84783114992722,35.0,True
realprize,Web,first_5_days,3,687,5,7582.9400000000005,11.037758369723436,0.5294439642351942,20.84783114992722,35.0,True
realprize,Web,first_5_days,4,687,5,7976.81,11.611077147016012,0.5569441283131529,20.84783114992722,35.0,True
realprize,Web,first_5_days,5,687,5,8682.57,12.638384279475982,0.6062205794256015,20.84783114992722,35.0,True
realprize,Web,first_5_days,6,687,5,9048.47,13.17098981077147,0.6317678666932915,20.84783114992722,35.0,True
realprize,Web,first_5_days,7,687,5,9372.28,13.642328966521108,0.6543764129905059,20.84783114992722,35.0,True
realprize,Web,first_5_days,8,687,5,9498.19,13.825604075691412,0.6631675005550722,20.84783114992722,35.0,True
realprize,Web,first_5_days,9,687,5,9575.14,13.937612809315866,0.6685401809465692,20.84783114992722,35.0,True
realprize,Web,first_5_days,10,687,5,9811.07,14.28103347889374,0.6850129097934292,20.84783114992722,35.0,True
realprize,Web,first_5_days,11,687,5,10005.869999999999,14.564585152838426,0.6986139252614424,20.84783114992722,35.0,True
realprize,Web,first_5_days,12,687,5,10105.79,14.710029112081514,0.7055903804234748,20.84783114992722,35.0,True
realprize,Web,first_5_days,13,687,5,10250.69,14.9209461426492,0.7157073575349486,20.84783114992722,35.0,True
realprize,Web,first_5_days,14,687,5,10418.61,15.165371179039303,0.7274316004373551,20.84783114992722,35.0,True
realprize,Web,first_5_days,15,687,5,10478.57,15.252649199417759,0.7316180320978379,20.84783114992722,35.0,True
realprize,Web,first_5_days,16,687,5,10606.53,15.438908296943232,0.7405522514986951,20.84783114992722,35.0,True
realprize,Web,first_5_days,17,687,5,10606.53,15.438908296943232,0.7405522514986951,20.84783114992722,35.0,True
realprize,Web,first_5_days,18,687,5,10731.460000000001,15.620756914119362,0.7492749150634738,20.84783114992722,35.0,True
realprize,Web,first_5_days,19,687,5,10851.429999999998,15.795385735080057,0.7576512694048368,20.84783114992722,35.0,True
realprize,Web,first_5_days,20,687,5,10954.39,15.945254730713245,0.7648399786070269,20.84783114992722,35.0,True
realprize,Web,first_5_days,21,687,5,10991.36,15.999068413391559,0.7674212390888158,20.84783114992722,35.0,True
realprize,Web,first_5_days,22,687,5,11056.31,16.093609898107715,0.7719560745849526,20.84783114992722,35.0,True
realprize,Web,first_5_days,23,687,5,11111.26,16.173595342066957,0.7757927060016225,20.84783114992722,35.0,True
realprize,Web,first_5_days,24,687,5,11186.22,16.282707423580785,0.7810264437813057,20.84783114992722,35.0,True
realprize,Web,first_5_days,25,687,5,11286.18,16.4282096069869,0.7880056917596558,20.84783114992722,35.0,True
realprize,Web,first_5_days,26,687,5,11543.099999999999,16.802183406113535,0.8059439509693166,20.84783114992722,35.0,True
realprize,Web,first_5_days,27,687,5,11792.02,17.164512372634643,0.8233236469154042,20.84783114992722,35.0,True
realprize,Web,first_5_days,28,687,5,11861.98,17.266346433770014,0.8282082826553538,20.84783114992722,35.0,True
realprize,Web,first_5_days,29,687,5,11918.94,17.349257641921398,0.8321852530919968,20.84783114992722,35.0,True
realprize,Web,first_5_days,30,687,5,12038.92,17.523901018922853,0.8405623056374394,20.84783114992722,35.0,True
realprize,Web,first_5_days,31,687,5,13051.800000000001,18.99825327510917,0.9112820004384722,20.84783114992722,35.0,True
realprize,Web,first_5_days,32,687,5,13571.720000000001,19.75505094614265,0.9475830269381098,20.84783114992722,35.0,True
realprize,Web,first_5_days,33,687,5,14094.640000000001,20.516215429403204,0.9840935146615875,20.84783114992722,35.0,True
realprize,Web,first_5_days,34,687,5,14239.550000000001,20.727147016011646,0.9942111899771409,20.84783114992722,35.0,True
realprize,Web,first_5_days,35,687,5,14322.46,20.84783114992722,1.0,20.84783114992722,35.0,True
realprize,Web,overall_level,1,7013,39,48485.240000000005,6.913623271068017,,,,False
realprize,Web,overall_level,2,6835,38,64702.08,9.466288222384785,,,,False
realprize,Web,overall_level,3,6664,37,71792.52,10.773187274909965,,,,False
realprize,Web,overall_level,4,6498,36,77264.26,11.89046783625731,,,,False
realprize,Web,overall_level,5,6321,35,83634.04999999999,13.231142224331592,,,,False
realprize,Web,overall_level,6,6127,34,91312.09999999999,14.9032315978456,,,,False
realprize,Web,overall_level,7,5917,33,95408.94,16.124546222748016,,,,False
realprize,Web,overall_level,8,5738,32,99731.01999999999,17.380798187521783,,,,False
realprize,Web,overall_level,9,5588,31,101783.45000000001,18.214647458840375,,,,False
realprize,Web,overall_level,10,5402,30,103558.97,19.170486856719734,,,,False
realprize,Web,overall_level,11,5209,29,103317.74999999999,19.83446918794394,,,,False
realprize,Web,overall_level,12,5013,28,102845.60999999999,20.51578096947935,,,,False
realprize,Web,overall_level,13,4817,27,101813.54,21.136296450072656,,,,False
realprize,Web,overall_level,14,4603,26,102526.21,22.27378014338475,,,,False
realprize,Web,overall_level,15,4415,25,100708.64,22.810563986409967,,,,False
realprize,Web,overall_level,16,4222,24,93286.29,22.09528422548555,,,,False
realprize,Web,overall_level,17,3998,23,91566.34999999999,22.90303901950975,,,,False
realprize,Web,overall_level,18,3778,22,90578.69,23.975301746956063,,,,False
realprize,Web,overall_level,19,3574,21,85891.05000000002,24.032190822607728,,,,False
realprize,Web,overall_level,20,3381,20,80733.58,23.878609878734103,,,,False
realprize,Web,overall_level,21,3205,19,79645.78,24.850477379095164,,,,False
realprize,Web,overall_level,22,3014,18,78144.19,25.927070338420705,,,,False
realprize,Web,overall_level,23,2820,17,76762.09,27.22059929078014,,,,False
realprize,Web,overall_level,24,2599,16,66531.73,25.598972681800692,,,,False
realprize,Web,overall_level,25,2392,15,66022.35,27.60131688963211,,,,False
realprize,Web,overall_level,26,2212,14,57832.65999999999,26.144963833634716,,,,False
realprize,Web,overall_level,27,2043,13,53351.979999999996,26.11452765540871,,,,False
realprize,Web,overall_level,28,1851,12,51022.87000000001,27.56502971366829,,,,False
realprize,Web,overall_level,29,1691,11,49709.81,29.39669426374926,,,,False
realprize,Web,overall_level,30,1505,10,45155.24,30.003481727574748,,,,False
realprize,Web,overall_level,31,1330,9,45580.64,34.271157894736845,,,,False
realprize,Web,overall_level,32,1163,8,46038.119999999995,39.58565778159931,,,,False
realprize,Web,overall_level,33,992,7,37972.46,38.278689516129035,,,,False
realprize,Web,overall_level,34,823,6,18028.38,21.9056865127582,,,,False
realprize,Web,overall_level,35,687,5,14322.46,20.84783114992722,,,,False
realprize,Web,overall_level,36,521,4,10846.3,20.818234165067178,,,,False
realprize,Web,overall_level,37,372,3,6138.34,16.500913978494623,,,,False
realprize,Web,overall_level,38,243,2,5024.92,20.678683127572018,,,,False
realprize,Web,overall_level,39,133,1,2182.95,16.41315789473684,,,,False
realprize,App,first_day,1,764,1,13378.27,17.510824607329845,0.21081378181860017,83.06299738219894,39.0,True
realprize,App,first_day,2,764,1,25674.59,33.60548429319372,0.4045782761554381,83.06299738219894,39.0,True
realprize,App,first_day,3,764,1,32410.35,42.42192408376963,0.5107198803406171,83.06299738219894,39.0,True
realprize,App,first_day,4,764,1,33842.89,44.296976439790576,0.5332937389192238,83.06299738219894,39.0,True
realprize,App,first_day,5,764,1,40807.68,53.41319371727749,0.6430443807789238,83.06299738219894,39.0,True
realprize,App,first_day,6,764,1,41374.469999999994,54.15506544502617,0.6519758153662779,83.06299738219894,39.0,True
realprize,App,first_day,7,764,1,43703.01,57.20289267015707,0.6886687751821499,83.06299738219894,39.0,True
realprize,App,first_day,8,764,1,44315.81,58.00498691099476,0.6983252319212079,83.06299738219894,39.0,True
realprize,App,first_day,9,764,1,45559.37,59.6326832460733,0.7179211577410889,83.06299738219894,39.0,True
realprize,App,first_day,10,764,1,46790.130000000005,61.24362565445027,0.7373153821147233,83.06299738219894,39.0,True
realprize,App,first_day,11,764,1,47824.96000000001,62.59811518324608,0.75362215614749,83.06299738219894,39.0,True
realprize,App,first_day,12,764,1,49657.630000000005,64.99689790575917,0.7825012334516177,83.06299738219894,39.0,True
realprize,App,first_day,13,764,1,50289.48,65.82392670157068,0.7924578786712225,83.06299738219894,39.0,True
realprize,App,first_day,14,764,1,50943.27,66.6796727748691,0.8027602527760344,83.06299738219894,39.0,True
realprize,App,first_day,15,764,1,52414.95,68.6059554973822,0.8259508765582423,83.06299738219894,39.0,True
realprize,App,first_day,16,764,1,53251.77,69.70126963350785,0.8391374237651262,83.06299738219894,39.0,True
realprize,App,first_day,17,764,1,53446.67,69.95637434554973,0.8422086434427412,83.06299738219894,39.0,True
realprize,App,first_day,18,764,1,53491.64,70.01523560209424,0.8429172773519374,83.06299738219894,39.0,True
realprize,App,first_day,19,764,1,53924.52,70.58183246073298,0.8497385681371911,83.06299738219894,39.0,True
realprize,App,first_day,20,764,1,54517.369999999995,71.35781413612565,0.8590806542627631,83.06299738219894,39.0,True
realprize,App,first_day,21,764,1,55297.14,72.37845549738219,0.8713682118205557,83.06299738219894,39.0,True
realprize,App,first_day,22,764,1,56044.01,73.35603403141361,0.8831373336297925,83.06299738219894,39.0,True
realprize,App,first_day,23,764,1,56737.83,74.26417539267015,0.8940704974918898,83.06299738219894,39.0,True
realprize,App,first_day,24,764,1,56952.700000000004,74.54541884816754,0.8974564029415005,83.06299738219894,39.0,True
realprize,App,first_day,25,764,1,57096.590000000004,74.73375654450263,0.8997238108399717,83.06299738219894,39.0,True
realprize,App,first_day,26,764,1,57800.31,75.6548560209424,0.9108129781644003,83.06299738219894,39.0,True
realprize,App,first_day,27,764,1,58242.19,76.2332329842932,0.9177760902790462,83.06299738219894,39.0,True
realprize,App,first_day,28,764,1,58339.15,76.3601439790576,0.9193039787343645,83.06299738219894,39.0,True
realprize,App,first_day,29,764,1,58554.97,76.64263089005236,0.9227048542131888,83.06299738219894,39.0,True
realprize,App,first_day,30,764,1,58661.94,76.7826439790576,0.9243904795026422,83.06299738219894,39.0,True
realprize,App,first_day,31,764,1,58788.86,76.94876963350785,0.9263904754055815,83.06299738219894,39.0,True
realprize,App,first_day,32,764,1,58923.8,77.12539267015707,0.9285168498709349,83.06299738219894,39.0,True
realprize,App,first_day,33,764,1,59026.759999999995,77.26015706806282,0.9301392858791813,83.06299738219894,39.0,True
realprize,App,first_day,34,764,1,59429.69,77.78755235602094,0.9364886267960687,83.06299738219894,39.0,True
realprize,App,first_day,35,764,1,61074.56,79.94052356020943,0.9624083656935466,83.06299738219894,39.0,True
realprize,App,first_day,36,764,1,61483.49,80.4757722513089,0.9688522541633622,83.06299738219894,39.0,True
realprize,App,first_day,37,764,1,62262.35,81.495222513089,0.9811254720089607,83.06299738219894,39.0,True
realprize,App,first_day,38,764,1,63460.13,83.06299738219894,1.0,83.06299738219894,39.0,True
realprize,App,first_day,39,764,1,63460.13,83.06299738219894,1.0,83.06299738219894,39.0,True
realprize,App,first_5_days,1,4374,5,26714.870000000003,6.107652034750801,0.17077262347147695,35.76481938728852,35.0,True
realprize,App,first_5_days,2,4374,5,43713.8,9.994010059442159,0.27943689443023484,35.76481938728852,35.0,True
realprize,App,first_5_days,3,4374,5,52863.66,12.085884773662553,0.337926626800137,35.76481938728852,35.0,True
realprize,App,first_5_days,4,4374,5,60324.100000000006,13.79151806127115,0.385616879870863,35.76481938728852,35.0,True
realprize,App,first_5_days,5,4374,5,69731.13,15.94218792866941,0.4457505504511386,35.76481938728852,35.0,True
realprize,App,first_5_days,6,4374,5,72764.34,16.635651577503427,0.4651400975176194,35.76481938728852,35.0,True
realprize,App,first_5_days,7,4374,5,79335.18,18.1379012345679,0.5071436552819402,35.76481938728852,35.0,True
realprize,App,first_5_days,8,4374,5,82660.26999999999,18.8980955647005,0.5283990213974696,35.76481938728852,35.0,True
realprize,App,first_5_days,9,4374,5,85800.13,19.615941929583904,0.548470319874054,35.76481938728852,35.0,True
realprize,App,first_5_days,10,4374,5,90750.2,20.747645176040237,0.5801132378544692,35.76481938728852,35.0,True
realprize,App,first_5_days,11,4374,5,94349.40000000001,21.57050754458162,0.6031208297461214,35.76481938728852,35.0,True
realprize,App,first_5_days,12,4374,5,98036.43,22.41344993141289,0.6266898677357517,35.76481938728852,35.0,True
realprize,App,first_5_days,13,4374,5,101583.64,23.22442615454961,0.6493651178007628,35.76481938728852,35.0,True
realprize,App,first_5_days,14,4374,5,103328.91,23.62343621399177,0.6605216136611605,35.76481938728852,35.0,True
realprize,App,first_5_days,15,4374,5,105938.12999999998,24.219965706447184,0.6772008392989511,35.76481938728852,35.0,True
realprize,App,first_5_days,16,4374,5,108588.44,24.82588934613626,0.6941427294040758,35.76481938728852,35.0,True
realprize,App,first_5_days,17,4374,5,110034.84000000001,25.156570644718794,0.7033887232116124,35.76481938728852,35.0,True
realprize,App,first_5_days,18,4374,5,115572.26,26.422556012802925,0.738786228071768,35.76481938728852,35.0,True
realprize,App,first_5_days,19,4374,5,119027.40999999999,27.212485139460444,0.7608729921094546,35.76481938728852,35.0,True
realprize,App,first_5_days,20,4374,5,122259.68,27.951458619112937,0.7815350139597631,35.76481938728852,35.0,True
realprize,App,first_5_days,21,4374,5,125552.97,28.704382716049384,0.8025871011738271,35.76481938728852,35.0,True
realprize,App,first_5_days,22,4374,5,128363.46999999997,29.346929583904885,0.820552992764038,35.76481938728852,35.0,True
realprize,App,first_5_days,23,4374,5,131384.85,30.037688614540468,0.8398669175222068,35.76481938728852,35.0,True
realprize,App,first_5_days,24,4374,5,133477.30000000002,30.516072245084594,0.8532427331628178,35.76481938728852,35.0,True
realprize,App,first_5_days,25,4374,5,134851.74000000002,30.83030178326475,0.8620287285505603,35.76481938728852,35.0,True
realprize,App,first_5_days,26,4374,5,136562.97999999998,31.221531778692267,0.8729676904167166,35.76481938728852,35.0,True
realprize,App,first_5_days,27,4374,5,140162.49000000002,32.04446502057613,0.8959772639580372,35.76481938728852,35.0,True
realprize,App,first_5_days,28,4374,5,140906.24,32.21450388660265,0.9007316250575638,35.76481938728852,35.0,True
realprize,App,first_5_days,29,4374,5,142486.75,32.57584590763603,0.9108349060813121,35.76481938728852,35.0,True
realprize,App,first_5_days,30,4374,5,144889.31,33.125128029263834,0.9261930745563088,35.76481938728852,35.0,True
realprize,App,first_5_days,31,4374,5,146580.95,33.51187700045725,0.9370067450240778,35.76481938728852,35.0,True
realprize,App,first_5_days,32,4374,5,148013.49,33.83938957475994,0.9461641399141831,35.76481938728852,35.0,True
realprize,App,first_5_days,33,4374,5,151621.13,34.66418152720622,0.9692256838161613,35.76481938728852,35.0,True
realprize,App,first_5_days,34,4374,5,152610.81,34.890445816186556,0.9755521323445371,35.76481938728852,35.0,True
realprize,App,first_5_days,35,4374,5,156435.31999999998,35.76481938728852,1.0,35.76481938728852,35.0,True
realprize,App,overall_level,1,33174,39,195402.21,5.89022155905227,,,,False
realprize,App,overall_level,2,32392,38,296934.30999999994,9.166902630279079,,,,False
realprize,App,overall_level,3,31623,37,344710.10000000003,10.900613477532177,,,,False
realprize,App,overall_level,4,30887,36,383439.94999999995,12.414282707935376,,,,False
realprize,App,overall_level,5,30131,35,421914.8900000001,14.002684610534004,,,,False
realprize,App,overall_level,6,29458,34,441408.5900000001,14.984336682734744,,,,False
realprize,App,overall_level,7,28739,33,465540.31000000006,16.198904276418805,,,,False
realprize,App,overall_level,8,27960,32,468764.31000000006,16.765533261802577,,,,False
realprize,App,overall_level,9,27118,31,479914.01,17.697249428423927,,,,False
realprize,App,overall_level,10,26312,30,495363.15,18.82651071754333,,,,False
realprize,App,overall_level,11,25504,29,503101.6400000001,19.726381744040154,,,,False
realprize,App,overall_level,12,24716,28,499995.8900000001,20.229644359928795,,,,False
realprize,App,overall_level,13,23918,27,478278.3600000001,19.99658667112635,,,,False
realprize,App,overall_level,14,23132,26,482977.53,20.879194622168427,,,,False
realprize,App,overall_level,15,22228,25,486719.1399999999,21.896668166276765,,,,False
realprize,App,overall_level,16,21278,24,493282.6,23.182752138358868,,,,False
realprize,App,overall_level,17,20256,23,460760.81,22.746880430489732,,,,False
realprize,App,overall_level,18,19290,22,422145.19999999995,21.884147226542247,,,,False
realprize,App,overall_level,19,18260,21,429641.12000000005,23.529086527929906,,,,False
realprize,App,overall_level,20,17291,20,413320.82,23.903812387947486,,,,False
realprize,App,overall_level,21,16411,19,404029.81,24.619450978002558,,,,False
realprize,App,overall_level,22,15587,18,384544.93000000005,24.67087508821454,,,,False
realprize,App,overall_level,23,14764,17,381361.91000000003,25.830527634787323,,,,False
realprize,App,overall_level,24,13865,16,334861.94999999995,24.15160115398485,,,,False
realprize,App,overall_level,25,12991,15,324673.24,24.992166884766377,,,,False
realprize,App,overall_level,26,12171,14,301289.05,24.754666830991702,,,,False
realprize,App,overall_level,27,11373,13,302759.88999999996,26.620934669832053,,,,False
realprize,App,overall_level,28,10598,12,279184.43,26.343124174372523,,,,False
realprize,App,overall_level,29,9819,11,266437.53,27.134894592117327,,,,False
realprize,App,overall_level,30,8983,10,258922.88,28.823653567850386,,,,False
realprize,App,overall_level,31,8069,9,243740.90000000002,30.207076465485194,,,,False
realprize,App,overall_level,32,7123,8,236652.03000000003,33.223645935701256,,,,False
realprize,App,overall_level,33,6238,7,182116.44,29.194684193651813,,,,False
realprize,App,overall_level,34,5295,6,166270.46,31.401408876298394,,,,False
realprize,App,overall_level,35,4374,5,156435.31999999998,35.76481938728852,,,,False
realprize,App,overall_level,36,3480,4,126372.35999999999,36.313896551724135,,,,False
realprize,App,overall_level,37,2548,3,102586.10999999999,40.261424646781784,,,,False
realprize,App,overall_level,38,1662,2,78860.73999999999,47.44930204572803,,,,False
realprize,App,overall_level,39,764,1,63460.13,83.06299738219894,,,,False
realprize,Affiliate,first_day,1,321,1,2922.3,9.10373831775701,0.07121795795062487,127.82925233644858,39.0,True
realprize,Affiliate,first_day,2,321,1,4219.2,13.14392523364486,0.10282407972667981,127.82925233644858,39.0,True
realprize,Affiliate,first_day,3,321,1,6906.07,21.51423676012461,0.16830448717245725,127.82925233644858,39.0,True
realprize,Affiliate,first_day,4,321,1,8231.0,25.641744548286603,0.2005937145028208,127.82925233644858,39.0,True
realprize,Affiliate,first_day,5,321,1,10502.94,32.71943925233645,0.25596206388048315,127.82925233644858,39.0,True
realprize,Affiliate,first_day,6,321,1,17237.81,53.70034267912773,0.42009431876975695,127.82925233644858,39.0,True
realprize,Affiliate,first_day,7,321,1,18984.77,59.14258566978193,0.4626686348295125,127.82925233644858,39.0,True
realprize,Affiliate,first_day,8,321,1,20269.71,63.145514018691586,0.49398328523812074,127.82925233644858,39.0,True
realprize,Affiliate,first_day,9,321,1,27829.610000000004,86.69660436137073,0.6782219466729252,127.82925233644858,39.0,True
realprize,Affiliate,first_day,10,321,1,32789.54,102.14809968847352,0.7990979984739185,127.82925233644858,39.0,True
realprize,Affiliate,first_day,11,321,1,33293.53,103.71816199376947,0.8113804946678531,127.82925233644858,39.0,True
realprize,Affiliate,first_day,12,321,1,33293.53,103.71816199376947,0.8113804946678531,127.82925233644858,39.0,True
realprize,Affiliate,first_day,13,321,1,36473.5,113.6246105919003,0.8888780033918885,127.82925233644858,39.0,True
realprize,Affiliate,first_day,14,321,1,36873.5,114.87071651090342,0.8986262096610087,127.82925233644858,39.0,True
realprize,Affiliate,first_day,15,321,1,36873.5,114.87071651090342,0.8986262096610087,127.82925233644858,39.0,True
realprize,Affiliate,first_day,16,321,1,40143.450000000004,125.05747663551404,0.9783165773852828,127.82925233644858,39.0,True
realprize,Affiliate,first_day,17,321,1,40493.44,126.14778816199377,0.9868460141656061,127.82925233644858,39.0,True
realprize,Affiliate,first_day,18,321,1,40643.43,126.61504672897196,0.9905013478113694,127.82925233644858,39.0,True
realprize,Affiliate,first_day,19,321,1,40673.41,126.70844236760125,0.99123197587124,127.82925233644858,39.0,True
realprize,Affiliate,first_day,20,321,1,40678.4,126.72398753894082,0.9913535847444473,127.82925233644858,39.0,True
realprize,Affiliate,first_day,21,321,1,40698.39,126.786261682243,0.9918407513527466,127.82925233644858,39.0,True
realprize,Affiliate,first_day,22,321,1,40728.38,126.87968847352025,0.9925716231177738,127.82925233644858,39.0,True
realprize,Affiliate,first_day,23,321,1,40768.369999999995,127.00426791277258,0.9935462000395291,127.82925233644858,39.0,True
realprize,Affiliate,first_day,24,321,1,40768.369999999995,127.00426791277258,0.9935462000395291,127.82925233644858,39.0,True
realprize,Affiliate,first_day,25,321,1,40798.329999999994,127.0976012461059,0.9942763406890861,127.82925233644858,39.0,True
realprize,Affiliate,first_day,26,321,1,40813.31,127.14426791277258,0.9946414110138647,127.82925233644858,39.0,True
realprize,Affiliate,first_day,27,321,1,40813.31,127.14426791277258,0.9946414110138647,127.82925233644858,39.0,True
realprize,Affiliate,first_day,28,321,1,40823.299999999996,127.17538940809968,0.994884872465436,127.82925233644858,39.0,True
realprize,Affiliate,first_day,29,321,1,40828.29,127.19093457943926,0.9950064813386434,127.82925233644858,39.0,True
realprize,Affiliate,first_day,30,321,1,40848.27,127.25317757009344,0.9954934042417858,127.82925233644858,39.0,True
realprize,Affiliate,first_day,31,321,1,40848.27,127.25317757009344,0.9954934042417858,127.82925233644858,39.0,True
realprize,Affiliate,first_day,32,321,1,40878.259999999995,127.3466043613707,0.9962242760068131,127.82925233644858,39.0,True
realprize,Affiliate,first_day,33,321,1,40883.25,127.36214953271028,0.9963458848800204,127.82925233644858,39.0,True
realprize,Affiliate,first_day,34,321,1,40883.25,127.36214953271028,0.9963458848800204,127.82925233644858,39.0,True
realprize,Affiliate,first_day,35,321,1,40893.24,127.39327102803738,0.9965893463315917,127.82925233644858,39.0,True
realprize,Affiliate,first_day,36,321,1,41023.2,127.79813084112149,0.9997565385484288,127.82925233644858,39.0,True
realprize,Affiliate,first_day,37,321,1,41023.2,127.79813084112149,0.9997565385484288,127.82925233644858,39.0,True
realprize,Affiliate,first_day,38,321,1,41033.189999999995,127.82925233644858,1.0,127.82925233644858,39.0,True
realprize,Affiliate,first_day,39,321,1,41033.189999999995,127.82925233644858,1.0,127.82925233644858,39.0,True
realprize,Affiliate,first_5_days,1,2554,5,17555.190000000002,6.87360610806578,0.14701236096365372,46.755293657008615,35.0,True
realprize,Affiliate,first_5_days,2,2554,5,27066.189999999995,10.597568519968675,0.22666029215239675,46.755293657008615,35.0,True
realprize,Affiliate,first_5_days,3,2554,5,31690.75,12.408281127642914,0.26538772740191985,46.755293657008615,35.0,True
realprize,Affiliate,first_5_days,4,2554,5,33715.369999999995,13.20100626468285,0.28234249498086555,46.755293657008615,35.0,True
realprize,Affiliate,first_5_days,5,2554,5,36659.100000000006,14.353602192639,0.30699416194314494,46.755293657008615,35.0,True
realprize,Affiliate,first_5_days,6,2554,5,46376.619999999995,18.158425998433827,0.3883715527837751,46.755293657008615,35.0,True
realprize,Affiliate,first_5_days,7,2554,5,48618.399999999994,19.036178543461237,0.4071448825262103,46.755293657008615,35.0,True
realprize,Affiliate,first_5_days,8,2554,5,50783.06,19.88373531714957,0.42527238654545374,46.755293657008615,35.0,True
realprize,Affiliate,first_5_days,9,2554,5,58627.840000000004,22.95530148786218,0.49096689791448206,46.755293657008615,35.0,True
realprize,Affiliate,first_5_days,10,2554,5,65182.659999999996,25.521793265465934,0.5458589021532158,46.755293657008615,35.0,True
realprize,Affiliate,first_5_days,11,2554,5,66397.45,25.997435395458105,0.5560319134379149,46.755293657008615,35.0,True
realprize,Affiliate,first_5_days,12,2554,5,66679.28,26.10778386844166,0.5583920413368659,46.755293657008615,35.0,True
realprize,Affiliate,first_5_days,13,2554,5,78993.87,30.929471417384494,0.6615180656179703,46.755293657008615,35.0,True
realprize,Affiliate,first_5_days,14,2554,5,80330.62,31.45286609240407,0.672712406067613,46.755293657008615,35.0,True
realprize,Affiliate,first_5_days,15,2554,5,82525.15000000001,32.312118245888804,0.6910900503144465,46.755293657008615,35.0,True
realprize,Affiliate,first_5_days,16,2554,5,87175.83000000002,34.13305794831637,0.7300362221807974,46.755293657008615,35.0,True
realprize,Affiliate,first_5_days,17,2554,5,88980.6,34.83970242756461,0.7451499007394672,46.755293657008615,35.0,True
realprize,Affiliate,first_5_days,18,2554,5,90055.34,35.260509005481595,0.7541500918409064,46.755293657008615,35.0,True
realprize,Affiliate,first_5_days,19,2554,5,90397.12,35.394330462020356,0.75701225879724,46.755293657008615,35.0,True
realprize,Affiliate,first_5_days,20,2554,5,96097.84,37.626405638214564,0.8047517766488109,46.755293657008615,35.0,True
realprize,Affiliate,first_5_days,21,2554,5,96897.62,37.939553641346905,0.8114493712662153,46.755293657008615,35.0,True
realprize,Affiliate,first_5_days,22,2554,5,97368.48,38.123915426781515,0.8153924923764594,46.755293657008615,35.0,True
realprize,Affiliate,first_5_days,23,2554,5,97643.4,38.23155833985904,0.8176947538886462,46.755293657008615,35.0,True
realprize,Affiliate,first_5_days,24,2554,5,98023.31,38.38030931871574,0.8208762327592083,46.755293657008615,35.0,True
realprize,Affiliate,first_5_days,25,2554,5,100338.03,39.286620986687545,0.8402603836667056,46.755293657008615,35.0,True
realprize,Affiliate,first_5_days,26,2554,5,100477.90999999999,39.341389976507436,0.8414317802196108,46.755293657008615,35.0,True
realprize,Affiliate,first_5_days,27,2554,5,102279.67,40.04685591229444,0.8565202521467089,46.755293657008615,35.0,True
realprize,Affiliate,first_5_days,28,2554,5,104723.4,41.00368050117463,0.8769847710073826,46.755293657008615,35.0,True
realprize,Affiliate,first_5_days,29,2554,5,105103.28999999998,41.15242364917775,0.8801660823920203,46.755293657008615,35.0,True
realprize,Affiliate,first_5_days,30,2554,5,107149.16999999998,41.9534729835552,0.8972988875082465,46.755293657008615,35.0,True
realprize,Affiliate,first_5_days,31,2554,5,112597.04,44.086546593578696,0.9429209645648354,46.755293657008615,35.0,True
realprize,Affiliate,first_5_days,32,2554,5,114571.38999999998,44.859588880187935,0.9594547562736457,46.755293657008615,35.0,True
realprize,Affiliate,first_5_days,33,2554,5,118073.20999999999,46.23070086139389,0.9887800342039754,46.755293657008615,35.0,True
realprize,Affiliate,first_5_days,34,2554,5,118818.1,46.522357086922476,0.9950179637027855,46.755293657008615,35.0,True
realprize,Affiliate,first_5_days,35,2554,5,119413.02,46.755293657008615,1.0,46.755293657008615,35.0,True
realprize,Affiliate,overall_level,1,16020,39,116712.02000000002,7.285394506866418,,,,False
realprize,Affiliate,overall_level,2,15677,38,162899.74000000002,10.391002104994579,,,,False
realprize,Affiliate,overall_level,3,15269,37,185586.82,12.15448424913223,,,,False
realprize,Affiliate,overall_level,4,14859,36,200399.38000000003,13.486733965946566,,,,False
realprize,Affiliate,overall_level,5,14474,35,207073.58999999997,14.306590438026804,,,,False
realprize,Affiliate,overall_level,6,14023,34,217777.31999999998,15.530009270484204,,,,False
realprize,Affiliate,overall_level,7,13541,33,223380.63999999998,16.496613248652242,,,,False
realprize,Affiliate,overall_level,8,13113,32,229018.75999999998,17.465016395942957,,,,False
realprize,Affiliate,overall_level,9,12731,31,239048.87,18.77691226140916,,,,False
realprize,Affiliate,overall_level,10,12351,30,245823.80999999997,19.9031503521982,,,,False
realprize,Affiliate,overall_level,11,12010,29,240861.99,20.055119900083263,,,,False
realprize,Affiliate,overall_level,12,11615,28,232951.98999999996,20.05613344812742,,,,False
realprize,Affiliate,overall_level,13,11210,27,237111.86999999997,21.151817127564673,,,,False
realprize,Affiliate,overall_level,14,10861,26,239971.31999999998,22.094772120430896,,,,False
realprize,Affiliate,overall_level,15,10528,25,241863.38,22.973345364741643,,,,False
realprize,Affiliate,overall_level,16,10185,24,242086.24,23.76889936180658,,,,False
realprize,Affiliate,overall_level,17,9827,23,240692.03000000003,24.492930701129545,,,,False
realprize,Affiliate,overall_level,18,9504,22,237557.18000000002,24.99549452861953,,,,False
realprize,Affiliate,overall_level,19,9151,21,232416.58000000002,25.397943394164574,,,,False
realprize,Affiliate,overall_level,20,8732,20,229962.28,26.33557947778287,,,,False
realprize,Affiliate,overall_level,21,8299,19,228157.44,27.492160501265214,,,,False
realprize,Affiliate,overall_level,22,7891,18,220855.45999999996,27.988272715752117,,,,False
realprize,Affiliate,overall_level,23,7466,17,214300.13999999998,28.70347441735869,,,,False
realprize,Affiliate,overall_level,24,6878,16,209820.47999999998,30.506030822913633,,,,False
realprize,Affiliate,overall_level,25,6390,15,206880.86999999997,32.375723004694834,,,,False
realprize,Affiliate,overall_level,26,6056,14,187706.94999999998,30.99520310435931,,,,False
realprize,Affiliate,overall_level,27,5681,13,177688.91,31.27775215631051,,,,False
realprize,Affiliate,overall_level,28,5280,12,165823.24000000002,31.40591666666667,,,,False
realprize,Affiliate,overall_level,29,4889,11,147805.25999999998,30.232206995295556,,,,False
realprize,Affiliate,overall_level,30,4552,10,146100.94999999998,32.095990773286466,,,,False
realprize,Affiliate,overall_level,31,4143,9,140814.95,33.988643495051896,,,,False
realprize,Affiliate,overall_level,32,3758,8,136409.59999999998,36.298456625864816,,,,False
realprize,Affiliate,overall_level,33,3391,7,128990.85999999999,38.039180182836915,,,,False
realprize,Affiliate,overall_level,34,3003,6,123569.36,41.148638028638025,,,,False
realprize,Affiliate,overall_level,35,2554,5,119413.02,46.755293657008615,,,,False
realprize,Affiliate,overall_level,36,1999,4,88232.15000000001,44.13814407203602,,,,False
realprize,Affiliate,overall_level,37,1055,3,69300.28,65.6874691943128,,,,False
realprize,Affiliate,overall_level,38,669,2,60565.549999999996,90.53146487294468,,,,False
realprize,Affiliate,overall_level,39,321,1,41033.189999999995,127.82925233644858,,,,False
realprize,Blended,first_day,1,1690,1,27928.43,16.52569822485207,0.20380707922418478,81.08500591715976,39.0,True
realprize,Blended,first_day,2,1690,1,51994.99,30.76626627218935,0.37943225044124196,81.08500591715976,39.0,True
realprize,Blended,first_day,3,1690,1,62354.369999999995,36.89607692307692,0.4550295890805222,81.08500591715976,39.0,True
realprize,Blended,first_day,4,1690,1,65187.79,38.572656804733725,0.4757064067324772,81.08500591715976,39.0,True
realprize,Blended,first_day,5,1690,1,75033.31999999999,44.39841420118343,0.5475539367480953,81.08500591715976,39.0,True
realprize,Blended,first_day,6,1690,1,83800.77,49.586254437869826,0.6115342026185392,81.08500591715976,39.0,True
realprize,Blended,first_day,7,1690,1,88505.17,52.36992307692307,0.6458644540326807,81.08500591715976,39.0,True
realprize,Blended,first_day,8,1690,1,90746.73000000001,53.69628994082841,0.6622221868699998,81.08500591715976,39.0,True
realprize,Blended,first_day,9,1690,1,99705.09,58.99709467455621,0.7275956140994847,81.08500591715976,39.0,True
realprize,Blended,first_day,10,1690,1,105905.77,62.666136094674556,0.7728449345949018,81.08500591715976,39.0,True
realprize,Blended,first_day,11,1690,1,107922.38,63.85939644970414,0.7875610999516469,81.08500591715976,39.0,True
realprize,Blended,first_day,12,1690,1,109856.95,65.0041124260355,0.8016785802845812,81.08500591715976,39.0,True
realprize,Blended,first_day,13,1690,1,114188.74,67.56730177514793,0.8332897187450149,81.08500591715976,39.0,True
realprize,Blended,first_day,14,1690,1,115353.48,68.25649704142012,0.8417893822583444,81.08500591715976,39.0,True
realprize,Blended,first_day,15,1690,1,117537.11,69.54858579881657,0.8577243722454762,81.08500591715976,39.0,True
realprize,Blended,first_day,16,1690,1,122036.79000000001,72.21111834319527,0.8905606841414,81.08500591715976,39.0,True
realprize,Blended,first_day,17,1690,1,123036.61,72.8027278106509,0.8978568477263178,81.08500591715976,39.0,True
realprize,Blended,first_day,18,1690,1,123275.52,72.94409467455621,0.8996002879876375,81.08500591715976,39.0,True
realprize,Blended,first_day,19,1690,1,123882.3,73.30313609467456,0.9040282511610651,81.08500591715976,39.0,True
realprize,Blended,first_day,20,1690,1,124603.09,73.72963905325443,0.9092881997021753,81.08500591715976,39.0,True
realprize,Blended,first_day,21,1690,1,125442.83,74.22652662721893,0.9154161831479944,81.08500591715976,39.0,True
realprize,Blended,first_day,22,1690,1,126249.67,74.70394674556213,0.9213040795962102,81.08500591715976,39.0,True
realprize,Blended,first_day,23,1690,1,127352.29,75.35638461538461,0.9293504238301743,81.08500591715976,39.0,True
realprize,Blended,first_day,24,1690,1,127622.12999999999,75.51605325443786,0.9313195750591496,81.08500591715976,39.0,True
realprize,Blended,first_day,25,1690,1,127865.94,75.66031952662722,0.9330987729584104,81.08500591715976,39.0,True
realprize,Blended,first_day,26,1690,1,128685.61,76.14533136094674,0.9390802960382142,81.08500591715976,39.0,True
realprize,Blended,first_day,27,1690,1,129181.46,76.43873372781066,0.9426987500735222,81.08500591715976,39.0,True
realprize,Blended,first_day,28,1690,1,129298.39000000001,76.50792307692309,0.9435520440744268,81.08500591715976,39.0,True
realprize,Blended,first_day,29,1690,1,129639.14,76.709550295858,0.9460386594067474,81.08500591715976,39.0,True
realprize,Blended,first_day,30,1690,1,129866.04000000001,76.84381065088758,0.947694456967726,81.08500591715976,39.0,True
realprize,Blended,first_day,31,1690,1,130128.91,76.9993550295858,0.9496127447810998,81.08500591715976,39.0,True
realprize,Blended,first_day,32,1690,1,130428.79000000001,77.17679881656805,0.9518011122230845,81.08500591715976,39.0,True
realprize,Blended,first_day,33,1690,1,130634.7,77.29863905325443,0.9533037357390877,81.08500591715976,39.0,True
realprize,Blended,first_day,34,1690,1,131122.56,77.58731360946746,0.9568638829321205,81.08500591715976,39.0,True
realprize,Blended,first_day,35,1690,1,132837.33,78.60197041420118,0.9693773777917045,81.08500591715976,39.0,True
realprize,Blended,first_day,36,1690,1,133620.13,79.06516568047337,0.9750898428896958,81.08500591715976,39.0,True
realprize,Blended,first_day,37,1690,1,134540.93,79.61001775147929,0.9818093598317377,81.08500591715976,39.0,True
realprize,Blended,first_day,38,1690,1,137033.66,81.08500591715976,1.0,81.08500591715976,39.0,True
realprize,Blended,first_day,39,1690,1,137033.66,81.08500591715976,1.0,81.08500591715976,39.0,True
realprize,Blended,first_5_days,1,10433,5,86045.70000000001,8.24745519026167,0.17536512313325658,47.030190740918236,35.0,True
realprize,Blended,first_5_days,2,10433,5,152748.99,14.640946036614588,0.31130951854457084,47.030190740918236,35.0,True
realprize,Blended,first_5_days,3,10433,5,183597.72,17.597787788747244,0.3741806595191295,47.030190740918236,35.0,True
realprize,Blended,first_5_days,4,10433,5,202451.38999999998,19.40490654653503,0.4126053124775433,47.030190740918236,35.0,True
realprize,Blended,first_5_days,5,10433,5,221631.72,21.243335569826513,0.4516957136502515,47.030190740918236,35.0,True
realprize,Blended,first_5_days,6,10433,5,239784.25,22.983250263586697,0.48869141080455597,47.030190740918236,35.0,True
realprize,Blended,first_5_days,7,10433,5,254276.84999999998,24.3723617367967,0.5182280010527732,47.030190740918236,35.0,True
realprize,Blended,first_5_days,8,10433,5,264464.68999999994,25.348863222467166,0.5389912909796598,47.030190740918236,35.0,True
realprize,Blended,first_5_days,9,10433,5,278976.41,26.739807342087605,0.5685668486737149,47.030190740918236,35.0,True
realprize,Blended,first_5_days,10,10433,5,291677.94,27.9572452794019,0.5944531552809104,47.030190740918236,35.0,True
realprize,Blended,first_5_days,11,10433,5,301274.99,28.877119716284863,0.6140123878162492,47.030190740918236,35.0,True
realprize,Blended,first_5_days,12,10433,5,307437.74,29.467817502156617,0.6265723578390334,47.030190740918236,35.0,True
realprize,Blended,first_5_days,13,10433,5,326059.83,31.25273938464488,0.6645250400282491,47.030190740918236,35.0,True
realprize,Blended,first_5_days,14,10433,5,334372.77,32.04953225342663,0.6814671968902348,47.030190740918236,35.0,True
realprize,Blended,first_5_days,15,10433,5,345865.07,33.15106584874916,0.7048890367332987,47.030190740918236,35.0,True
realprize,Blended,first_5_days,16,10433,5,359531.23,34.46096328956197,0.7327413039722054,47.030190740918236,35.0,True
realprize,Blended,first_5_days,17,10433,5,369570.31,35.42320617272117,0.753201414126979,47.030190740918236,35.0,True
realprize,Blended,first_5_days,18,10433,5,378973.96,36.32454327614301,0.7723664885020153,47.030190740918236,35.0,True
realprize,Blended,first_5_days,19,10433,5,386657.28,37.060987251988884,0.7880254506334433,47.030190740918236,35.0,True
realprize,Blended,first_5_days,20,10433,5,397653.68000000005,38.11498897728362,0.8104366233012529,47.030190740918236,35.0,True
realprize,Blended,first_5_days,21,10433,5,402619.4,38.59095178759705,0.8205569907251365,47.030190740918236,35.0,True
realprize,Blended,first_5_days,22,10433,5,408093.25999999995,39.115619668360004,0.8317129710113588,47.030190740918236,35.0,True
realprize,Blended,first_5_days,23,10433,5,413419.82,39.626168887184896,0.8425687470731108,47.030190740918236,35.0,True
realprize,Blended,first_5_days,24,10433,5,417296.82,39.99777820377648,0.8504702526961417,47.030190740918236,35.0,True
realprize,Blended,first_5_days,25,10433,5,423725.33,40.613949007955526,0.8635718539116978,47.030190740918236,35.0,True
realprize,Blended,first_5_days,26,10433,5,427876.93000000005,41.011878654270106,0.8720330070570617,47.030190740918236,35.0,True
realprize,Blended,first_5_days,27,10433,5,435245.69000000006,41.71817214607496,0.8870508813347934,47.030190740918236,35.0,True
realprize,Blended,first_5_days,28,10433,5,441138.65,42.28301063931755,0.899061006838094,47.030190740918236,35.0,True
realprize,Blended,first_5_days,29,10433,5,445404.62,42.69190261669702,0.9077552513422676,47.030190740918236,35.0,True
realprize,Blended,first_5_days,30,10433,5,450637.69,43.193490846352915,0.9184204904525886,47.030190740918236,35.0,True
realprize,Blended,first_5_days,31,10433,5,459867.84,44.07819802549602,0.9372319637892972,47.030190740918236,35.0,True
realprize,Blended,first_5_days,32,10433,5,468273.07999999996,44.88383782229464,0.9543622323275806,47.030190740918236,35.0,True
realprize,Blended,first_5_days,33,10433,5,480059.06,46.01352055976229,0.9783826056169617,47.030190740918236,35.0,True
realprize,Blended,first_5_days,34,10433,5,484694.97,46.45787117799291,0.9878308049806103,47.030190740918236,35.0,True
realprize,Blended,first_5_days,35,10433,5,490665.98,47.030190740918236,1.0,47.030190740918236,35.0,True
realprize,Blended,overall_level,1,77681,39,549454.12,7.073211209948378,,,,False
realprize,Blended,overall_level,2,75829,38,810613.7,10.690022286987828,,,,False
realprize,Blended,overall_level,3,73918,37,956188.9099999999,12.93580602830163,,,,False
realprize,Blended,overall_level,4,72159,36,1042792.6200000001,14.451317507171664,,,,False
realprize,Blended,overall_level,5,70315,35,1112984.32,15.828547536087607,,,,False
realprize,Blended,overall_level,6,68491,34,1168538.95,17.061204391817903,,,,False
realprize,Blended,overall_level,7,66525,33,1199166.04,18.025795415257424,,,,False
realprize,Blended,overall_level,8,64590,32,1220141.32,18.890560767920732,,,,False
realprize,Blended,overall_level,9,62599,31,1241045.5199999998,19.82532500519177,,,,False
realprize,Blended,overall_level,10,60742,30,1271773.91,20.937307135095978,,,,False
realprize,Blended,overall_level,11,58863,29,1271903.5400000003,21.607861305064308,,,,False
realprize,Blended,overall_level,12,56990,28,1264692.5699999998,22.191482189857865,,,,False
realprize,Blended,overall_level,13,55134,27,1244072.89,22.56453168643668,,,,False
realprize,Blended,overall_level,14,53299,26,1265521.12,23.743806075160887,,,,False
realprize,Blended,overall_level,15,51427,25,1270843.6400000001,24.711603632333212,,,,False
realprize,Blended,overall_level,16,49419,24,1276879.8,25.837831603229528,,,,False
realprize,Blended,overall_level,17,47263,23,1243662.82,26.313666504453803,,,,False
realprize,Blended,overall_level,18,45235,22,1197963.36,26.483107328396155,,,,False
realprize,Blended,overall_level,19,43178,21,1183907.97,27.419240585483347,,,,False
realprize,Blended,overall_level,20,41104,20,1158056.8699999999,28.173824202024132,,,,False
realprize,Blended,overall_level,21,39057,19,1134916.5299999998,29.057954527997538,,,,False
realprize,Blended,overall_level,22,37077,18,1105806.75,29.82460150497613,,,,False
realprize,Blended,overall_level,23,35053,17,1079951.24,30.809095940433057,,,,False
realprize,Blended,overall_level,24,32674,16,1007915.59,30.847633898512576,,,,False
realprize,Blended,overall_level,25,30487,15,974866.6299999999,31.976469642798566,,,,False
realprize,Blended,overall_level,26,28554,14,907718.3999999999,31.789535616726198,,,,False
realprize,Blended,overall_level,27,26644,13,883070.48,33.143314817594955,,,,False
realprize,Blended,overall_level,28,24586,12,832770.66,33.871742455055724,,,,False
realprize,Blended,overall_level,29,22652,11,784343.4000000001,34.62579021719937,,,,False
realprize,Blended,overall_level,30,20671,10,741100.18,35.85216873881283,,,,False
realprize,Blended,overall_level,31,18476,9,716847.1900000001,38.798830374539946,,,,False
realprize,Blended,overall_level,32,16459,8,686821.99,41.72926605504587,,,,False
realprize,Blended,overall_level,33,14598,7,602149.16,41.248743663515555,,,,False
realprize,Blended,overall_level,34,12570,6,545953.3999999999,43.43304693715194,,,,False
realprize,Blended,overall_level,35,10433,5,490665.98,47.030190740918236,,,,False
realprize,Blended,overall_level,36,8172,4,365021.11,44.667291972589325,,,,False
realprize,Blended,overall_level,37,5537,3,266459.31,48.123407982662094,,,,False
realprize,Blended,overall_level,38,3597,2,192773.17,53.59276341395608,,,,False
realprize,Blended,overall_level,39,1690,1,137033.66,81.08500591715976,,,,False
lonestar,Web,first_day,1,594,1,4209.0599999999995,7.085959595959595,0.049962270654902365,141.82621212121214,39.0,True
lonestar,Web,first_day,2,594,1,9898.69,16.664461279461282,0.11749916344955301,141.82621212121214,39.0,True
lonestar,Web,first_day,3,594,1,11196.470000000001,18.849276094276096,0.13290403665414482,141.82621212121214,39.0,True
lonestar,Web,first_day,4,594,1,12251.35,20.62516835016835,0.14542564482044404,141.82621212121214,39.0,True
lonestar,Web,first_day,5,594,1,14369.119999999999,24.19043771043771,0.17056394123931964,141.82621212121214,39.0,True
lonestar,Web,first_day,6,594,1,28347.73,47.72345117845118,0.3364924611937334,141.82621212121214,39.0,True
lonestar,Web,first_day,7,594,1,30212.49,50.86277777777778,0.35862748512459586,141.82621212121214,39.0,True
lonestar,Web,first_day,8,594,1,30938.36,52.08478114478115,0.3672436876496903,141.82621212121214,39.0,True
lonestar,Web,first_day,9,594,1,42589.11,71.69883838383838,0.505540106525307,141.82621212121214,39.0,True
lonestar,Web,first_day,10,594,1,51674.03,86.9933164983165,0.6133796792370612,141.82621212121214,39.0,True
lonestar,Web,first_day,11,594,1,51783.97,87.17840067340067,0.6146846860641912,141.82621212121214,39.0,True
lonestar,Web,first_day,12,594,1,59659.83,100.43742424242424,0.708172507325974,141.82621212121214,39.0,True
lonestar,Web,first_day,13,594,1,60869.72,102.47427609427609,0.722534111019592,141.82621212121214,39.0,True
lonestar,Web,first_day,14,594,1,61685.61,103.84782828282829,0.7322188665242958,141.82621212121214,39.0,True
lonestar,Web,first_day,15,594,1,61861.55,104.14402356902357,0.7343073047739342,141.82621212121214,39.0,True
lonestar,Web,first_day,16,594,1,61931.53,104.26183501683502,0.7351379794852546,141.82621212121214,39.0,True
lonestar,Web,first_day,17,594,1,63211.43,106.41654882154882,0.750330613995385,141.82621212121214,39.0,True
lonestar,Web,first_day,18,594,1,63263.380000000005,106.50400673400674,0.7509472694862838,141.82621212121214,39.0,True
lonestar,Web,first_day,19,594,1,63361.3,106.66885521885523,0.7521095968331327,141.82621212121214,39.0,True
lonestar,Web,first_day,20,594,1,63377.280000000006,106.69575757575758,0.7522992821987643,141.82621212121214,39.0,True
lonestar,Web,first_day,21,594,1,63387.270000000004,106.71257575757576,0.7524178652277168,141.82621212121214,39.0,True
lonestar,Web,first_day,22,594,1,63587.16,107.04909090909092,0.7547905941223414,141.82621212121214,39.0,True
lonestar,Web,first_day,23,594,1,63842.100000000006,107.47828282828284,0.7578167760443765,141.82621212121214,39.0,True
lonestar,Web,first_day,24,594,1,63963.04,107.68188552188552,0.7592523547752578,141.82621212121214,39.0,True
lonestar,Web,first_day,25,594,1,64378.0,108.38047138047138,0.7641780017916838,141.82621212121214,39.0,True
lonestar,Web,first_day,26,594,1,66908.79000000001,112.64106060606062,0.794218917091233,141.82621212121214,39.0,True
lonestar,Web,first_day,27,594,1,69178.65000000001,116.46237373737375,0.821162548132068,141.82621212121214,39.0,True
lonestar,Web,first_day,28,594,1,69384.63,116.80914141414142,0.8236075663806786,141.82621212121214,39.0,True
lonestar,Web,first_day,29,594,1,69764.59000000001,117.44880471380473,0.8281177573397138,141.82621212121214,39.0,True
lonestar,Web,first_day,30,594,1,73374.44,123.52599326599326,0.8709673015903538,141.82621212121214,39.0,True
lonestar,Web,first_day,31,594,1,73677.41,124.03604377104378,0.8745636079248599,141.82621212121214,39.0,True
lonestar,Web,first_day,32,594,1,77692.3,130.79511784511786,0.9222210470750885,141.82621212121214,39.0,True
lonestar,Web,first_day,33,594,1,79245.25,133.40951178451178,0.9406548323415209,141.82621212121214,39.0,True
lonestar,Web,first_day,34,594,1,79304.22,133.50878787878787,0.9413548164473591,141.82621212121214,39.0,True
lonestar,Web,first_day,35,594,1,83505.02,140.58084175084176,0.9912190394727174,141.82621212121214,39.0,True
lonestar,Web,first_day,36,594,1,83609.99,140.75755892255893,0.9924650515396979,141.82621212121214,39.0,True
lonestar,Web,first_day,37,594,1,83682.95,140.8803872053872,0.9933310993667617,141.82621212121214,39.0,True
lonestar,Web,first_day,38,594,1,84244.77,141.82621212121214,1.0,141.82621212121214,39.0,True
lonestar,Web,first_day,39,594,1,84244.77,141.82621212121214,1.0,141.82621212121214,39.0,True
lonestar,Web,first_5_days,1,2519,5,20038.07,7.954771734815403,0.08053120508993378,98.77874950377134,35.0,True
lonestar,Web,first_5_days,2,2519,5,31370.34,12.453489479952362,0.12607458124864085,98.77874950377134,35.0,True
lonestar,Web,first_5_days,3,2519,5,41089.92,16.31199682413656,0.16513670102205308,98.77874950377134,35.0,True
lonestar,Web,first_5_days,4,2519,5,46535.7,18.4738785232235,0.18702280213132455,98.77874950377134,35.0,True
lonestar,Web,first_5_days,5,2519,5,52678.6,20.912504962286622,0.21171056596022397,98.77874950377134,35.0,True
lonestar,Web,first_5_days,6,2519,5,75983.31,30.164077014688367,0.3053701040580263,98.77874950377134,35.0,True
lonestar,Web,first_5_days,7,2519,5,83593.08,33.18502580389043,0.33595308677827956,98.77874950377134,35.0,True
lonestar,Web,first_5_days,8,2519,5,86336.57,34.274144501786424,0.346978926884247,98.77874950377134,35.0,True
lonestar,Web,first_5_days,9,2519,5,102799.67,40.80971417229059,0.4131426483662105,98.77874950377134,35.0,True
lonestar,Web,first_5_days,10,2519,5,114452.92,45.43585549821358,0.45997601433979335,98.77874950377134,35.0,True
lonestar,Web,first_5_days,11,2519,5,118798.03,47.16078999603017,0.47743862149449046,98.77874950377134,35.0,True
lonestar,Web,first_5_days,12,2519,5,131955.14,52.383938070662964,0.5303158658499009,98.77874950377134,35.0,True
lonestar,Web,first_5_days,13,2519,5,137084.49,54.42020246129416,0.5509302631859742,98.77874950377134,35.0,True
lonestar,Web,first_5_days,14,2519,5,147007.45,58.35944819372767,0.5908097489278251,98.77874950377134,35.0,True
lonestar,Web,first_5_days,15,2519,5,151449.90999999997,60.12302897975386,0.6086635969962182,98.77874950377134,35.0,True
lonestar,Web,first_5_days,16,2519,5,155828.44,61.861230647082174,0.6262605161317651,98.77874950377134,35.0,True
lonestar,Web,first_5_days,17,2519,5,162494.7,64.5076220722509,0.65305161683372,98.77874950377134,35.0,True
lonestar,Web,first_5_days,18,2519,5,169567.96,67.31558554982135,0.6814784140110143,98.77874950377134,35.0,True
lonestar,Web,first_5_days,19,2519,5,172809.28,68.60233425962683,0.6945049882111295,98.77874950377134,35.0,True
lonestar,Web,first_5_days,20,2519,5,176822.61,70.19555776101627,0.7106342013201558,98.77874950377134,35.0,True
lonestar,Web,first_5_days,21,2519,5,182388.02000000002,72.4049305279873,0.7330010846636899,98.77874950377134,35.0,True
lonestar,Web,first_5_days,22,2519,5,188176.29,74.70277491067884,0.7562636223475042,98.77874950377134,35.0,True
lonestar,Web,first_5_days,23,2519,5,191891.68,76.17772131798333,0.7711954413340177,98.77874950377134,35.0,True
lonestar,Web,first_5_days,24,2519,5,194023.08,77.02385073441842,0.7797613466596647,98.77874950377134,35.0,True
lonestar,Web,first_5_days,25,2519,5,197910.45,78.56707026597857,0.7953843378324901,98.77874950377134,35.0,True
lonestar,Web,first_5_days,26,2519,5,201792.79,80.10829297340214,0.8109871138867134,98.77874950377134,35.0,True
lonestar,Web,first_5_days,27,2519,5,208499.18,82.77061532354108,0.8379394934573546,98.77874950377134,35.0,True
lonestar,Web,first_5_days,28,2519,5,216776.65999999997,86.05663358475584,0.871205942746524,98.77874950377134,35.0,True
lonestar,Web,first_5_days,29,2519,5,220137.25,87.39073044859072,0.8847118523732088,98.77874950377134,35.0,True
lonestar,Web,first_5_days,30,2519,5,226201.75,89.79823342596268,0.9090845336378166,98.77874950377134,35.0,True
lonestar,Web,first_5_days,31,2519,5,230854.06,91.64512107979357,0.9277817500240231,98.77874950377134,35.0,True
lonestar,Web,first_5_days,32,2519,5,236825.46,94.0156649464073,0.9517802707435349,98.77874950377134,35.0,True
lonestar,Web,first_5_days,33,2519,5,240411.00000000006,95.43906312028585,0.9661902342329411,98.77874950377134,35.0,True
lonestar,Web,first_5_days,34,2519,5,242238.41999999998,96.16451766574036,0.9735344712181119,98.77874950377134,35.0,True
lonestar,Web,first_5_days,35,2519,5,248823.66999999998,98.77874950377134,1.0,98.77874950377134,35.0,True
lonestar,Web,overall_level,1,19692,39,150041.55999999997,7.619417022140969,,,,False
lonestar,Web,overall_level,2,19277,38,206763.80000000002,10.72593245837008,,,,False
lonestar,Web,overall_level,3,18719,37,239704.75,12.805424969282548,,,,False
lonestar,Web,overall_level,4,18252,36,267448.46,14.653104317335087,,,,False
lonestar,Web,overall_level,5,17823,35,295783.60000000003,16.5956124109297,,,,False
lonestar,Web,overall_level,6,17326,34,329698.32,19.02910769941129,,,,False
lonestar,Web,overall_level,7,16884,33,355225.1,21.039155413409144,,,,False
lonestar,Web,overall_level,8,16429,32,383381.57,23.33566072189421,,,,False
lonestar,Web,overall_level,9,15913,31,415138.7199999999,26.088023628479853,,,,False
lonestar,Web,overall_level,10,15355,30,439266.92,28.607419081732335,,,,False
lonestar,Web,overall_level,11,14860,29,452738.08,30.466896366083446,,,,False
lonestar,Web,overall_level,12,14371,28,469125.35,32.64389047387099,,,,False
lonestar,Web,overall_level,13,13822,27,450910.07999999996,32.622636376790624,,,,False
lonestar,Web,overall_level,14,13259,26,460922.01999999996,34.76295497397994,,,,False
lonestar,Web,overall_level,15,12707,25,467118.81,36.76074683245455,,,,False
lonestar,Web,overall_level,16,12128,24,466157.13,38.43643881926121,,,,False
lonestar,Web,overall_level,17,11518,23,461041.51,40.027913700295194,,,,False
lonestar,Web,overall_level,18,10958,22,455607.3300000001,41.577599014418695,,,,False
lonestar,Web,overall_level,19,10335,21,458774.12999999995,44.390336719883884,,,,False
lonestar,Web,overall_level,20,9832,20,445882.04000000004,45.35008543531327,,,,False
lonestar,Web,overall_level,21,9320,19,447999.69999999995,48.06863733905579,,,,False
lonestar,Web,overall_level,22,8850,18,456447.37,51.57597401129944,,,,False
lonestar,Web,overall_level,23,8318,17,451221.32,54.24637172397211,,,,False
lonestar,Web,overall_level,24,7764,16,446662.14,57.52989953632149,,,,False
lonestar,Web,overall_level,25,7153,15,388711.2800000001,54.34241297357753,,,,False
lonestar,Web,overall_level,26,6533,14,380865.27,58.298679014235425,,,,False
lonestar,Web,overall_level,27,5972,13,366907.2900000001,61.437925318151386,,,,False
lonestar,Web,overall_level,28,5522,12,363748.33,65.87256972111554,,,,False
lonestar,Web,overall_level,29,5090,11,344322.18000000005,67.64679371316308,,,,False
lonestar,Web,overall_level,30,4737,10,345267.95,72.88747097318978,,,,False
lonestar,Web,overall_level,31,4278,9,336812.27,78.73124590930341,,,,False
lonestar,Web,overall_level,32,3839,8,338741.41000000003,88.236887210211,,,,False
lonestar,Web,overall_level,33,3469,7,337724.32000000007,97.35494955318538,,,,False
lonestar,Web,overall_level,34,2965,6,270217.97,91.1359089376054,,,,False
lonestar,Web,overall_level,35,2519,5,248823.66999999998,98.77874950377134,,,,False
lonestar,Web,overall_level,36,2080,4,215672.05,103.68848557692307,,,,False
lonestar,Web,overall_level,37,1652,3,195217.66,118.17049636803874,,,,False
lonestar,Web,overall_level,38,1143,2,155276.95,135.85034995625549,,,,False
lonestar,Web,overall_level,39,594,1,84244.77,141.82621212121214,,,,False
lonestar,Affiliate,first_day,1,943,1,5370.0199999999995,5.694612937433722,0.2797038379703057,20.359437963944856,39.0,True
lonestar,Affiliate,first_day,2,943,1,11382.779999999999,12.070816542948037,0.5928855484284297,20.359437963944856,39.0,True
lonestar,Affiliate,first_day,3,943,1,11530.67,12.227645811240722,0.6005885738542993,20.359437963944856,39.0,True
lonestar,Affiliate,first_day,4,943,1,12551.529999999999,13.310212089077412,0.6537612734029725,20.359437963944856,39.0,True
lonestar,Affiliate,first_day,5,943,1,12942.47,13.724782608695651,0.6741238453144572,20.359437963944856,39.0,True
lonestar,Affiliate,first_day,6,943,1,13113.369999999999,13.906012725344643,0.6830253737834621,20.359437963944856,39.0,True
lonestar,Affiliate,first_day,7,943,1,13341.259999999998,14.14767762460233,0.6948952937530437,20.359437963944856,39.0,True
lonestar,Affiliate,first_day,8,943,1,13447.179999999998,14.259999999999998,0.7004122621289184,20.359437963944856,39.0,True
lonestar,Affiliate,first_day,9,943,1,13655.08,14.480466595970308,0.7112409793243901,20.359437963944856,39.0,True
lonestar,Affiliate,first_day,10,943,1,13729.01,14.558865323435842,0.715091710744598,20.359437963944856,39.0,True
lonestar,Affiliate,first_day,11,943,1,13790.949999999999,14.624549310710497,0.7183179288450671,20.359437963944856,39.0,True
lonestar,Affiliate,first_day,12,943,1,13956.88,14.800509013785788,0.7269605889905437,20.359437963944856,39.0,True
lonestar,Affiliate,first_day,13,943,1,14087.939999999999,14.939490986214208,0.7337870039767799,20.359437963944856,39.0,True
lonestar,Affiliate,first_day,14,943,1,14170.06,15.026574761399788,0.7380643212259004,20.359437963944856,39.0,True
lonestar,Affiliate,first_day,15,943,1,14293.15,15.15710498409332,0.7444756093432193,20.359437963944856,39.0,True
lonestar,Affiliate,first_day,16,943,1,14344.099999999999,15.211134676564155,0.7471294003057458,20.359437963944856,39.0,True
lonestar,Affiliate,first_day,17,943,1,14359.08,15.227020148462355,0.7479096513090561,20.359437963944856,39.0,True
lonestar,Affiliate,first_day,18,943,1,14689.05,15.576935312831388,0.7650965287164142,20.359437963944856,39.0,True
lonestar,Affiliate,first_day,19,943,1,14738.98,15.629883351007424,0.7676971917735085,20.359437963944856,39.0,True
lonestar,Affiliate,first_day,20,943,1,15163.939999999999,16.08053022269353,0.7898317355897067,20.359437963944856,39.0,True
lonestar,Affiliate,first_day,21,943,1,17468.84,18.52475079533404,0.9098851760122298,20.359437963944856,39.0,True
lonestar,Affiliate,first_day,22,943,1,17494.82,18.552301166489926,0.9112383750153004,20.359437963944856,39.0,True
lonestar,Affiliate,first_day,23,943,1,17715.73,18.786564156945918,0.9227447334359432,20.359437963944856,39.0,True
lonestar,Affiliate,first_day,24,943,1,17745.7,18.818345705196183,0.9243057563043813,20.359437963944856,39.0,True
lonestar,Affiliate,first_day,25,943,1,17860.64,18.940233297985152,0.9302925420400594,20.359437963944856,39.0,True
lonestar,Affiliate,first_day,26,943,1,17903.61,18.985800636267232,0.9325306852718508,20.359437963944856,39.0,True
lonestar,Affiliate,first_day,27,943,1,17923.6,19.006998939554613,0.9335718880459609,20.359437963944856,39.0,True
lonestar,Affiliate,first_day,28,943,1,18088.52,19.18188759278897,0.9421619411478233,20.359437963944856,39.0,True
lonestar,Affiliate,first_day,29,943,1,18149.46,19.246511134676563,0.9453360730664958,20.359437963944856,39.0,True
lonestar,Affiliate,first_day,30,943,1,18240.41,19.342958642629906,0.9500733113008786,20.359437963944856,39.0,True
lonestar,Affiliate,first_day,31,943,1,18316.35,19.423488865323435,0.9540287359464971,20.359437963944856,39.0,True
lonestar,Affiliate,first_day,32,943,1,18366.329999999998,19.47648992576882,0.9566320033126811,20.359437963944856,39.0,True
lonestar,Affiliate,first_day,33,943,1,18461.29,19.577189819724286,0.9615781071360674,20.359437963944856,39.0,True
lonestar,Affiliate,first_day,34,943,1,18572.2,19.694803817603393,0.9673549855591062,20.359437963944856,39.0,True
lonestar,Affiliate,first_day,35,943,1,18637.16,19.763690349946977,0.9707385039286003,20.359437963944856,39.0,True
lonestar,Affiliate,first_day,36,943,1,18821.05,19.958695652173912,0.9803166318991403,20.359437963944856,39.0,True
lonestar,Affiliate,first_day,37,943,1,18882.99,20.02437963944857,0.9835428499996094,20.359437963944856,39.0,True
lonestar,Affiliate,first_day,38,943,1,19198.95,20.359437963944856,1.0,20.359437963944856,39.0,True
lonestar,Affiliate,first_day,39,943,1,19198.95,20.359437963944856,1.0,20.359437963944856,39.0,True
lonestar,Affiliate,first_5_days,1,5376,5,28277.44,5.259940476190476,0.16342513691128466,32.185626860119044,35.0,True
lonestar,Affiliate,first_5_days,2,5376,5,44348.979999999996,8.249438244047619,0.25630814275888575,32.185626860119044,35.0,True
lonestar,Affiliate,first_5_days,3,5376,5,55830.0,10.385044642857142,0.3226609407979302,32.185626860119044,35.0,True
lonestar,Affiliate,first_5_days,4,5376,5,69214.54000000001,12.874728422619048,0.4000148413629943,32.185626860119044,35.0,True
lonestar,Affiliate,first_5_days,5,5376,5,80059.48000000001,14.89201636904762,0.4626915123874813,32.185626860119044,35.0,True
lonestar,Affiliate,first_5_days,6,5376,5,101749.47000000002,18.926612723214287,0.5880454901646208,32.185626860119044,35.0,True
lonestar,Affiliate,first_5_days,7,5376,5,105560.72,19.635550595238094,0.6100720262673631,32.185626860119044,35.0,True
lonestar,Affiliate,first_5_days,8,5376,5,108813.98000000001,20.24069568452381,0.6288737445596841,32.185626860119044,35.0,True
lonestar,Affiliate,first_5_days,9,5376,5,111159.43000000001,20.67697730654762,0.6424289138879038,32.185626860119044,35.0,True
lonestar,Affiliate,first_5_days,10,5376,5,116213.86000000002,21.617161458333335,0.6716402185448496,32.185626860119044,35.0,True
lonestar,Affiliate,first_5_days,11,5376,5,121290.16,22.56141369047619,0.7009779175198187,32.185626860119044,35.0,True
lonestar,Affiliate,first_5_days,12,5376,5,125634.89,23.36958519345238,0.7260876196389839,32.185626860119044,35.0,True
lonestar,Affiliate,first_5_days,13,5376,5,126270.73999999999,23.487860863095236,0.7297624174037405,32.185626860119044,35.0,True
lonestar,Affiliate,first_5_days,14,5376,5,127171.40000000001,23.655394345238097,0.7349676440370752,32.185626860119044,35.0,True
lonestar,Affiliate,first_5_days,15,5376,5,129659.81999999999,24.118270089285712,0.74934908660022,32.185626860119044,35.0,True
lonestar,Affiliate,first_5_days,16,5376,5,131118.13999999998,24.389534970238092,0.7577772238594791,32.185626860119044,35.0,True
lonestar,Affiliate,first_5_days,17,5376,5,133065.64,24.751793154761906,0.7690325020648163,32.185626860119044,35.0,True
lonestar,Affiliate,first_5_days,18,5376,5,141252.61000000002,26.274667038690477,0.8163478422490261,32.185626860119044,35.0,True
lonestar,Affiliate,first_5_days,19,5376,5,145098.81,26.990106026785714,0.8385763665280337,32.185626860119044,35.0,True
lonestar,Affiliate,first_5_days,20,5376,5,148403.25,27.604771205357142,0.8576738717977868,32.185626860119044,35.0,True
lonestar,Affiliate,first_5_days,21,5376,5,151920.73,28.259064360119048,0.8780026091439789,32.185626860119044,35.0,True
lonestar,Affiliate,first_5_days,22,5376,5,152908.31,28.44276599702381,0.8837101766151094,32.185626860119044,35.0,True
lonestar,Affiliate,first_5_days,23,5376,5,154561.67,28.750310639880954,0.8932655177055209,32.185626860119044,35.0,True
lonestar,Affiliate,first_5_days,24,5376,5,155384.24,28.90331845238095,0.8980194351347193,32.185626860119044,35.0,True
lonestar,Affiliate,first_5_days,25,5376,5,158018.54,29.39332961309524,0.9132439688324444,32.185626860119044,35.0,True
lonestar,Affiliate,first_5_days,26,5376,5,158929.02,29.562689732142854,0.9185059486529296,32.185626860119044,35.0,True
lonestar,Affiliate,first_5_days,27,5376,5,159838.49999999997,29.731863839285708,0.9237621491264545,32.185626860119044,35.0,True
lonestar,Affiliate,first_5_days,28,5376,5,161046.12000000002,29.95649553571429,0.9307414041027471,32.185626860119044,35.0,True
lonestar,Affiliate,first_5_days,29,5376,5,163108.52,30.340126488095237,0.9426607292738315,32.185626860119044,35.0,True
lonestar,Affiliate,first_5_days,30,5376,5,164098.09000000003,30.52419828869048,0.9483797976454135,32.185626860119044,35.0,True
lonestar,Affiliate,first_5_days,31,5376,5,165580.48,30.79994047619048,0.9569470437860088,32.185626860119044,35.0,True
lonestar,Affiliate,first_5_days,32,5376,5,166846.09,31.03535900297619,0.9642614430925333,32.185626860119044,35.0,True
lonestar,Affiliate,first_5_days,33,5376,5,168010.67,31.251984747023812,0.9709919549756509,32.185626860119044,35.0,True
lonestar,Affiliate,first_5_days,34,5376,5,172590.2,32.1038318452381,0.9974586477611129,32.185626860119044,35.0,True
lonestar,Affiliate,first_5_days,35,5376,5,173029.93,32.185626860119044,1.0,32.185626860119044,35.0,True
lonestar,Affiliate,overall_level,1,66642,39,339742.1,5.098017766573632,,,,False
lonestar,Affiliate,overall_level,2,64583,38,484030.27,7.494700927488658,,,,False
lonestar,Affiliate,overall_level,3,62344,37,584912.89,9.382023771333248,,,,False
lonestar,Affiliate,overall_level,4,60187,36,656432.55,10.906550417864324,,,,False
lonestar,Affiliate,overall_level,5,58159,35,734955.58,12.63700510669028,,,,False
lonestar,Affiliate,overall_level,6,56203,34,789995.0800000001,14.056101631585504,,,,False
lonestar,Affiliate,overall_level,7,54012,33,813434.12,15.060248093016366,,,,False
lonestar,Affiliate,overall_level,8,52012,32,839664.53,16.143669345535645,,,,False
lonestar,Affiliate,overall_level,9,49985,31,842083.41,16.846722216665,,,,False
lonestar,Affiliate,overall_level,10,47739,30,851876.7400000002,17.84446134187981,,,,False
lonestar,Affiliate,overall_level,11,45688,29,854504.9500000002,18.70305003502014,,,,False
lonestar,Affiliate,overall_level,12,43650,28,820942.9299999999,18.807398167239402,,,,False
lonestar,Affiliate,overall_level,13,41674,27,823248.66,19.754491049575275,,,,False
lonestar,Affiliate,overall_level,14,39676,26,821353.1,20.701509728803305,,,,False
lonestar,Affiliate,overall_level,15,37879,25,810453.02,21.3958399112965,,,,False
lonestar,Affiliate,overall_level,16,36129,24,786999.39,21.783038279498463,,,,False
lonestar,Affiliate,overall_level,17,34251,23,746471.62,21.794155499109515,,,,False
lonestar,Affiliate,overall_level,18,32406,22,683123.7300000001,21.08016200703574,,,,False
lonestar,Affiliate,overall_level,19,30541,21,690030.2100000001,22.593569627713567,,,,False
lonestar,Affiliate,overall_level,20,28769,20,664685.87,23.10423963293823,,,,False
lonestar,Affiliate,overall_level,21,26952,19,670606.67,24.881517883645,,,,False
lonestar,Affiliate,overall_level,22,25126,18,652039.85,25.95080195813102,,,,False
lonestar,Affiliate,overall_level,23,23208,17,636196.89,27.412827042399172,,,,False
lonestar,Affiliate,overall_level,24,21352,16,628596.57,29.43970447733233,,,,False
lonestar,Affiliate,overall_level,25,19733,15,591206.69,29.960304565955504,,,,False
lonestar,Affiliate,overall_level,26,18129,14,584735.33,32.254141430856635,,,,False
lonestar,Affiliate,overall_level,27,16448,13,525875.58,31.972007538910503,,,,False
lonestar,Affiliate,overall_level,28,14901,12,479181.73,32.15768941681766,,,,False
lonestar,Affiliate,overall_level,29,13158,11,441481.98,33.55236206110351,,,,False
lonestar,Affiliate,overall_level,30,11720,10,400283.86,34.153912969283276,,,,False
lonestar,Affiliate,overall_level,31,10278,9,374726.44,36.45908153337225,,,,False
lonestar,Affiliate,overall_level,32,8904,8,313949.39,35.25936545372866,,,,False
lonestar,Affiliate,overall_level,33,7777,7,241255.79,31.021703741802753,,,,False
lonestar,Affiliate,overall_level,34,6592,6,221641.29,33.622768507281556,,,,False
lonestar,Affiliate,overall_level,35,5376,5,173029.93,32.185626860119044,,,,False
lonestar,Affiliate,overall_level,36,4274,4,152682.99999999997,35.72367805334581,,,,False
lonestar,Affiliate,overall_level,37,3131,3,139267.46,44.48018524433088,,,,False
lonestar,Affiliate,overall_level,38,1913,2,57857.61,30.24443805541035,,,,False
lonestar,Affiliate,overall_level,39,943,1,19198.95,20.359437963944856,,,,False
lonestar,Blended,first_day,1,2040,1,12808.22,6.2785392156862745,0.0996232535409477,63.022828431372545,39.0,True
lonestar,Blended,first_day,2,2040,1,25862.41,12.677651960784313,0.20115967937855075,63.022828431372545,39.0,True
lonestar,Blended,first_day,3,2040,1,27948.899999999998,13.700441176470587,0.21738854820502718,63.022828431372545,39.0,True
lonestar,Blended,first_day,4,2040,1,30479.47,14.940916666666666,0.23707150311313432,63.022828431372545,39.0,True
lonestar,Blended,first_day,5,2040,1,33881.99,16.60881862745098,0.2635365476422059,63.022828431372545,39.0,True
lonestar,Blended,first_day,6,2040,1,49452.21000000001,24.241279411764708,0.3846428352253623,63.022828431372545,39.0,True
lonestar,Blended,first_day,7,2040,1,52270.58,25.622833333333332,0.40656431916943886,63.022828431372545,39.0,True
lonestar,Blended,first_day,8,2040,1,53356.23,26.155014705882355,0.41500858271322016,63.022828431372545,39.0,True
lonestar,Blended,first_day,9,2040,1,65464.78,32.09057843137255,0.509189752826104,63.022828431372545,39.0,True
lonestar,Blended,first_day,10,2040,1,75100.47,36.81395588235294,0.5841368405488301,63.022828431372545,39.0,True
lonestar,Blended,first_day,11,2040,1,75682.21,37.09912254901961,0.5886616559810223,63.022828431372545,39.0,True
lonestar,Blended,first_day,12,2040,1,84403.74,41.374382352941176,0.6564983416762227,63.022828431372545,39.0,True
lonestar,Blended,first_day,13,2040,1,86164.44,42.2374705882353,0.6701931925227531,63.022828431372545,39.0,True
lonestar,Blended,first_day,14,2040,1,88217.1,43.24367647058824,0.6861589291835352,63.022828431372545,39.0,True
lonestar,Blended,first_day,15,2040,1,89672.81,43.957259803921566,0.6974815459415306,63.022828431372545,39.0,True
lonestar,Blended,first_day,16,2040,1,90104.57,44.168906862745104,0.700839806179787,63.022828431372545,39.0,True
lonestar,Blended,first_day,17,2040,1,91481.36,44.84380392156863,0.7115485775190239,63.022828431372545,39.0,True
lonestar,Blended,first_day,18,2040,1,91950.21,45.07363235294118,0.7151953264367247,63.022828431372545,39.0,True
lonestar,Blended,first_day,19,2040,1,92363.89,45.27641666666667,0.7184129591386005,63.022828431372545,39.0,True
lonestar,Blended,first_day,20,2040,1,93579.58,45.8723431372549,0.7278686831265702,63.022828431372545,39.0,True
lonestar,Blended,first_day,21,2040,1,96377.23999999999,47.24374509803921,0.7496290832056887,63.022828431372545,39.0,True
lonestar,Blended,first_day,22,2040,1,97657.91,47.871524509803926,0.7595902262928849,63.022828431372545,39.0,True
lonestar,Blended,first_day,23,2040,1,98318.78,48.19548039215686,0.7647305205388928,63.022828431372545,39.0,True
lonestar,Blended,first_day,24,2040,1,98649.6,48.35764705882353,0.7673036622195024,63.022828431372545,39.0,True
lonestar,Blended,first_day,25,2040,1,100149.34,49.092813725490196,0.7789687474745574,63.022828431372545,39.0,True
lonestar,Blended,first_day,26,2040,1,103283.29000000001,50.6290637254902,0.8033448352864979,63.022828431372545,39.0,True
lonestar,Blended,first_day,27,2040,1,105668.05,51.798063725490195,0.8218936695596686,63.022828431372545,39.0,True
lonestar,Blended,first_day,28,2040,1,106599.75,52.25477941176471,0.8291404989648554,63.022828431372545,39.0,True
lonestar,Blended,first_day,29,2040,1,108526.33,53.19918137254902,0.8441255763453906,63.022828431372545,39.0,True
lonestar,Blended,first_day,30,2040,1,113094.98,55.438715686274506,0.8796608636288578,63.022828431372545,39.0,True
lonestar,Blended,first_day,31,2040,1,114141.7,55.9518137254902,0.8878023268412621,63.022828431372545,39.0,True
lonestar,Blended,first_day,32,2040,1,119105.35,58.384975490196084,0.9264099524472031,63.022828431372545,39.0,True
lonestar,Blended,first_day,33,2040,1,121064.07,59.34513235294118,0.9416450170522556,63.022828431372545,39.0,True
lonestar,Blended,first_day,34,2040,1,121322.87999999999,59.471999999999994,0.9436580597895704,63.022828431372545,39.0,True
lonestar,Blended,first_day,35,2040,1,125828.47,61.68062254901961,0.9787028618714804,63.022828431372545,39.0,True
lonestar,Blended,first_day,36,2040,1,126957.14,62.233892156862744,0.9874817380599016,63.022828431372545,39.0,True
lonestar,Blended,first_day,37,2040,1,127452.87000000001,62.47689705882353,0.9913375615449647,63.022828431372545,39.0,True
lonestar,Blended,first_day,38,2040,1,128566.56999999999,63.022828431372545,1.0,63.022828431372545,39.0,True
lonestar,Blended,first_day,39,2040,1,128566.56999999999,63.022828431372545,1.0,63.022828431372545,39.0,True
lonestar,Blended,first_5_days,1,10980,5,60133.969999999994,5.476682149362476,0.10465964703745294,52.32849817850638,35.0,True
lonestar,Blended,first_5_days,2,10980,5,107805.99000000002,9.81839617486339,0.18763000117775666,52.32849817850638,35.0,True
lonestar,Blended,first_5_days,3,10980,5,134657.47,12.263886156648452,0.2343634268809528,52.32849817850638,35.0,True
lonestar,Blended,first_5_days,4,10980,5,159186.01,14.497815118397087,0.27705391178896815,52.32849817850638,35.0,True
lonestar,Blended,first_5_days,5,10980,5,179928.99000000002,16.38697540983607,0.31315585159611786,52.32849817850638,35.0,True
lonestar,Blended,first_5_days,6,10980,5,229273.53000000003,20.88101366120219,0.39903712867836405,52.32849817850638,35.0,True
lonestar,Blended,first_5_days,7,10980,5,248788.72999999998,22.658354280510018,0.4330021894229864,52.32849817850638,35.0,True
lonestar,Blended,first_5_days,8,10980,5,266222.3,24.24611111111111,0.46334429527102416,52.32849817850638,35.0,True
lonestar,Blended,first_5_days,9,10980,5,287488.26,26.182901639344262,0.5003564510876548,52.32849817850638,35.0,True
lonestar,Blended,first_5_days,10,10980,5,307620.44999999995,28.016434426229505,0.53539534673168,52.32849817850638,35.0,True
lonestar,Blended,first_5_days,11,10980,5,319886.3,29.13354280510018,0.5567433390829972,52.32849817850638,35.0,True
lonestar,Blended,first_5_days,12,10980,5,344474.69999999995,31.372923497267756,0.5995380068093373,52.32849817850638,35.0,True
lonestar,Blended,first_5_days,13,10980,5,353103.19,32.158760473588345,0.6145553874656652,52.32849817850638,35.0,True
lonestar,Blended,first_5_days,14,10980,5,366297.9,33.36046448087432,0.6375200061555929,52.32849817850638,35.0,True
lonestar,Blended,first_5_days,15,10980,5,375336.19,34.18362386156649,0.6532506196710841,52.32849817850638,35.0,True
lonestar,Blended,first_5_days,16,10980,5,383758.54000000004,34.950686703096544,0.6679092257505745,52.32849817850638,35.0,True
lonestar,Blended,first_5_days,17,10980,5,396361.92000000004,36.09853551912569,0.6898446692657606,52.32849817850638,35.0,True
lonestar,Blended,first_5_days,18,10980,5,413835.74,37.68995810564663,0.72025682787754,52.32849817850638,35.0,True
lonestar,Blended,first_5_days,19,10980,5,424920.56,38.69950455373406,0.7395493067987503,52.32849817850638,35.0,True
lonestar,Blended,first_5_days,20,10980,5,434615.75,39.58249089253188,0.756423216227332,52.32849817850638,35.0,True
lonestar,Blended,first_5_days,21,10980,5,444839.07999999996,40.51357741347905,0.774216322342684,52.32849817850638,35.0,True
lonestar,Blended,first_5_days,22,10980,5,454780.37,41.41897723132969,0.7915185543838575,52.32849817850638,35.0,True
lonestar,Blended,first_5_days,23,10980,5,464279.76,42.28413114754098,0.8080516853990076,52.32849817850638,35.0,True
lonestar,Blended,first_5_days,24,10980,5,468977.25,42.711953551912565,0.8162273911666788,52.32849817850638,35.0,True
lonestar,Blended,first_5_days,25,10980,5,478758.29000000004,43.60275865209472,0.8332507174838871,52.32849817850638,35.0,True
lonestar,Blended,first_5_days,26,10980,5,488030.66,44.44723679417122,0.849388733507121,52.32849817850638,35.0,True
lonestar,Blended,first_5_days,27,10980,5,498671.16000000003,45.41631693989071,0.867907899534277,52.32849817850638,35.0,True
lonestar,Blended,first_5_days,28,10980,5,509810.53,46.43083151183971,0.8872953195303225,52.32849817850638,35.0,True
lonestar,Blended,first_5_days,29,10980,5,517471.91000000003,47.12858925318762,0.9006295019669686,52.32849817850638,35.0,True
lonestar,Blended,first_5_days,30,10980,5,527947.4199999999,48.082642987249535,0.9188615125782302,52.32849817850638,35.0,True
lonestar,Blended,first_5_days,31,10980,5,535393.64,48.760805100182154,0.9318212216571957,52.32849817850638,35.0,True
lonestar,Blended,first_5_days,32,10980,5,547228.26,49.8386393442623,0.9524186834915362,52.32849817850638,35.0,True
lonestar,Blended,first_5_days,33,10980,5,555978.79,50.635591074681244,0.9676484676084114,52.32849817850638,35.0,True
lonestar,Blended,first_5_days,34,10980,5,566762.29,51.617694899817856,0.9864165167465004,52.32849817850638,35.0,True
lonestar,Blended,first_5_days,35,10980,5,574566.91,52.32849817850638,1.0,52.32849817850638,35.0,True
lonestar,Blended,overall_level,1,110308,39,733358.33,6.648278728650687,,,,False
lonestar,Blended,overall_level,2,107231,38,1055760.18,9.845661982076079,,,,False
lonestar,Blended,overall_level,3,103685,37,1247835.3,12.034868110141295,,,,False
lonestar,Blended,overall_level,4,100492,36,1408376.5,14.014812124348207,,,,False
lonestar,Blended,overall_level,5,97433,35,1542388.44,15.8302468362875,,,,False
lonestar,Blended,overall_level,6,94425,34,1686644.2000000002,17.862263171829497,,,,False
lonestar,Blended,overall_level,7,91156,33,1771056.6600000001,19.428854491201896,,,,False
lonestar,Blended,overall_level,8,88150,32,1876313.97,21.285467612024956,,,,False
lonestar,Blended,overall_level,9,85003,31,1918040.6800000002,22.56438808042069,,,,False
lonestar,Blended,overall_level,10,81513,30,1977188.33,24.256110436372115,,,,False
lonestar,Blended,overall_level,11,78426,29,2004605.4400000004,25.560470252212284,,,,False
lonestar,Blended,overall_level,12,75327,28,2000385.0699999998,26.556016700519066,,,,False
lonestar,Blended,overall_level,13,72287,27,1992961.45,27.570122566989916,,,,False
lonestar,Blended,overall_level,14,69125,26,2005117.87,29.00713012658228,,,,False
lonestar,Blended,overall_level,15,66245,25,2017239.25,30.45119254283342,,,,False
lonestar,Blended,overall_level,16,63328,24,1986879.3199999998,31.37442079332996,,,,False
lonestar,Blended,overall_level,17,60273,23,1837568.04,30.48741625603504,,,,False
lonestar,Blended,overall_level,18,57331,22,1769802.0199999998,30.86989621670649,,,,False
lonestar,Blended,overall_level,19,54255,21,1767352.17,32.57491788775228,,,,False
lonestar,Blended,overall_level,20,51427,20,1716171.4000000001,33.371019114472944,,,,False
lonestar,Blended,overall_level,21,48444,19,1716839.68,35.439676327305754,,,,False
lonestar,Blended,overall_level,22,45435,18,1693636.01,37.276020908990866,,,,False
lonestar,Blended,overall_level,23,42221,17,1657128.0899999999,39.248906705194095,,,,False
lonestar,Blended,overall_level,24,38978,16,1619907.7,41.55953871414644,,,,False
lonestar,Blended,overall_level,25,35961,15,1491800.91,41.483855009593725,,,,False
lonestar,Blended,overall_level,26,33130,14,1451446.14,43.81062903712647,,,,False
lonestar,Blended,overall_level,27,30278,13,1324715.2299999997,43.751741528502535,,,,False
lonestar,Blended,overall_level,28,27733,12,1220583.29,44.011945696462696,,,,False
lonestar,Blended,overall_level,29,24961,11,1146940.3800000001,45.949296101918996,,,,False
lonestar,Blended,overall_level,30,22524,10,1095536.33,48.6386223583733,,,,False
lonestar,Blended,overall_level,31,19981,9,963159.4100000001,48.20376407587209,,,,False
lonestar,Blended,overall_level,32,17634,8,884656.1799999999,50.167640920948166,,,,False
lonestar,Blended,overall_level,33,15572,7,774634.8200000001,49.74536475725662,,,,False
lonestar,Blended,overall_level,34,13299,6,658617.16,49.523810812843074,,,,False
lonestar,Blended,overall_level,35,10980,5,574566.91,52.32849817850638,,,,False
lonestar,Blended,overall_level,36,8765,4,492971.87,56.243225328009125,,,,False
lonestar,Blended,overall_level,37,6462,3,437020.83,67.62934540389972,,,,False
lonestar,Blended,overall_level,38,4085,2,266524.23,65.24460954712362,,,,False
lonestar,Blended,overall_level,39,2040,1,128566.56999999999,63.022828431372545,,,,False
