brand,population,patch,n_cohort_dates,n_users,cv_before,cv_after,existing_flagged_status,mean,std,median,MAD,relative_mad_raw,scaled_mad_cv,p10,p25,p75,p90,IQR,relative_IQR,p90_p10_ratio,relative_p10_p90_spread,p10_ratio_valid,median_denominator_valid,std_log,log_p90_p10_spread,pct_positive_for_log,n_excluded_from_log,skewness,is_focus_case,cv_percentile_within_patch,rmad_percentile_within_patch,riqr_percentile_within_patch,p10_p90_percentile_within_patch,log_dispersion_percentile_within_patch,tail_sensitivity_signal,cv_minus_rmad_rank,cv_minus_log_rank,diagnostic_interpretation
realprize,Web,1->7,30,6241,0.359043237276716,0.2445727297293478,True,1.9535015954294639,0.4415423545948306,1.835317735318577,0.3668702734428476,0.19989469201046312,0.29636387037471257,1.4671714186445721,1.5484807441844812,2.3911327106304365,2.5132412511018636,0.8426519664459553,0.45913138103015533,1.7129840584160847,0.5699666124981423,True,True,0.22641296106269154,0.538236913061718,1.0,0,0.2714168670716473,True,0.8571428571428571,1.0,1.0,0.7142857142857143,0.8571428571428571,-0.1428571428571429,-0.1428571428571429,0.0,High CV and high central dispersion; variability appears broad rather than tail-driven.
realprize,Web,7->14,30,6565,0.22049361918290258,0.15072786417643433,True,1.338613144347163,0.1897957421230484,1.2637658559596132,0.12298877464178237,0.097319273235463,0.14428555449889743,1.1345095875238134,1.1894663509198877,1.4752688309076696,1.6480081231130386,0.28580247998778185,0.22615144936857307,1.452617184760853,0.4063241091438661,True,True,0.13743188033382744,0.37336688446612737,1.0,0,0.6514558715693874,True,1.0,0.8571428571428571,0.8571428571428571,1.0,0.8571428571428571,0.1428571428571429,0.1428571428571429,0.1428571428571429,High CV and high central dispersion; variability appears broad rather than tail-driven.
realprize,Web,14->30,30,5061,0.5362235568082949,0.2208690274214179,True,1.3302348364112981,0.2993937181659138,1.2519826299039947,0.17869753945958378,0.14273164434660468,0.2116139359082761,1.0,1.1160732901987325,1.4687227278646997,1.7278252529513132,0.35264943766596724,0.28167278781895666,1.7278252529513132,0.5813381396570372,True,True,0.2068732932347117,0.5468635385039216,1.0,0,1.3356190275842388,True,1.0,1.0,1.0,1.0,1.0,0.0,0.0,0.0,High CV and high central dispersion; variability appears broad rather than tail-driven.
realprize,Web,30->60,29,1277,0.27288436627910007,0.2017779696058077,True,1.2666407621145046,0.2718724936045311,1.163721791567016,0.16372179156701594,0.14068808606441532,0.20858415639910216,1.0,1.030634236453202,1.3939191353082467,1.6492550863228461,0.3632848988550448,0.31217504173902383,1.6492550863228461,0.5579126308604981,True,True,0.20274268910050017,0.5003237231378225,1.0,0,0.9011893046832559,True,1.0,1.0,1.0,1.0,1.0,0.0,0.0,0.0,High CV and high central dispersion; variability appears broad rather than tail-driven.
realprize,Web,60->90,25,497,0.39310637143245203,0.1254330855697583,False,1.0603536621542171,0.11745568292519869,1.0,0.0,0.0,0.0,1.0,1.0,1.086059867734076,1.2396123133935728,0.08605986773407603,0.08605986773407603,1.2396123133935728,0.2396123133935728,True,True,0.10077583491351191,0.21479868024253754,1.0,0,2.1324179159900543,False,0.8571428571428571,0.14285714285714285,0.14285714285714285,0.42857142857142855,0.7142857142857143,0.7142857142857142,0.7142857142857142,0.1428571428571428,High CV but relatively concentrated central distribution; tails appear important.
realprize,Web,90->120,25,2295,0.15881210253602396,0.12507788879900958,False,1.1548070409378668,0.13951709663856382,1.1362543601731283,0.12845082078823644,0.11304759329474846,0.16760436181879404,1.0,1.0151902817067162,1.2647051809613647,1.323635378096804,0.24951489925464854,0.2195942281943196,1.323635378096804,0.2848265225116429,True,True,0.11933492991835502,0.28038202540016993,1.0,0,0.38236650095226726,False,1.0,1.0,1.0,1.0,1.0,0.0,0.0,0.0,High CV and high central dispersion; variability appears broad rather than tail-driven.
realprize,Web,120->150,30,1780,0.19570159855957847,0.08777486588634786,False,1.103341818675397,0.12056740472005203,1.0453552779986517,0.04535527799865169,0.043387429090600706,0.06432620236972461,1.0,1.0,1.1760294936689188,1.2796369558816412,0.17602949366891885,0.16839202649450427,1.2796369558816412,0.267504227287215,True,True,0.10433724854973957,0.24657640948396797,1.0,0,1.0694134442887828,False,0.7142857142857143,0.8571428571428571,1.0,1.0,1.0,-0.2857142857142857,-0.1428571428571428,-0.2857142857142857,High CV and high central dispersion; variability appears broad rather than tail-driven.
realprize,Web,150->180,35,3337,0.08775903327087586,0.08775903327087586,False,1.1114539693276189,0.267785616819855,1.0318779517689074,0.0318779517689074,0.030893141688181525,0.045802171866897924,1.0,1.0100712994291263,1.085542941658967,1.2066049233061373,0.07547164222984071,0.0731400860929945,1.2066049233061373,0.20022224813696496,True,True,0.16808955909358386,0.18781056732959064,1.0,0,4.861886259028953,False,1.0,0.5714285714285714,0.7142857142857143,0.8571428571428571,1.0,0.2857142857142857,0.4285714285714286,0.0,Distribution appears broadly stable relative to peers (or not in high-CV focus).
realprize,Web,180->270,30,15743,0.23285117144645298,0.11111706963959328,False,1.2442012378531326,0.16845591218401187,1.2094626305520892,0.12526312142719354,0.10356923667001937,0.1535517502869707,1.0636395260798415,1.0981732697123952,1.3449672376312098,1.4998962886259068,0.2467939679188147,0.20405257813228958,1.4101547111115142,0.3607029696708572,True,True,0.13050032234461637,0.3436994225633814,1.0,0,0.8437391764026287,False,0.8571428571428571,0.8571428571428571,0.7142857142857143,0.8571428571428571,0.8571428571428571,0.1428571428571428,0.0,0.0,High CV and high central dispersion; variability appears broad rather than tail-driven.
realprize,Web,270->365,30,21064,0.3440595732499129,0.10754247774608436,False,1.2131593920712664,0.1395148942599576,1.1799093984143338,0.11353089746336387,0.0962200128382202,0.14265579103394524,1.0658110082117407,1.0711596149008815,1.3247058301699564,1.3933471754733704,0.25354621526907484,0.21488617313313427,1.3073116760270498,0.277594337075204,True,True,0.1131970678645171,0.2679728729517818,1.0,0,0.4549005040388151,False,1.0,1.0,1.0,1.0,1.0,0.0,0.0,0.0,High CV and high central dispersion; variability appears broad rather than tail-driven.
realprize,App,1->7,30,31030,0.3413817307111275,0.22307881215105532,True,2.1288474505683714,0.38255178040868715,2.0472234799385873,0.25626853735034283,0.12517858448850458,0.1855897693626569,1.7242725985878966,1.9163430733187157,2.3278323848980564,2.5336326835647958,0.41148931157934077,0.2009987261340343,1.4693921863861488,0.3953452531724472,True,True,0.1762655766491314,0.3848488366358993,1.0,0,0.7644827218173854,True,0.5714285714285714,0.42857142857142855,0.2857142857142857,0.42857142857142855,0.42857142857142855,0.2857142857142857,0.14285714285714285,0.14285714285714285,CV is high in absolute terms but relatively normal compared with other populations in the same maturity patch. High CV but relatively concentrated central distribution; tails appear important.
realprize,App,7->14,30,32124,0.1700342229995119,0.11158643052714079,False,1.3071574370842522,0.133618450276318,1.302408482567457,0.11489277155393884,0.08821561982416534,0.13078847795130752,1.1620256986044337,1.1747092093731895,1.3731559540403246,1.495344126565651,0.1984467446671352,0.15236905112590654,1.2868425615384627,0.2559246445509491,True,True,0.09976071848866062,0.2521915913241442,1.0,0,0.7081374609712171,False,0.7142857142857143,0.7142857142857143,0.7142857142857143,0.42857142857142855,0.7142857142857143,0.0,0.0,0.0,High CV and high central dispersion; variability appears broad rather than tail-driven.
realprize,App,14->30,31,33338,0.2551021715692688,0.09372262843266262,False,1.4115065456841427,0.12907815027219383,1.4019919478479188,0.08459887872834071,0.06034191484352061,0.08946292294700366,1.2450942836183734,1.3190962456399,1.4865822112314793,1.6175963197239789,0.16748596559157924,0.11946285843415365,1.299175766049681,0.26569484701920176,True,True,0.09029084899223179,0.2617300372723057,1.0,0,0.480156240226188,False,0.14285714285714285,0.42857142857142855,0.2857142857142857,0.7142857142857143,0.2857142857142857,-0.14285714285714285,-0.2857142857142857,-0.14285714285714285,Distribution appears broadly stable relative to peers (or not in high-CV focus).
realprize,App,30->60,30,29597,0.16375346023553383,0.1175781206425376,False,1.451013219067449,0.17699405917285035,1.419801801534229,0.13155779658273914,0.09265926866734399,0.1373766317262042,1.245112351565951,1.3150643270020193,1.5713655128543043,1.7133897048996651,0.256301185852285,0.180518989041518,1.376092448801726,0.3298188189560659,True,True,0.11953477494844914,0.31924792388339285,1.0,0,0.5340751168724318,False,0.5714285714285714,0.5714285714285714,0.5714285714285714,0.5714285714285714,0.5714285714285714,0.0,0.0,0.0,Distribution appears broadly stable relative to peers (or not in high-CV focus).
realprize,App,60->90,30,21618,0.24250517284949455,0.13242946501850641,False,1.2403486982473382,0.1407752493972091,1.220295613631875,0.08780331738549074,0.07195249774287746,0.10667677315359012,1.0843925246095754,1.1303133854295684,1.2927696209524542,1.4852802633387843,0.1624562355228858,0.13312859089887194,1.3696887701006095,0.3285169054538159,True,True,0.10970259644448085,0.3145835389228156,1.0,0,0.8479971017656934,False,1.0,0.7142857142857143,0.8571428571428571,1.0,0.8571428571428571,0.1428571428571429,0.2857142857142857,0.1428571428571429,High CV and high central dispersion; variability appears broad rather than tail-driven.
realprize,App,90->120,32,19076,0.14035780985937577,0.07948050654263518,False,1.151617471681225,0.1057283794094517,1.1165092767206646,0.0690780262949976,0.061869639361966516,0.09172792731805156,1.031261956383766,1.0798878656213784,1.2218084923171826,1.2819148518854186,0.1419206266958042,0.12711101435058725,1.2430545352226459,0.22449692154627987,True,True,0.08872991216923903,0.21757168543794264,1.0,0,0.9683109092701204,False,0.42857142857142855,0.7142857142857143,0.5714285714285714,0.42857142857142855,0.7142857142857143,-0.14285714285714285,-0.28571428571428575,-0.28571428571428575,Distribution appears broadly stable relative to peers (or not in high-CV focus).
realprize,App,120->150,35,13650,0.052291814061530384,0.052291814061530384,False,1.090426833633522,0.0642214352746174,1.0748203661256541,0.03863435414356031,0.035944940532550054,0.0532919688335587,1.0230659900869954,1.0395407259451916,1.1261204099001838,1.1766694017737327,0.08657968395499216,0.08055270134774352,1.150140277533491,0.1429107751655498,True,True,0.05754050583949906,0.1398839154000521,1.0,0,0.9500191748970241,False,0.2857142857142857,0.5714285714285714,0.7142857142857143,0.5714285714285714,0.42857142857142855,-0.4285714285714286,-0.2857142857142857,-0.14285714285714285,Distribution appears broadly stable relative to peers (or not in high-CV focus).
realprize,App,150->180,35,19839,0.07265065198695278,0.07265065198695278,False,1.1043401852377464,0.08834481953986734,1.0802728913151305,0.06009545974529362,0.055629887807453045,0.08247687166332987,1.018024929170203,1.0410403122604315,1.1569027855498486,1.2006810079856607,0.11586247328941712,0.10725296748709992,1.179422009797286,0.16908327542413018,True,True,0.07593995904442254,0.16502449626979898,1.0,0,1.6853156497157789,False,0.7142857142857143,0.8571428571428571,0.8571428571428571,0.7142857142857143,0.7142857142857143,-0.1428571428571428,-0.1428571428571428,0.0,High CV and high central dispersion; variability appears broad rather than tail-driven.
realprize,App,180->270,30,13298,0.3083906967270658,0.10929313518513359,False,1.243625311413281,0.15879625329250743,1.1857167172136323,0.09893158448288197,0.08343610497064227,0.12370236922947421,1.0799613529823693,1.0990143760474718,1.3456890884245811,1.5045879153749289,0.24667471237710936,0.20803848743634237,1.3931868128613412,0.3581180531808712,True,True,0.12310646564382312,0.33159379410555334,1.0,0,0.8254478843849835,False,0.7142857142857143,0.7142857142857143,0.8571428571428571,0.7142857142857143,0.7142857142857143,-0.1428571428571428,0.0,0.0,High CV and high central dispersion; variability appears broad rather than tail-driven.
realprize,App,270->365,33,24384,0.20649108663055446,0.08592745486612158,False,1.1448685928997087,0.11072104192646445,1.1307955780448469,0.08827656856132693,0.07806589473400463,0.11574049553263525,1.022024540017485,1.0414743363789127,1.218466782905688,1.2818418499302533,0.17699244652677537,0.156520285331144,1.2542182694637873,0.22976505652948712,True,True,0.0936027312940477,0.22651248564785373,1.0,0,0.927120686086623,False,0.2857142857142857,0.8571428571428571,0.8571428571428571,0.7142857142857143,0.5714285714285714,-0.5714285714285714,-0.5714285714285714,-0.2857142857142857,Distribution appears broadly stable relative to peers (or not in high-CV focus).
realprize,Affiliate,1->7,30,15145,0.4255446030821991,0.14140344653772502,False,1.6722571699102666,0.2503160541920166,1.6637497812962048,0.17931592442011524,0.10777818061103674,0.15979193057392307,1.4088955971203934,1.4691888863775622,1.8033023892996947,2.0150377278285303,0.3341135029221325,0.20081956233937368,1.4302250159252508,0.3643228912919224,True,True,0.14623763824446762,0.35783178568688795,1.0,0,0.6167036872483561,False,0.2857142857142857,0.14285714285714285,0.14285714285714285,0.14285714285714285,0.2857142857142857,0.14285714285714285,0.14285714285714285,0.0,Distribution appears broadly stable relative to peers (or not in high-CV focus).
realprize,Affiliate,7->14,33,15284,0.11138404857251412,0.09018495310175713,False,1.216655257198773,0.10793052777364347,1.1947888475150126,0.07439496284427949,0.06226620126142809,0.09231586999019328,1.069921821965286,1.1411548664191804,1.2966415636554334,1.3726440857262114,0.15548669723625297,0.13013738583151555,1.2829386760285626,0.2533688395154875,True,True,0.08790787562871741,0.24915328716347204,1.0,0,0.3674844724213127,False,0.2857142857142857,0.42857142857142855,0.42857142857142855,0.2857142857142857,0.2857142857142857,-0.14285714285714285,-0.14285714285714285,0.0,Distribution appears broadly stable relative to peers (or not in high-CV focus).
realprize,Affiliate,14->30,30,15279,0.16637637264401606,0.09453153239303941,False,1.2518250297930666,0.10268537397070691,1.2746431281126807,0.05474196703550804,0.04294689692209187,0.06367306937669341,1.099985508031128,1.204466497083069,1.3146019300108858,1.3689969212550106,0.1101354329278168,0.08640491640267223,1.244559052150958,0.21104841605524388,True,True,0.08445350130664658,0.21878129220274956,1.0,0,-0.5637797383770485,False,0.2857142857142857,0.14285714285714285,0.14285714285714285,0.14285714285714285,0.14285714285714285,0.14285714285714285,0.14285714285714285,0.14285714285714285,Distribution appears broadly stable relative to peers (or not in high-CV focus).
realprize,Affiliate,30->60,32,9843,0.12357793433065091,0.09972573540944019,False,1.2451928352671042,0.11673813559912023,1.2388632280214025,0.10468622355948176,0.08450184103589618,0.12528242951981966,1.076044746534008,1.135538338329848,1.3440614379744702,1.38979050567357,0.20852309964462212,0.16831809591899494,1.291573152650159,0.2532529435397382,True,True,0.09511097809742448,0.25586097356807874,1.0,0,-0.17850181320516373,False,0.42857142857142855,0.42857142857142855,0.42857142857142855,0.42857142857142855,0.2857142857142857,0.0,0.0,0.14285714285714285,Distribution appears broadly stable relative to peers (or not in high-CV focus).
realprize,Affiliate,60->90,35,11753,0.07597826735976242,0.07597826735976242,False,1.172781027872298,0.09266323880557657,1.14526333306469,0.067661246708284,0.05907920454174024,0.08759082865358407,1.0665977858720808,1.093648153547324,1.2340982579138053,1.300059462760776,0.14045010436648142,0.12263564222443164,1.2188844567099961,0.20384977860415635,True,True,0.0779307285080844,0.19793606069909098,1.0,0,0.4967135475724535,False,0.14285714285714285,0.42857142857142855,0.42857142857142855,0.2857142857142857,0.2857142857142857,-0.2857142857142857,-0.2857142857142857,-0.14285714285714285,Distribution appears broadly stable relative to peers (or not in high-CV focus).
realprize,Affiliate,90->120,35,18369,0.07581600323086178,0.07581600323086178,False,1.110333327438314,0.07079580344533244,1.0792874149853129,0.023304924977417762,0.021592881241680094,0.0320136057289149,1.0487050268310643,1.0642188918313784,1.1344407983338258,1.206348085782593,0.07022190650244742,0.06506321256734288,1.1503216394679525,0.14606216728069046,True,True,0.060849747679184524,0.14004158976405431,1.0,0,1.7491470822179411,False,0.2857142857142857,0.14285714285714285,0.2857142857142857,0.2857142857142857,0.14285714285714285,0.0,0.14285714285714285,0.14285714285714285,Distribution appears broadly stable relative to peers (or not in high-CV focus).
realprize,Affiliate,120->150,35,19102,0.0961025076527806,0.0961025076527806,False,1.0914653450557947,0.10545568994304821,1.0611171607652936,0.0238903226505216,0.022514311834606032,0.0333797187259869,1.0259214900096219,1.0433044331509862,1.1009817927154764,1.1577918203556068,0.05767735956449016,0.05435531692173594,1.1285384229009066,0.12427499546881146,True,True,0.08404256371242638,0.12092336445916134,1.0,0,3.717675702690831,False,1.0,0.14285714285714285,0.14285714285714285,0.2857142857142857,0.7142857142857143,0.8571428571428572,0.8571428571428572,0.2857142857142857,High CV but relatively concentrated central distribution; tails appear important. Strong right skew; original-scale CV appears more sensitive than log-scale dispersion.
realprize,Affiliate,150->180,35,24256,0.05290117111940494,0.05290117111940494,False,1.0866042534994556,0.05971710970591087,1.0776777097915715,0.03361923731700189,0.03119600323134087,0.04625119439078597,1.0290584181146212,1.0396734815881512,1.1059192618725913,1.1458761700769922,0.06624578028444006,0.061470864324782534,1.1135190674368103,0.10839766926696864,True,True,0.052654397117306434,0.1075253314454675,1.0,0,1.8509287042239835,False,0.42857142857142855,0.7142857142857143,0.5714285714285714,0.2857142857142857,0.42857142857142855,-0.14285714285714285,-0.28571428571428575,0.0,Distribution appears broadly stable relative to peers (or not in high-CV focus).
realprize,Affiliate,180->270,35,23393,0.06777421553542597,0.06777421553542597,False,1.1499404896294452,0.07859457568960873,1.1283508495838865,0.05488901510059829,0.0486453438846971,0.07212158684345192,1.0688688441474425,1.0863892796746195,1.1867143104056082,1.256028796977609,0.10032503073098864,0.08891297486768988,1.1751009526144904,0.165870352204004,True,True,0.06653377699609656,0.1613540610241732,1.0,0,0.9842377487074746,False,0.14285714285714285,0.14285714285714285,0.14285714285714285,0.14285714285714285,0.14285714285714285,0.0,0.0,0.0,Distribution appears broadly stable relative to peers (or not in high-CV focus).
realprize,Affiliate,270->365,35,39713,0.0860767217680895,0.0860767217680895,False,1.1195604757741642,0.09366978223278405,1.0807422380122735,0.04167717379112945,0.03856347269982072,0.057174204624754185,1.0305000800361925,1.0440048991009023,1.1649614136176714,1.2561204753676949,0.12095651451676903,0.11191985495008976,1.2189426276644038,0.20876429864207832,True,True,0.080412064737497,0.19798378430901514,1.0,0,1.157956642690884,False,0.42857142857142855,0.2857142857142857,0.7142857142857143,0.42857142857142855,0.2857142857142857,-0.28571428571428575,0.14285714285714285,0.14285714285714285,Distribution appears broadly stable relative to peers (or not in high-CV focus).
realprize,Blended,1->7,30,72450,0.27784995498601617,0.19202002056589995,True,2.308281285656935,0.42076432947567943,2.233402990882106,0.31700995841704627,0.14194033038875795,0.2104407338343725,1.8339465723671962,1.9587387658928486,2.6818113928145495,2.9361710294594476,0.7230726269217009,0.3237537649379236,1.6010123052110168,0.4935179461978406,True,True,0.1782234425800731,0.47063611993820575,1.0,0,0.5436394437379748,True,0.42857142857142855,0.5714285714285714,0.5714285714285714,0.5714285714285714,0.5714285714285714,-0.14285714285714285,-0.14285714285714285,-0.14285714285714285,CV is high in absolute terms but relatively normal compared with other populations in the same maturity patch.
realprize,Blended,7->14,30,73413,0.13313703494348675,0.10073197952669712,False,1.3932102533936128,0.135941586519451,1.388155764016882,0.08398260964796711,0.06049941355640674,0.08969643053872862,1.2387311194635517,1.304785106450319,1.4691465026032193,1.6160316347080672,0.16436139615290024,0.11840270408652884,1.3045862894022637,0.27179984049680966,True,True,0.09641897051271757,0.2658859708981921,1.0,0,0.4495933633846058,False,0.5714285714285714,0.2857142857142857,0.2857142857142857,0.5714285714285714,0.42857142857142855,0.2857142857142857,0.2857142857142857,0.14285714285714285,High CV but relatively concentrated central distribution; tails appear important.
realprize,Blended,14->30,31,72293,0.16758236840157628,0.09860526380074698,False,1.4624858513345147,0.1418107917383548,1.4060543662738554,0.10505340671285524,0.07471503892929424,0.11077251671657162,1.2967598355372945,1.3603627533626717,1.5593517838269957,1.6559073637500459,0.19898903046432403,0.1415229988522131,1.276957628059126,0.2554293324834359,True,True,0.09502030973072488,0.24448039565348922,1.0,0,0.6036830594317986,False,0.42857142857142855,0.7142857142857143,0.42857142857142855,0.42857142857142855,0.5714285714285714,0.0,-0.28571428571428575,-0.14285714285714285,Distribution appears broadly stable relative to peers (or not in high-CV focus).
realprize,Blended,30->60,31,60391,0.1928882310790579,0.08518026383865561,False,1.4080127555315487,0.1236450427349605,1.3842287832603317,0.06485891307868163,0.046855630993250075,0.06946815851059254,1.2737216176475596,1.3296410951011737,1.452354289748535,1.5459271320529155,0.12271319464736141,0.08865094855080959,1.2137087968312048,0.196647777952008,True,True,0.08441436145345818,0.19368079304920777,1.0,0,1.2052071542852871,False,0.14285714285714285,0.14285714285714285,0.14285714285714285,0.14285714285714285,0.14285714285714285,0.0,0.0,0.0,Distribution appears broadly stable relative to peers (or not in high-CV focus).
realprize,Blended,60->90,32,55211,0.1429633570252636,0.09438650481737293,False,1.274626823910364,0.12273133781645841,1.2557280266044188,0.10537786734314114,0.08391774740274824,0.12441645229931453,1.1147043340073188,1.1633830852459128,1.3711594131913754,1.4504202364626493,0.20777632794546252,0.16546284190797672,1.3011703572089335,0.2673476225286864,True,True,0.09574755692627816,0.26326413423931594,1.0,0,0.2943977365832387,False,0.5714285714285714,1.0,1.0,0.7142857142857143,0.5714285714285714,-0.4285714285714286,-0.4285714285714286,0.0,Distribution appears broadly stable relative to peers (or not in high-CV focus).
realprize,Blended,90->120,34,57773,0.11328920156692315,0.09075786872952178,False,1.1897657777590604,0.11129829188607956,1.1582038129813492,0.07148757857363763,0.06172279677582862,0.0915102184998435,1.0821938132409332,1.0894761843494303,1.259509614834801,1.3605249697157276,0.17003343048537078,0.14680786626637438,1.257191598278735,0.24031276132508844,True,True,0.09094146844505617,0.22888034303534238,1.0,0,0.8000759818873401,False,0.7142857142857143,0.5714285714285714,0.7142857142857143,0.8571428571428571,0.8571428571428571,0.0,0.1428571428571429,-0.1428571428571428,Distribution appears broadly stable relative to peers (or not in high-CV focus).
realprize,Blended,120->150,35,55165,0.04143681744439273,0.04143681744439273,False,1.1056862949955581,0.046711556563106445,1.1047980262596815,0.030920120148735908,0.02798712471764334,0.04149371110637801,1.053511132956246,1.0650171029181639,1.1285587496910174,1.1705293246718245,0.06354164677285357,0.05751426528881051,1.1110744709334157,0.10591817593279568,True,True,0.04164821524977978,0.1053275389541749,1.0,0,0.8126324721944763,False,0.14285714285714285,0.2857142857142857,0.2857142857142857,0.14285714285714285,0.14285714285714285,-0.14285714285714285,-0.14285714285714285,0.0,Distribution appears broadly stable relative to peers (or not in high-CV focus).
realprize,Blended,150->180,35,65086,0.0533103655497895,0.0533103655497895,False,1.1103667890576159,0.06030046015182833,1.1000295374853182,0.03180955994028767,0.028917005276971684,0.04287235202363822,1.0521357002118124,1.0672112437623835,1.1191375489549436,1.2006043248156886,0.05192630519256003,0.04720446444671317,1.1411116689358483,0.1349678527208255,True,True,0.052616514378241414,0.13200293544761726,1.0,0,1.3843626031155567,False,0.5714285714285714,0.2857142857142857,0.2857142857142857,0.5714285714285714,0.2857142857142857,0.2857142857142857,0.2857142857142857,0.2857142857142857,High CV but relatively concentrated central distribution; tails appear important. Strong right skew; original-scale CV appears more sensitive than log-scale dispersion.
realprize,Blended,180->270,31,78724,0.1352928867087603,0.09745262054937798,False,1.2497599344331083,0.10950769177497824,1.238364509557744,0.06498263189385,0.05247455930165278,0.07779878162063042,1.108777972694073,1.1726558919930465,1.299406016026083,1.4312499248685364,0.12675012403303643,0.10235283961610186,1.2908354604041523,0.2604014808932368,True,True,0.08622905876843828,0.25528965246703894,1.0,0,0.5499299651052559,False,0.5714285714285714,0.5714285714285714,0.42857142857142855,0.5714285714285714,0.2857142857142857,0.14285714285714285,0.0,0.2857142857142857,Original-scale CV high relative to log-scale dispersion; variability may be multiplicative / asymmetric.
realprize,Blended,270->365,35,117016,0.07436823767402696,0.07436823767402696,False,1.2117932293407436,0.09010486186917152,1.189151787784631,0.056703310971170984,0.04768382939305693,0.0706960454581462,1.1201886140816164,1.1430823255291709,1.2727603264620444,1.351628472195015,0.12967800093287352,0.10905083965307857,1.2066079365599907,0.1946260019039007,True,True,0.0731381280206879,0.18781306462595723,1.0,0,0.5931785514869208,False,0.14285714285714285,0.5714285714285714,0.5714285714285714,0.2857142857142857,0.14285714285714285,-0.42857142857142855,-0.42857142857142855,0.0,Distribution appears broadly stable relative to peers (or not in high-CV focus).
lonestar,Web,1->7,30,19978,0.43933974924434294,0.31600223030415125,True,2.6938302976523505,0.7553542261309424,2.7761435418304536,0.4364069051905448,0.15719896994331906,0.23306319283796484,1.6016685718990429,2.1307250561769524,3.167785223416999,3.542114154047983,1.0370601672400466,0.373561435716058,2.2115150513618564,0.6989716320178117,True,True,0.3064470793497059,0.7936778242546356,1.0,0,-0.10821526878231821,True,1.0,0.7142857142857143,0.7142857142857143,1.0,1.0,0.2857142857142857,0.2857142857142857,0.0,High CV and high central dispersion; variability appears broad rather than tail-driven.
lonestar,Web,7->14,30,21937,0.2168657597642927,0.14239194875971686,False,1.3693539008177968,0.20488035401289156,1.3325527931333865,0.16922121837885673,0.126990254533141,0.18827575137083483,1.1248616048838995,1.200345830209661,1.5286424517503532,1.6448700437860198,0.32829662154069217,0.2463666904849076,1.462286592985625,0.3902347746233482,True,True,0.14788660567149334,0.3800013701505456,1.0,0,0.37585832134741054,False,0.8571428571428571,1.0,1.0,0.8571428571428571,1.0,-0.1428571428571429,-0.1428571428571429,-0.1428571428571429,High CV and high central dispersion; variability appears broad rather than tail-driven.
lonestar,Web,14->30,30,23374,0.25892481553995583,0.15885231309208403,False,1.5051503480347563,0.24529233750650528,1.4630298439153373,0.14384286499373988,0.09831847627167323,0.14576697292038274,1.2802722444604684,1.3294172762622314,1.6161880994360474,1.759990567928897,0.28677082317381597,0.1960116017909549,1.374700244845651,0.32789373741318495,True,True,0.15505821099956318,0.3182357036036457,1.0,0,1.0793961729173696,False,0.8571428571428571,0.8571428571428571,0.8571428571428571,0.8571428571428571,0.8571428571428571,0.0,0.0,0.0,High CV and high central dispersion; variability appears broad rather than tail-driven.
lonestar,Web,30->60,30,15967,0.28935379418630225,0.16229178803987018,False,1.4355668182143195,0.23257491204982733,1.3978542766868713,0.15111654090814786,0.1081060761686241,0.16027806852760207,1.182689040223583,1.2498336693917025,1.5484340204348566,1.743304265369952,0.2986003510431541,0.21361336158078123,1.4740174349128887,0.40105412595303774,True,True,0.15434658464605872,0.38799162199630144,1.0,0,0.9585206477995892,False,0.8571428571428571,0.8571428571428571,0.8571428571428571,0.8571428571428571,0.8571428571428571,0.0,0.0,0.0,High CV and high central dispersion; variability appears broad rather than tail-driven.
lonestar,Web,60->90,30,16275,0.22662427303008711,0.12487840143016593,False,1.2518370789238673,0.14428315811509054,1.2300562106704906,0.09897875884671403,0.0804668583338657,0.11930016416578929,1.1152808334955615,1.1304056298815548,1.2851638040788949,1.5147521308526521,0.15475817419734006,0.12581390415726043,1.358180007545768,0.3247585711057408,True,True,0.11048493274227514,0.3061455737731128,1.0,0,0.963305628118536,False,0.7142857142857143,0.8571428571428571,0.5714285714285714,0.8571428571428571,1.0,0.1428571428571429,-0.1428571428571428,-0.2857142857142857,Distribution appears broadly stable relative to peers (or not in high-CV focus).
lonestar,Web,90->120,30,9219,0.15386251694687297,0.10741588751336203,False,1.1254248964415807,0.0985084506633946,1.0832411497213468,0.05715071943289196,0.052758999644348284,0.07822049287271077,1.0195889470355977,1.0376966228226543,1.2047645102754292,1.26672251528634,0.1670678874527749,0.1542296352901212,1.2423854916917945,0.22814270701802178,True,True,0.08579936657183049,0.21703331513749988,1.0,0,0.6005778805916951,False,0.8571428571428571,0.42857142857142855,0.8571428571428571,0.5714285714285714,0.5714285714285714,0.0,0.42857142857142855,0.2857142857142857,Original-scale CV high relative to log-scale dispersion; variability may be multiplicative / asymmetric.
lonestar,Web,120->150,34,6056,0.1759456256251545,0.07929874985057309,False,1.0992549871667179,0.07872277891581207,1.0931496278246429,0.05302995413007694,0.04851115783262538,0.07192264260265038,1.010392825919195,1.0307983575581057,1.1407404065537055,1.2132658239082714,0.10994204899559978,0.1005736508499604,1.2007862613281273,0.18558575406807915,True,True,0.07009395513203881,0.18297656000594653,1.0,0,0.761921531013767,False,0.5714285714285714,1.0,0.8571428571428571,0.7142857142857143,0.5714285714285714,-0.2857142857142857,-0.4285714285714286,0.0,Distribution appears broadly stable relative to peers (or not in high-CV focus).
lonestar,Web,150->180,31,4223,0.17790230460764678,0.07772289370998825,False,1.1190310593807722,0.09331780504853127,1.1011491089245167,0.0786355973997459,0.07141230625573375,0.10587588525475085,1.0104277364505845,1.0279579314605978,1.181891212323269,1.2534979757449662,0.15393328086267122,0.13979331192758862,1.2405617250257157,0.22074234753891459,True,True,0.08226206610594043,0.21556428109458284,1.0,0,0.47324738103600766,False,0.8571428571428571,1.0,1.0,1.0,0.8571428571428571,-0.1428571428571429,-0.1428571428571429,0.0,High CV and high central dispersion; variability appears broad rather than tail-driven.
lonestar,Web,180->270,30,26859,2.07056486194119,0.19407691938077176,True,1.405563081777242,0.2569258517008837,1.3083321606700957,0.14155658948454275,0.10819621632784822,0.16041171032766777,1.162622266525199,1.210641654098514,1.5137048950982437,1.8364861452783308,0.3030632409997296,0.23164090137821577,1.5796068922429554,0.5150556555974249,True,True,0.1683933878571348,0.45717601370455274,1.0,0,1.3724248085722557,True,1.0,1.0,1.0,1.0,1.0,0.0,0.0,0.0,High CV and high central dispersion; variability appears broad rather than tail-driven.
lonestar,Web,270->365,30,31294,0.30614808026024526,0.09887739222398688,False,1.3031905225318645,0.1340319506797395,1.3066753996774856,0.054304788599339515,0.041559509433439286,0.06161612868601708,1.1476632118443446,1.216924030344991,1.3405974510516572,1.479737600295282,0.12367342070666609,0.0946473934821083,1.2893482905296576,0.25413686408491365,True,True,0.09986366140856184,0.2541368895766878,1.0,0,0.889710730096895,False,0.8571428571428571,0.42857142857142855,0.14285714285714285,0.8571428571428571,0.8571428571428571,0.7142857142857142,0.42857142857142855,0.0,High CV but relatively concentrated central distribution; tails appear important.
lonestar,Affiliate,1->7,30,42607,0.1739558810817487,0.1354680291163792,False,1.7907689819285555,0.2500379257507002,1.73498009511372,0.21626033470185568,0.12464715607453745,0.1848018735961092,1.4965445260304178,1.5826818559658942,2.0163476406075813,2.134678083596753,0.43366578464168715,0.24995432850384508,1.4264046585095491,0.36780454102241944,True,True,0.13786851719670726,0.3551570534823446,1.0,0,0.3713559151257901,False,0.14285714285714285,0.2857142857142857,0.42857142857142855,0.2857142857142857,0.14285714285714285,-0.2857142857142857,-0.14285714285714285,0.0,Distribution appears broadly stable relative to peers (or not in high-CV focus).
lonestar,Affiliate,7->14,33,38030,0.1297429820245585,0.08955559645359912,False,1.2157854642297323,0.09735100534528046,1.2052533520988944,0.06733972744069572,0.05587184414250051,0.08283559612567125,1.119855387792357,1.1464106299692056,1.275577642350849,1.3445372912719533,0.1291670123816433,0.10717000882570023,1.2006347479584183,0.18641881649889044,True,True,0.07850631435130666,0.18285037357772424,1.0,0,0.7503541874479714,False,0.14285714285714285,0.14285714285714285,0.14285714285714285,0.14285714285714285,0.14285714285714285,0.0,0.0,0.0,Distribution appears broadly stable relative to peers (or not in high-CV focus).
lonestar,Affiliate,14->30,32,35716,0.1330107929449713,0.09974901246771256,False,1.2704820965668007,0.11723592002884425,1.2391797305598355,0.06413413056373585,0.051755309566564156,0.076732421963388,1.1403780028026487,1.1922919259921354,1.3720123508437227,1.4493429961459823,0.17972042485158735,0.14503176611062982,1.2709320879427752,0.24933025107160983,True,True,0.09071972784708981,0.23975055879140236,1.0,0,0.5570952902185792,False,0.5714285714285714,0.2857142857142857,0.5714285714285714,0.2857142857142857,0.42857142857142855,0.0,0.2857142857142857,0.14285714285714285,Distribution appears broadly stable relative to peers (or not in high-CV focus).
lonestar,Affiliate,30->60,33,26953,0.15909764541437735,0.09407780423633957,False,1.208918187281879,0.12562963817088751,1.1664865012728163,0.06444921472015985,0.0552507162747583,0.08191471194895664,1.1009799538285414,1.1085925328528796,1.2673430657147187,1.384446089379716,0.15875053286183904,0.13609290179407801,1.257467117875717,0.24300850052003972,True,True,0.09876091624084622,0.22909947384328433,1.0,0,1.2458224197848167,False,0.2857142857142857,0.2857142857142857,0.2857142857142857,0.2857142857142857,0.42857142857142855,0.0,0.0,-0.14285714285714285,Distribution appears broadly stable relative to peers (or not in high-CV focus).
lonestar,Affiliate,60->90,35,35792,0.08620762402472856,0.08620762402472856,False,1.1761684319354435,0.08840598446520061,1.1538007917927449,0.049373790659641204,0.04279230089877606,0.06344386531252538,1.0780945122137833,1.1164205778788008,1.2364004960830546,1.3062849391618252,0.1199799182042538,0.10398668388659381,1.2116608742210093,0.1977728118850445,True,True,0.0732489194633149,0.1919920417455686,1.0,0,0.8700229772911972,False,0.2857142857142857,0.2857142857142857,0.2857142857142857,0.14285714285714285,0.14285714285714285,0.0,0.0,0.14285714285714285,Distribution appears broadly stable relative to peers (or not in high-CV focus).
lonestar,Affiliate,90->120,35,40814,0.0681922557355288,0.0681922557355288,False,1.1222233988831496,0.08567545886972372,1.0951346598089329,0.03433125888809596,0.031348892650412234,0.04647786824350118,1.0461543537263653,1.0779849772548387,1.1396986136695284,1.2034943154084512,0.06171363641468974,0.05635255524234514,1.1503984198140995,0.14367179439790245,True,True,0.07139013551167221,0.14010833438677855,1.0,0,2.197059327809036,False,0.14285714285714285,0.2857142857142857,0.14285714285714285,0.14285714285714285,0.2857142857142857,0.0,-0.14285714285714285,-0.14285714285714285,Distribution appears broadly stable relative to peers (or not in high-CV focus).
lonestar,Affiliate,120->150,35,51842,0.0635553646456303,0.0635553646456303,False,1.1022856743372074,0.06418147004413471,1.0873634001836345,0.033517880440938175,0.030824911373031,0.04570101360165576,1.0416811015978906,1.0557704777375523,1.128606480773533,1.191520507590747,0.0728360030359807,0.06698404877677519,1.1438438364322916,0.13780067084063277,True,True,0.05645340413402349,0.13439437702460044,1.0,0,1.2546129873715077,False,0.42857142857142855,0.42857142857142855,0.42857142857142855,0.42857142857142855,0.2857142857142857,0.0,0.0,0.14285714285714285,Distribution appears broadly stable relative to peers (or not in high-CV focus).
lonestar,Affiliate,150->180,35,48094,0.03199368448191606,0.03199368448191606,False,1.067943940693559,0.035242310513377305,1.0594883654435685,0.017793773501923793,0.016794685135097447,0.024899800181295475,1.0278215764768566,1.0485966975011336,1.0843324146344833,1.1058096896637104,0.035735717133349665,0.03372922091351937,1.0758770928454136,0.07360922095090974,True,True,0.03221777270153736,0.0731362292352097,1.0,0,1.6852826904408804,False,0.14285714285714285,0.14285714285714285,0.14285714285714285,0.14285714285714285,0.14285714285714285,0.0,0.0,0.0,Distribution appears broadly stable relative to peers (or not in high-CV focus).
lonestar,Affiliate,180->270,35,40012,0.08789223631764141,0.08789223631764141,False,1.2045382373903604,0.11625056642314939,1.1947427379608875,0.05864116149863219,0.049082668289507476,0.07276996400602377,1.0928714796454708,1.1270747311661875,1.24247001034085,1.3113120972699523,0.11539527917466241,0.0965858803809194,1.1998776815873573,0.18283485698126306,True,True,0.08910824694222573,0.18221961958799868,1.0,0,2.1852457186109726,False,0.42857142857142855,0.2857142857142857,0.2857142857142857,0.2857142857142857,0.5714285714285714,0.14285714285714285,0.14285714285714285,-0.14285714285714285,Distribution appears broadly stable relative to peers (or not in high-CV focus).
lonestar,Affiliate,270->365,35,32554,0.09460817253807544,0.09460817253807544,False,1.1505058176587348,0.11855448730536826,1.1099079990655816,0.040233343036231384,0.03624925946123765,0.05374315207723094,1.0561624855081249,1.073373627013631,1.1881604202444218,1.29974698883437,0.11478679323079088,0.10342009727601614,1.2306316562730928,0.219463688460049,True,True,0.09481185816868704,0.2075275792523633,1.0,0,2.05944643965063,False,0.7142857142857143,0.14285714285714285,0.42857142857142855,0.5714285714285714,0.7142857142857143,0.28571428571428575,0.5714285714285714,0.0,High CV but relatively concentrated central distribution; tails appear important.
lonestar,Blended,1->7,30,83998,0.30809886445487106,0.23819673615015216,True,2.6376088724724016,0.6011262871718347,2.4601354382137774,0.4832596905654798,0.19643621365674022,0.29123633036748303,1.919354792973182,2.1712478142941056,3.1385754334670426,3.4858186373048867,0.967327619172937,0.39320096127523835,1.8161408459064359,0.6367388640476892,True,True,0.2256079718375379,0.5967138354901326,1.0,0,0.4396916434121455,True,0.7142857142857143,0.8571428571428571,0.8571428571428571,0.8571428571428571,0.7142857142857143,-0.1428571428571428,-0.1428571428571428,0.0,High CV and high central dispersion; variability appears broad rather than tail-driven.
lonestar,Blended,7->14,33,81256,0.11260993544249197,0.0993351845976135,False,1.3630419545526242,0.13616978786149364,1.3104529147297557,0.08434944758464225,0.06436663739424546,0.0954299766007083,1.2131113726299703,1.265857367129461,1.443781664690297,1.5745991115722724,0.17792429756083594,0.13577313275504282,1.29798396676359,0.27584946767572255,True,True,0.09765336915689875,0.2608122659433511,1.0,0,0.6552082212744142,False,0.42857142857142855,0.5714285714285714,0.5714285714285714,0.7142857142857143,0.5714285714285714,-0.14285714285714285,-0.14285714285714285,-0.14285714285714285,Distribution appears broadly stable relative to peers (or not in high-CV focus).
lonestar,Blended,14->30,30,80092,0.14887701753401625,0.10103162688231854,False,1.5283590570438355,0.15379866383927654,1.489036046397223,0.09333679314863808,0.06268269554284454,0.09293336441182132,1.353650151461629,1.4067747461586773,1.679203439957917,1.749207138790914,0.27242869379923973,0.18295641294808873,1.2922150800206205,0.26564634770686013,True,True,0.09970786747758102,0.2563578621099121,1.0,0,0.3392565864690923,False,0.7142857142857143,0.5714285714285714,0.7142857142857143,0.5714285714285714,0.7142857142857143,0.0,0.1428571428571429,0.0,Distribution appears broadly stable relative to peers (or not in high-CV focus).
lonestar,Blended,30->60,30,68650,0.2256774868877407,0.1301711544926913,False,1.555081134567886,0.19980776895007737,1.529517569542973,0.153019972045924,0.10004459908992551,0.14832612261072353,1.3146567768991493,1.3818286840506475,1.682948454466903,1.8382055383880023,0.3011197704162556,0.19687238408528487,1.3982398833585565,0.342296663937827,True,True,0.12756041486583805,0.33521421947690566,1.0,0,0.3452646993794678,False,0.7142857142857143,0.7142857142857143,0.7142857142857143,0.7142857142857143,0.7142857142857143,0.0,0.0,0.0,High CV and high central dispersion; variability appears broad rather than tail-driven.
lonestar,Blended,60->90,33,76397,0.1715233627297615,0.08623048732741309,False,1.2902245857726935,0.1233676766339056,1.2725525627309866,0.080049176620272,0.06290441665409945,0.09326208813136783,1.1445244152898932,1.1956073668927312,1.3601395721294784,1.472960759511553,0.16453220523674728,0.12929305244857603,1.2869631611471313,0.2580925565202686,True,True,0.0937166424361819,0.2522853043870175,1.0,0,0.6455006736712099,False,0.42857142857142855,0.5714285714285714,0.7142857142857143,0.5714285714285714,0.42857142857142855,-0.28571428571428575,-0.14285714285714285,0.0,Distribution appears broadly stable relative to peers (or not in high-CV focus).
lonestar,Blended,90->120,35,75412,0.08331271098312847,0.08331271098312847,False,1.2004021454759166,0.1011327733953591,1.1762967461092937,0.07407019137750126,0.06296896733115603,0.09335779096517192,1.0666872424495888,1.1365090267726625,1.2684378389304554,1.3425289454216272,0.13192881215779284,0.11215606316531873,1.2585966082603397,0.23450009862257068,True,True,0.08286477053180966,0.22999729725591278,1.0,0,0.5777866585437244,False,0.5714285714285714,0.8571428571428571,0.42857142857142855,0.7142857142857143,0.42857142857142855,0.14285714285714285,-0.2857142857142857,0.14285714285714285,Distribution appears broadly stable relative to peers (or not in high-CV focus).
lonestar,Blended,120->150,35,87668,0.09531237424683645,0.09531237424683645,False,1.1787441622767765,0.11467360204871102,1.154804518789441,0.045194078474093624,0.03913569590242832,0.058022582744940224,1.0834184529864777,1.109587618455868,1.1904704518736235,1.3239031343385446,0.0808828334177556,0.07004028136514698,1.2219684192097366,0.20824709068870143,True,True,0.09071904419676732,0.2004630168882335,1.0,0,1.803769440421061,False,0.8571428571428571,0.7142857142857143,0.5714285714285714,0.8571428571428571,0.8571428571428571,0.2857142857142857,0.1428571428571428,0.0,Distribution appears broadly stable relative to peers (or not in high-CV focus).
lonestar,Blended,150->180,35,82701,0.052297963669458214,0.052297963669458214,False,1.136676435875493,0.06219503495677986,1.1290934731213227,0.03426221297824372,0.0303448862241029,0.044989328315854955,1.0763157012575861,1.0925925596619939,1.1600557964484643,1.206324770662684,0.06746323678647048,0.05974991299876327,1.120790832330322,0.11514464701110559,True,True,0.05282849656630073,0.11403453643040669,1.0,0,1.5204920399544124,False,0.2857142857142857,0.42857142857142855,0.42857142857142855,0.42857142857142855,0.5714285714285714,-0.14285714285714285,-0.14285714285714285,-0.2857142857142857,Distribution appears broadly stable relative to peers (or not in high-CV focus).
lonestar,Blended,180->270,34,128516,0.10256525820592685,0.0849588379808578,False,1.3317989714420482,0.11982894505246916,1.3271924925571281,0.06838279694933402,0.05152440006466547,0.07639007553587303,1.2010050416978224,1.2436996720031623,1.3820989723503248,1.496084350156314,0.1383993003471624,0.10427974926267533,1.245693646748849,0.22233346715965546,True,True,0.08802422873623283,0.21969252075148318,1.0,0,0.7150198254899316,False,0.2857142857142857,0.42857142857142855,0.5714285714285714,0.42857142857142855,0.42857142857142855,-0.2857142857142857,-0.14285714285714285,-0.14285714285714285,Distribution appears broadly stable relative to peers (or not in high-CV focus).
lonestar,Blended,270->365,33,120033,0.1354685006427621,0.09231100018802296,False,1.2685879561201168,0.11697528753729038,1.2487422386229061,0.06613543805109345,0.052961640926014165,0.0785209288369086,1.156844781986438,1.194852078553398,1.314905248493758,1.3974533773888753,0.12005316994035997,0.09613927216296678,1.2079869306142212,0.19268075344978863,True,True,0.08732464609568293,0.18895528042613463,1.0,0,1.5131133745531544,False,0.5714285714285714,0.7142857142857143,0.2857142857142857,0.14285714285714285,0.42857142857142855,0.2857142857142857,-0.1428571428571429,0.14285714285714285,High CV but relatively concentrated central distribution; tails appear important.
