brand,method,population,goal_horizon,day,ARPU_nominal,ARPU_at_horizon,raw_goal_ratio,organic_share,adjusted_goal_ratio,effective_patch,is_extrapolated
lonestar,native_ls_app,App,120,1,4.045430136018371,6855.4273379805245,0.0005901061941982564,0.33762183461493167,0.00039087345829540593,1->7,False
lonestar,native_ls_app,App,120,2,6.049594889006654,6855.4273379805245,0.000882453360053955,0.33762183461493167,0.0005845178376704279,1->7,False
lonestar,native_ls_app,App,120,3,7.445870576458812,6855.4273379805245,0.0010861278530671758,0.33762183461493167,0.000719427374688259,1->7,False
lonestar,native_ls_app,App,120,4,8.701784725902375,6855.4273379805245,0.001269327832809581,0.33762183461493167,0.000840775041168615,1->7,False
lonestar,native_ls_app,App,120,5,10.838387799564272,6855.4273379805245,0.0015809937535939298,0.33762183461493167,0.0010472157419908,1->7,False
lonestar,native_ls_app,App,120,6,11.668260024730614,6855.4273379805245,0.0017020470715349827,0.33762183461493167,0.00112739881664237,1->7,False
lonestar,native_ls_app,App,120,7,12.53166166166166,6855.4273379805245,0.0018279913189705318,0.33762183461493167,0.0012108215361995322,1->7,False
lonestar,native_ls_app,App,120,8,13.045689750271443,6855.4273379805245,0.001902972507344006,0.33762183461493167,0.0012604874381927462,7->14,False
lonestar,native_ls_app,App,120,9,13.767858222097919,6855.4273379805245,0.002008315097415016,0.33762183461493167,0.001330264069740893,7->14,False
lonestar,native_ls_app,App,120,10,14.212189172985465,6855.4273379805245,0.002073129576364542,0.33762183461493167,0.0013731957653978692,7->14,False
lonestar,native_ls_app,App,120,11,14.625525665873122,6855.4273379805245,0.002133422899086772,0.33762183461493167,0.0014131327458875896,7->14,False
lonestar,native_ls_app,App,120,12,15.074471791538981,6855.4273379805245,0.0021989105927829188,0.33762183461493167,0.0014565103642933427,7->14,False
lonestar,native_ls_app,App,120,13,15.403109829032463,6855.4273379805245,0.00224684896646719,0.33762183461493167,0.0014882636963058744,7->14,False
lonestar,native_ls_app,App,120,14,15.638510138006435,6855.4273379805245,0.002281186768819759,0.33762183461493167,0.0015110083068315238,7->14,False
lonestar,native_ls_app,App,120,15,16.549835458960732,6855.4273379805245,0.0024141216357543645,0.33762183461493167,0.0015990614601073762,14->30,False
lonestar,native_ls_app,App,120,16,17.020009727036438,6855.4273379805245,0.0024827058749119792,0.33762183461493167,0.0016444901626149278,14->30,False
lonestar,native_ls_app,App,120,17,17.447479445960667,6855.4273379805245,0.002545060808871523,0.33762183461493167,0.0016857927093737576,14->30,False
lonestar,native_ls_app,App,120,18,17.932507733758257,6855.4273379805245,0.002615811801316652,0.33762183461493167,0.0017326566219487349,14->30,False
lonestar,native_ls_app,App,120,19,18.461758698793954,6855.4273379805245,0.002693013548041256,0.33762183461493167,0.0017837933733087007,14->30,False
lonestar,native_ls_app,App,120,20,18.679847949594368,6855.4273379805245,0.0027248261893323615,0.33762183461493167,0.0018048653722831565,14->30,False
lonestar,native_ls_app,App,120,21,19.138483232133368,6855.4273379805245,0.0027917272386656484,0.33762183461493167,0.001849179166602875,14->30,False
lonestar,native_ls_app,App,120,22,20.937383199505014,6855.4273379805245,0.0030541324657483364,0.33762183461493167,0.002022990659505358,14->30,False
lonestar,native_ls_app,App,120,23,21.770571892032432,6855.4273379805245,0.0031756695562096962,0.33762183461493167,0.0021034941745113928,14->30,False
lonestar,native_ls_app,App,120,24,22.101987434872594,6855.4273379805245,0.00322401308411846,0.33762183461493167,0.0021355158718358415,14->30,False
lonestar,native_ls_app,App,120,25,22.625793138088582,6855.4273379805245,0.003300420531443296,0.33762183461493167,0.002186126496616623,14->30,False
lonestar,native_ls_app,App,120,26,23.258976788240762,6855.4273379805245,0.0033927829209684838,0.33762183461493167,0.0022473053267408976,14->30,False
lonestar,native_ls_app,App,120,27,23.474675214569416,6855.4273379805245,0.003424246813107438,0.33762183461493167,0.0022681463218917714,14->30,False
lonestar,native_ls_app,App,120,28,24.126064280978042,6855.4273379805245,0.0035192648235529414,0.33762183461493167,0.0023310841773292036,14->30,False
lonestar,native_ls_app,App,120,29,24.60231712179183,6855.4273379805245,0.0035887357430644425,0.33762183461493167,0.0023771001975428454,14->30,False
lonestar,native_ls_app,App,120,30,24.767426429545022,6855.4273379805245,0.003612820209227252,0.33762183461493167,0.0023930532220540457,14->30,False
lonestar,native_ls_app,App,120,31,26.364280412116464,6855.4273379805245,0.0038457530234552624,0.33762183461493167,0.0025473428322003765,14->30 (extrapolated),True
lonestar,native_ls_app,App,120,32,28.064089889434523,6855.4273379805245,0.004093703937893631,0.33762183461493167,0.0027115801040116126,14->30 (extrapolated),True
lonestar,native_ls_app,App,120,33,29.87349280962358,6855.4273379805245,0.004357641228887086,0.33762183461493167,0.0028864064025965626,14->30 (extrapolated),True
lonestar,native_ls_app,App,120,34,31.799555095588875,6855.4273379805245,0.0046385956013876165,0.33762183461493167,0.003072504444410377,14->30 (extrapolated),True
lonestar,native_ls_app,App,120,35,33.84979823824404,6855.4273379805245,0.0049376642139737905,0.33762183461493167,0.003270600963339465,14->30 (extrapolated),True
lonestar,native_ls_app,App,120,36,36.03222866878323,6855.4273379805245,0.005256014963379019,0.33762183461493167,0.0034814695486794617,14->30 (extrapolated),True
lonestar,native_ls_app,App,120,37,38.35536902469983,6855.4273379805245,0.0055948910452602914,0.33762183461493167,0.003705933666088859,14->30 (extrapolated),True
lonestar,native_ls_app,App,120,38,40.82829143164909,6855.4273379805245,0.005955615809017723,0.33762183461493167,0.003944869873315469,14->30 (extrapolated),True
lonestar,native_ls_app,App,120,39,43.46065293112419,6855.4273379805245,0.0063395979256235324,0.33762183461493167,0.0041992112432535,14->30 (extrapolated),True
lonestar,native_ls_app,App,120,40,46.2627331922947,6855.4273379805245,0.0067483368886414015,0.33762183461493167,0.004469951007698671,14->30 (extrapolated),True
lonestar,native_ls_app,App,120,41,49.24547465527652,6855.4273379805245,0.007183428869918309,0.33762183461493167,0.004758146436030624,14->30 (extrapolated),True
lonestar,native_ls_app,App,120,42,52.42052526259728,6855.4273379805245,0.007646572952816001,0.33762183461493167,0.005064922963969347,14->30 (extrapolated),True
lonestar,native_ls_app,App,120,43,55.800283945728374,6855.4273379805245,0.008139577767323554,0.33762183461493167,0.005391478588528866,14->30 (extrapolated),True
lonestar,native_ls_app,App,120,44,59.39794904431369,6855.4273379805245,0.008664368552961889,0.33762183461493167,0.005739088546330975,14->30 (extrapolated),True
lonestar,native_ls_app,App,120,45,63.227569847177634,6855.4273379805245,0.0092229946770617,0.33762183461493167,0.006109110293548379,14->30 (extrapolated),True
lonestar,native_ls_app,App,120,46,67.30410145638587,6855.4273379805245,0.009817637637774502,0.33762183461493167,0.006502988806924471,14->30 (extrapolated),True
lonestar,native_ls_app,App,120,47,71.6434631886091,6855.4273379805245,0.010450619583069474,0.33762183461493167,0.006922262226570826,14->30 (extrapolated),True
lonestar,native_ls_app,App,120,48,76.26260074185397,6855.4273379805245,0.011124412378983723,0.33762183461493167,0.007368567862578182,14->30 (extrapolated),True
lonestar,native_ls_app,App,120,49,81.17955237032893,6855.4273379805245,0.011841647262538538,0.33762183461493167,0.007843648588897393,14->30 (extrapolated),True
lonestar,native_ls_app,App,120,50,86.4135193258657,6855.4273379805245,0.01260512511701735,0.33762183461493167,0.008349359649459197,14->30 (extrapolated),True
lonestar,native_ls_app,App,120,51,91.9849408409778,6855.4273379805245,0.01341782740973151,0.33762183461493167,0.008887675903111441,14->30 (extrapolated),True
lonestar,native_ls_app,App,120,52,97.91557394637357,6855.4273379805245,0.014282927834987103,0.33762183461493167,0.009460699535666084,14->30 (extrapolated),True
lonestar,native_ls_app,App,120,53,104.22857843462016,6855.4273379805245,0.015203804707719924,0.33762183461493167,0.010070668269172389,14->30 (extrapolated),True
lonestar,native_ls_app,App,120,54,110.94860730175105,6855.4273379805245,0.016184054156197118,0.33762183461493167,0.010719964100474436,14->30 (extrapolated),True
lonestar,native_ls_app,App,120,55,118.10190302000186,6855.4273379805245,0.017227504165304504,0.33762183461493167,0.01141112260317802,14->30 (extrapolated),True
lonestar,native_ls_app,App,120,56,125.71640001763039,6855.4273379805245,0.0183382295252602,0.33762183461493167,0.012146842829352144,14->30 (extrapolated),True
lonestar,native_ls_app,App,120,57,133.82183376601623,6855.4273379805245,0.019520567744130964,0.33762183461493167,0.01292999784963241,14->30 (extrapolated),True
lonestar,native_ls_app,App,120,58,142.4498569000372,6855.4273379805245,0.02077913598629143,0.33762183461493167,0.013763645972886571,14->30 (extrapolated),True
lonestar,native_ls_app,App,120,59,151.63416282518594,6855.4273379805245,0.02211884910297283,0.33762183461493167,0.014651042689256308,14->30 (extrapolated),True
lonestar,native_ls_app,App,120,60,161.4106172941266,6855.4273379805245,0.023544938825312535,0.33762183461493167,0.015595653383214182,14->30 (extrapolated),True
lonestar,native_ls_app,App,120,61,171.81739846651246,6855.4273379805245,0.025062974194855446,0.33762183461493167,0.01660116686628166,14->30 (extrapolated),True
lonestar,native_ls_app,App,120,62,182.89514599901435,6855.4273379805245,0.026678883311290657,0.33762183461493167,0.017671509782255023,14->30 (extrapolated),True
lonestar,native_ls_app,App,120,63,194.6871197477732,6855.4273379805245,0.028398976482350735,0.33762183461493167,0.01881086194119318,14->30 (extrapolated),True
lonestar,native_ls_app,App,120,64,207.23936870302754,6855.4273379805245,0.030229970866276618,0.33762183461493167,0.020023672642048372,14->30 (extrapolated),True
lonestar,native_ls_app,App,120,65,220.60091081562481,6855.4273379805245,0.032179016703079745,0.33762183461493167,0.021314678047681432,14->30 (extrapolated),True
lonestar,native_ls_app,App,120,66,234.82392441765973,6855.4273379805245,0.034253725237037416,0.33762183461493167,0.022688919680113058,14->30 (extrapolated),True
lonestar,native_ls_app,App,120,67,249.9639519847582,6855.4273379805245,0.03646219843946194,0.33762183461493167,0.024151764108237102,14->30 (extrapolated),True
lonestar,native_ls_app,App,120,68,266.0801170357223,6855.4273379805245,0.03881306064781431,0.33762183461493167,0.025708923904878635,14->30 (extrapolated),True
lonestar,native_ls_app,App,120,69,283.2353550165533,6855.4273379805245,0.04131549224471671,0.33762183461493167,0.027366479955036473,14->30 (extrapolated),True
lonestar,native_ls_app,App,120,70,301.4966590704815,6855.4273379805245,0.04397926550838427,0.33762183461493167,0.029130905202426387,14->30 (extrapolated),True
lonestar,native_ls_app,App,120,71,320.9353416537622,6855.4273379805245,0.04681478277447595,0.33762183461493167,0.03100908992705788,14->30 (extrapolated),True
lonestar,native_ls_app,App,120,72,341.6273130188771,6855.4273379805245,0.049833117058390976,0.33762183461493167,0.033008368652556366,14->30 (extrapolated),True
lonestar,native_ls_app,App,120,73,363.65337765265,6855.4273379805245,0.05304605529664548,0.33762183461493167,0.03513654878830692,14->30 (extrapolated),True
lonestar,native_ls_app,App,120,74,387.09954982690033,6855.4273379805245,0.056466144376191775,0.33762183461493167,0.037401941118270304,14->30 (extrapolated),True
lonestar,native_ls_app,App,120,75,412.0573894938961,6855.4273379805245,0.06010674013142997,0.33762183461493167,0.039813392255533646,14->30 (extrapolated),True
lonestar,native_ls_app,App,120,76,438.6243598383158,6855.4273379805245,0.06398205950025079,0.33762183461493167,0.0423803191893344,14->30 (extrapolated),True
lonestar,native_ls_app,App,120,77,466.9042078820001,6855.4273379805245,0.0681072360427849,0.33762183461493167,0.04511274605946766,14->30 (extrapolated),True
lonestar,native_ls_app,App,120,78,497.0073696277977,6855.4273379805245,0.07249837903966558,0.33762183461493167,0.04802134330168498,14->30 (extrapolated),True
lonestar,native_ls_app,App,120,79,529.0514013246382,6855.4273379805245,0.07717263640059037,0.33762183461493167,0.05111746931695199,14->30 (extrapolated),True
lonestar,native_ls_app,App,120,80,563.1614385379704,6855.4273379805245,0.08214826162884643,0.33762183461493167,0.054413214827287906,14->30 (extrapolated),True
lonestar,native_ls_app,App,120,81,599.4706848182889,6855.4273379805245,0.08744468510330404,0.33762183461493167,0.057921450091401545,14->30 (extrapolated),True
lonestar,native_ls_app,App,120,82,638.1209318760531,6855.4273379805245,0.09308258995624204,0.33762183461493167,0.061655875164506185,14->30 (extrapolated),True
lonestar,native_ls_app,App,120,83,679.2631132943424,6855.4273379805245,0.09908399284331705,0.33762183461493167,0.0656310733985836,14->30 (extrapolated),True
lonestar,native_ls_app,App,120,84,723.0578939415568,6855.4273379805245,0.1054723299210922,0.33762183461493167,0.0698625683920217,14->30 (extrapolated),True
lonestar,native_ls_app,App,120,85,769.6762973858869,6855.4273379805245,0.11227254836787731,0.33762183461493167,0.07436688461102092,14->30 (extrapolated),True
lonestar,native_ls_app,App,120,86,819.3003737616766,6855.4273379805245,0.11951120380527971,0.33762183461493167,0.07916161191950218,14->30 (extrapolated),True
lonestar,native_ls_app,App,120,87,872.1239106957737,6855.4273379805245,0.127216564000908,0.33762183461493167,0.08426547426951357,14->30 (extrapolated),True
lonestar,native_ls_app,App,120,88,928.3531900701148,6855.4273379805245,0.13541871925719945,0.33762183461493167,0.0896984028203794,14->30 (extrapolated),True
lonestar,native_ls_app,App,120,89,988.2077935757886,6855.4273379805245,0.14414969991745188,0.33762183461493167,0.09548161377212991,14->30 (extrapolated),True
lonestar,native_ls_app,App,120,90,1051.9214602043573,6855.4273379805245,0.15344360144793437,0.33762183461493167,0.10163769121716038,14->30 (extrapolated),True
lonestar,native_ls_app,App,120,91,1119.7429990250362,6855.4273379805245,0.16333671758453655,0.33762183461493167,0.10819067533366435,14->30 (extrapolated),True
lonestar,native_ls_app,App,120,92,1191.9372608122292,6855.4273379805245,0.17386768206390918,0.33762183461493167,0.11516615626524651,14->30 (extrapolated),True
lonestar,native_ls_app,App,120,93,1268.786172317738,6855.4273379805245,0.1850776194925724,0.33762183461493167,0.12259137405332586,14->30 (extrapolated),True
lonestar,native_ls_app,App,120,94,1350.5898372265904,6855.4273379805245,0.1970103059431519,0.33762183461493167,0.13049532501257596,14->30 (extrapolated),True
lonestar,native_ls_app,App,120,95,1437.6677080958493,6855.4273379805245,0.20971233990489035,0.33762183461493167,0.13890887496481114,14->30 (extrapolated),True
lonestar,native_ls_app,App,120,96,1530.3598338529534,6855.4273379805245,0.2232333242560146,0.33762183461493167,0.14786487977350904,14->30 (extrapolated),True
lonestar,native_ls_app,App,120,97,1629.0281877252112,6855.4273379805245,0.23762605996858122,0.33762183461493167,0.15739831364967105,14->30 (extrapolated),True
lonestar,native_ls_app,App,120,98,1734.0580807861645,6855.4273379805245,0.25294675230224,0.33762183461493167,0.16754640573006904,14->30 (extrapolated),True
lonestar,native_ls_app,App,120,99,1845.8596666388794,6855.4273379805245,0.26925523029212556,0.33762183461493167,0.1783487854612322,14->30 (extrapolated),True
lonestar,native_ls_app,App,120,100,1964.8695431121223,6855.4273379805245,0.2866151803880011,0.33762183461493167,0.1898476373569146,14->30 (extrapolated),True
lonestar,native_ls_app,App,120,101,2091.552457224227,6855.4273379805245,0.30509439515704323,0.33762183461493167,0.20208786573338938,14->30 (extrapolated),True
lonestar,native_ls_app,App,120,102,2226.4031200727263,6855.4273379805245,0.3247650380214782,0.33762183461493167,0.2151172700658787,14->30 (extrapolated),True
lonestar,native_ls_app,App,120,103,2369.948138737103,6855.4273379805245,0.34570392506490244,0.33762183461493167,0.22898673165090722,14->30 (extrapolated),True
lonestar,native_ls_app,App,120,104,2522.7480727389516,6855.4273379805245,0.36799282500777025,0.33762183461493167,0.24375041230351535,14->30 (extrapolated),True
lonestar,native_ls_app,App,120,105,2685.3996230902662,6855.4273379805245,0.3917187785234892,0.33762183461493167,0.25946596586526866,14->30 (extrapolated),True
lonestar,native_ls_app,App,120,106,2858.5379624783327,6855.4273379805245,0.41697443814208707,0.33762183461493167,0.2761947633490253,14->30 (extrapolated),True
lonestar,native_ls_app,App,120,107,3042.8392156868613,6855.4273379805245,0.44385843006881354,0.33762183461493167,0.29400213259967733,14->30 (extrapolated),True
lonestar,native_ls_app,App,120,108,3239.0230999396827,6855.4273379805245,0.4724757393306186,0.33762183461493167,0.3129576134067689,14->30 (extrapolated),True
lonestar,native_ls_app,App,120,109,3447.8557354778513,6855.4273379805245,0.502938119754548,0.33762183461493167,0.33313522906523335,14->30 (extrapolated),True
lonestar,native_ls_app,App,120,110,3670.152637345775,6855.4273379805245,0.5353645303790691,0.33762183461493167,0.35461377544472644,14->30 (extrapolated),True
lonestar,native_ls_app,App,120,111,3906.781900069635,6855.4273379805245,0.5698816000025604,0.33762183461493167,0.3774771286964033,14->30 (extrapolated),True
lonestar,native_ls_app,App,120,112,4158.667587664622,6855.4273379805245,0.6066241216830817,0.33762183461493167,0.4018145727987681,14->30 (extrapolated),True
lonestar,native_ls_app,App,120,113,4426.793342209359,6855.4273379805245,0.6457355791204996,0.33762183461493167,0.42772114822170115,14->30 (extrapolated),True
lonestar,native_ls_app,App,120,114,4712.206225079387,6855.4273379805245,0.6873687069765532,0.33762183461493167,0.4552980230702359,14->30 (extrapolated),True
lonestar,native_ls_app,App,120,115,5016.020805840178,6855.4273379805245,0.7316860873209692,0.33762183461493167,0.48465288815744245,14->30 (extrapolated),True
lonestar,native_ls_app,App,120,116,5339.423514767261,6855.4273379805245,0.7788607845328211,0.33762183461493167,0.5159003775492251,14->30 (extrapolated),True
lonestar,native_ls_app,App,120,117,5683.677275990539,6855.4273379805245,0.8290770211364883,0.33762183461493167,0.5491625162233046,14->30 (extrapolated),True
lonestar,native_ls_app,App,120,118,6050.126439355754,6855.4273379805245,0.8825308972114353,0.33762183461493167,0.5845691965905488,14->30 (extrapolated),True
lonestar,native_ls_app,App,120,119,6440.202030262576,6855.4273379805245,0.939431156185186,0.33762183461493167,0.6222586857395171,14->30 (extrapolated),True
lonestar,native_ls_app,App,120,120,6855.4273379805245,6855.4273379805245,1.0,0.33762183461493167,0.6623781653850683,14->30 (extrapolated),True
lonestar,ls_web_donor,App,120,1,4.045430136018371,48.96096119272585,0.08262562738697628,0.33762183461493167,0.0547294114823756,1->7,False
lonestar,ls_web_donor,App,120,2,5.4536630683182965,48.96096119272585,0.11138799025719597,0.33762183461493167,0.07378097263249132,1->7,False
lonestar,ls_web_donor,App,120,3,6.466502329671624,48.96096119272585,0.1320746605487875,0.33762183461493167,0.08748337134816153,1->7,False
lonestar,ls_web_donor,App,120,4,7.401488599010131,48.96096119272585,0.15117122741678882,0.33762183461493167,0.10013252027534152,1->7,False
lonestar,ls_web_donor,App,120,5,8.315719250049272,48.96096119272585,0.1698438724949857,0.33762183461493167,0.1125008726651241,1->7,False
lonestar,ls_web_donor,App,120,6,8.956702292123065,48.96096119272585,0.18293558937429044,0.33762183461493167,0.1211725400733787,1->7,False
lonestar,ls_web_donor,App,120,7,9.749576933965471,48.96096119272585,0.1991296064549887,0.33762183461493167,0.13189910339750607,1->7,False
lonestar,ls_web_donor,App,120,8,10.465442889886045,48.96096119272585,0.21375076458754044,0.33762183461493167,0.14158383929715068,7->14,False
lonestar,ls_web_donor,App,120,9,11.116211919668414,48.96096119272585,0.22704235474282222,0.33762183461493167,0.15038789839925645,7->14,False
lonestar,ls_web_donor,App,120,10,11.649862859668023,48.96096119272585,0.2379418740128584,0.33762183461493167,0.15760750197692222,7->14,False
lonestar,ls_web_donor,App,120,11,12.20913669903103,48.96096119272585,0.24936472654145822,0.33762183461493167,0.16517375007828036,7->14,False
lonestar,ls_web_donor,App,120,12,12.674332573351634,48.96096119272585,0.25886608972935493,0.33762183461493167,0.1714672455953366,7->14,False
lonestar,ls_web_donor,App,120,13,13.289790902545379,48.96096119272585,0.2714364787536044,0.33762183461493167,0.17979359681539556,7->14,False
lonestar,ls_web_donor,App,120,14,14.145291772673694,48.96096119272585,0.2889096012023405,0.33762183461493167,0.19136741160653803,7->14,False
lonestar,ls_web_donor,App,120,15,14.628888852422314,48.96096119272585,0.298786798625917,0.33762183461493167,0.19790985151511276,14->30,False
lonestar,ls_web_donor,App,120,16,15.093285303670188,48.96096119272585,0.3082718340487279,0.33762183461493167,0.2041925318770866,14->30,False
lonestar,ls_web_donor,App,120,17,15.705220646859079,48.96096119272585,0.3207702680721148,0.33762183461493167,0.21247122167568394,14->30,False
lonestar,ls_web_donor,App,120,18,16.25366328671959,48.96096119272585,0.33197189946373856,0.33762183461493167,0.2198909377261875,14->30,False
lonestar,ls_web_donor,App,120,19,16.605397612659587,48.96096119272585,0.33915587456086665,0.33762183461493167,0.2246494459711952,14->30,False
lonestar,ls_web_donor,App,120,20,16.969604221859097,48.96096119272585,0.34659458900452056,0.33762183461493167,0.2295766879972061,14->30,False
lonestar,ls_web_donor,App,120,21,17.467273324732055,48.96096119272585,0.35675919955850816,0.33762183461493167,0.23630950408781012,14->30,False
lonestar,ls_web_donor,App,120,22,17.882062839679126,48.96096119272585,0.36523104130430906,0.33762183461493167,0.24192106708082634,14->30,False
lonestar,ls_web_donor,App,120,23,18.257485441015536,48.96096119272585,0.37289883605732926,0.33762183461493167,0.24700004690188113,14->30,False
lonestar,ls_web_donor,App,120,24,18.702898770882406,48.96096119272585,0.3819961519395396,0.33762183461493167,0.2530259103058681,14->30,False
lonestar,ls_web_donor,App,120,25,19.051940821195224,48.96096119272585,0.3891251388264367,0.33762183461493167,0.25774799556106515,14->30,False
lonestar,ls_web_donor,App,120,26,19.452941134775642,48.96096119272585,0.3973153439166095,0.33762183461493167,0.2631730085828213,14->30,False
lonestar,ls_web_donor,App,120,27,19.888766025780864,48.96096119272585,0.40621682134654963,0.33762183461493167,0.2690691528720816,14->30,False
lonestar,ls_web_donor,App,120,28,20.490999488894804,48.96096119272585,0.418517099944908,0.33762183461493167,0.2772165888437874,14->30,False
lonestar,ls_web_donor,App,120,29,20.964086849625186,48.96096119272585,0.4281796422889637,0.33762183461493167,0.2836168459145986,14->30,False
lonestar,ls_web_donor,App,120,30,21.386572866504476,48.96096119272585,0.4368086807430139,0.33762183461493167,0.28933253257482955,14->30,False
lonestar,ls_web_donor,App,120,31,21.94973046429389,48.96096119272585,0.44831085684557537,0.33762183461493167,0.2969513228795802,30->60,False
lonestar,ls_web_donor,App,120,32,22.420131702625,48.96096119272585,0.45791853665560733,0.33762183461493167,0.30331524020575634,30->60,False
lonestar,ls_web_donor,App,120,33,22.88531240224681,48.96096119272585,0.4674195899088454,0.33762183461493167,0.309608530428862,30->60,False
lonestar,ls_web_donor,App,120,34,23.243470804510025,48.96096119272585,0.47473477313928464,0.33762183461493167,0.31445394807649596,30->60,False
lonestar,ls_web_donor,App,120,35,23.748276800793676,48.96096119272585,0.4850451507132987,0.33762183461493167,0.32128331705839874,30->60,False
lonestar,ls_web_donor,App,120,36,24.41241759338478,48.96096119272585,0.49860985157725507,0.33762183461493167,0.33026827873066344,30->60,False
lonestar,ls_web_donor,App,120,37,24.774515849125322,48.96096119272585,0.5060055040914124,0.33762183461493167,0.33516699747481643,30->60,False
lonestar,ls_web_donor,App,120,38,25.17881366840241,48.96096119272585,0.5142630588744086,0.33762183461493167,0.34063662146254414,30->60,False
lonestar,ls_web_donor,App,120,39,25.51136302306305,48.96096119272585,0.5210551917606815,0.33762183461493167,0.3451355819828052,30->60,False
lonestar,ls_web_donor,App,120,40,25.774633217527956,48.96096119272585,0.5264323368994093,0.33762183461493167,0.34869728551480494,30->60,False
lonestar,ls_web_donor,App,120,41,26.15311027312634,48.96096119272585,0.5341625171568716,0.33762183461493167,0.35381758813183867,30->60,False
lonestar,ls_web_donor,App,120,42,26.52864408120976,48.96096119272585,0.541832583244937,0.33762183461493167,0.35889807243563365,30->60,False
lonestar,ls_web_donor,App,120,43,27.01793820302337,48.96096119272585,0.5518261395374207,0.33762183461493167,0.3655175859183214,30->60,False
lonestar,ls_web_donor,App,120,44,27.49126692658968,48.96096119272585,0.5614936115811809,0.33762183461493167,0.3719211083145788,30->60,False
lonestar,ls_web_donor,App,120,45,27.94533020369693,48.96096119272585,0.5707675977539587,0.33762183461493167,0.37806399426150983,30->60,False
lonestar,ls_web_donor,App,120,46,28.39957438878798,48.96096119272585,0.5800452788702056,0.33762183461493167,0.38420932765831717,30->60,False
lonestar,ls_web_donor,App,120,47,28.87249293484643,48.96096119272585,0.589704373269862,0.33762183461493167,0.39060730088604273,30->60,False
lonestar,ls_web_donor,App,120,48,29.177670015971096,48.96096119272585,0.5959374429174,0.33762183461493167,0.39473595012389634,30->60,False
lonestar,ls_web_donor,App,120,49,29.569463332113127,48.96096119272585,0.6039396002810965,0.33762183461493167,0.4000364044375842,30->60,False
lonestar,ls_web_donor,App,120,50,29.913830814271204,48.96096119272585,0.6109731117516443,0.33762183461493167,0.4046952488616605,30->60,False
lonestar,ls_web_donor,App,120,51,30.23539493462723,48.96096119272585,0.6175408774270411,0.33762183461493167,0.40904559344040886,30->60,False
lonestar,ls_web_donor,App,120,52,30.70064548980715,48.96096119272585,0.6270433574406289,0.33762183461493167,0.4153398287184174,30->60,False
lonestar,ls_web_donor,App,120,53,31.15720350592294,48.96096119272585,0.6363682972496868,0.33762183461493167,0.42151646524146735,30->60,False
lonestar,ls_web_donor,App,120,54,31.611994713769032,48.96096119272585,0.6456571509969792,0.33762183461493167,0.42766919914512913,30->60,False
lonestar,ls_web_donor,App,120,55,31.996772382475175,48.96096119272585,0.6535160177212564,0.33762183461493167,0.4328747408679616,30->60,False
lonestar,ls_web_donor,App,120,56,32.2592605529229,48.96096119272585,0.6588771904607885,0.33762183461493167,0.43642586463148536,30->60,False
lonestar,ls_web_donor,App,120,57,32.82734422137668,48.96096119272585,0.6704799787765165,0.33762183461493167,0.4441112982694086,30->60,False
lonestar,ls_web_donor,App,120,58,33.28096687111739,48.96096119272585,0.6797449653840122,0.33762183461493167,0.45024822310079876,30->60,False
lonestar,ls_web_donor,App,120,59,33.50412313824732,48.96096119272585,0.6843028061962363,0.33762183461493167,0.45326723733611696,30->60,False
lonestar,ls_web_donor,App,120,60,34.01814182882778,48.96096119272585,0.6948013478518447,0.33762183461493167,0.4602212420971776,30->60,False
lonestar,ls_web_donor,App,120,61,34.21855703319192,48.96096119272585,0.6988947152915738,0.33762183461493167,0.4629325993121523,60->90,False
lonestar,ls_web_donor,App,120,62,34.35471088855845,48.96096119272585,0.7016755809455503,0.33762183461493167,0.4647745840022156,60->90,False
lonestar,ls_web_donor,App,120,63,34.59204139082924,48.96096119272585,0.706522922510937,0.33762183461493167,0.4679853572152912,60->90,False
lonestar,ls_web_donor,App,120,64,34.68751044809893,48.96096119272585,0.7084728241252842,0.33762183461493167,0.46927692946928395,60->90,False
lonestar,ls_web_donor,App,120,65,34.98182413119743,48.96096119272585,0.7144840149991724,0.33762183461493167,0.4732586110521094,60->90,False
lonestar,ls_web_donor,App,120,66,35.18438240449473,48.96096119272585,0.7186211534123658,0.33762183461493167,0.47599896120418456,60->90,False
lonestar,ls_web_donor,App,120,67,35.430080203009354,48.96096119272585,0.7236393922812369,0.33762183461493167,0.47932293305961143,60->90,False
lonestar,ls_web_donor,App,120,68,35.52611784098635,48.96096119272585,0.7256009068356379,0.33762183461493167,0.48062219747153173,60->90,False
lonestar,ls_web_donor,App,120,69,35.69553255067609,48.96096119272585,0.7290611066675585,0.33762183461493167,0.482914158288065,60->90,False
lonestar,ls_web_donor,App,120,70,36.05922201650191,48.96096119272585,0.7364892587496679,0.33762183461493167,0.48783440403641387,60->90,False
lonestar,ls_web_donor,App,120,71,36.299542873494644,48.96096119272585,0.7413976766225677,0.33762183461493167,0.49108563286200857,60->90,False
lonestar,ls_web_donor,App,120,72,36.4961282567291,48.96096119272585,0.7454128221271797,0.33762183461493167,0.4937451775751076,60->90,False
lonestar,ls_web_donor,App,120,73,36.627159300457656,48.96096119272585,0.7480890572446395,0.33762183461493167,0.49551785728234965,60->90,False
lonestar,ls_web_donor,App,120,74,36.715531710903086,48.96096119272585,0.749894013852774,0.33762183461493167,0.49671342112904543,60->90,False
lonestar,ls_web_donor,App,120,75,36.934780453037874,48.96096119272585,0.7543720456722833,0.33762183461493167,0.499679571630188,60->90,False
lonestar,ls_web_donor,App,120,76,37.157353549170594,48.96096119272585,0.7589179755460168,0.33762183461493167,0.5026906963199208,60->90,False
lonestar,ls_web_donor,App,120,77,37.54105392814134,48.96096119272585,0.7667548392354444,0.33762183461493167,0.5078816637128967,60->90,False
lonestar,ls_web_donor,App,120,78,37.7369523228984,48.96096119272585,0.770755953388125,0.33762183461493167,0.5105319143648455,60->90,False
lonestar,ls_web_donor,App,120,79,38.020687500499385,48.96096119272585,0.7765510842574744,0.33762183461493167,0.5143704825182516,60->90,False
lonestar,ls_web_donor,App,120,80,38.478197809776354,48.96096119272585,0.7858954741168986,0.33762183461493167,0.5205600023299798,60->90,False
lonestar,ls_web_donor,App,120,81,38.728523564814324,48.96096119272585,0.7910082363858543,0.33762183461493167,0.5239465844217406,60->90,False
lonestar,ls_web_donor,App,120,82,38.93964461888155,48.96096119272585,0.7953202647636508,0.33762183461493167,0.5268027778677138,60->90,False
lonestar,ls_web_donor,App,120,83,39.91534419286071,48.96096119272585,0.8152483779013503,0.33762183461493167,0.5400027248874493,60->90,False
lonestar,ls_web_donor,App,120,84,41.61871648380788,48.96096119272585,0.8500387956025502,0.33762183461493167,0.5630471379373503,60->90,False
lonestar,ls_web_donor,App,120,85,41.90537164170144,48.96096119272585,0.8558935654214106,0.33762183461493167,0.566925209628719,60->90,False
lonestar,ls_web_donor,App,120,86,42.24474953480841,48.96096119272585,0.8628251673515906,0.33762183461493167,0.5715165513984112,60->90,False
lonestar,ls_web_donor,App,120,87,42.51395797801214,48.96096119272585,0.8683235978694074,0.33762183461493167,0.5751585917172999,60->90,False
lonestar,ls_web_donor,App,120,88,42.69476831851843,48.96096119272585,0.8720165470293424,0.33762183461493167,0.577604720606718,60->90,False
lonestar,ls_web_donor,App,120,89,42.93331417601427,48.96096119272585,0.8768887115392844,0.33762183461493167,0.5808319359962676,60->90,False
lonestar,ls_web_donor,App,120,90,43.41868829111275,48.96096119272585,0.8868022039069667,0.33762183461493167,0.5873984168833319,60->90,False
lonestar,ls_web_donor,App,120,91,43.57156143579879,48.96096119272585,0.8899245516093389,0.33762183461493167,0.5894665918261235,90->120,False
lonestar,ls_web_donor,App,120,92,43.64550387844987,48.96096119272585,0.8914347842691925,0.33762183461493167,0.5904669369646619,90->120,False
lonestar,ls_web_donor,App,120,93,43.89164826233992,48.96096119272585,0.8964621443923149,0.33762183461493167,0.5937969505397458,90->120,False
lonestar,ls_web_donor,App,120,94,44.235844536863404,48.96096119272585,0.9034921590435513,0.33762183461493167,0.5984534787470619,90->120,False
lonestar,ls_web_donor,App,120,95,44.33893357749116,48.96096119272585,0.9055976945174561,0.33762183461493167,0.5998481394714201,90->120,False
lonestar,ls_web_donor,App,120,96,44.53651895682218,48.96096119272585,0.9096332643779671,0.33762183461493167,0.6025212128319086,90->120,False
lonestar,ls_web_donor,App,120,97,44.62232622949926,48.96096119272585,0.9113858294948838,0.33762183461493167,0.6036820736987698,90->120,False
lonestar,ls_web_donor,App,120,98,44.83160000752294,48.96096119272585,0.9156601283020479,0.33762183461493167,0.6065132759009668,90->120,False
lonestar,ls_web_donor,App,120,99,45.277872791046384,48.96096119272585,0.9247749980401394,0.33762183461493167,0.6125507665958076,90->120,False
lonestar,ls_web_donor,App,120,100,45.371037746314684,48.96096119272585,0.9266778396714866,0.33762183461493167,0.6138111673445978,90->120,False
lonestar,ls_web_donor,App,120,101,45.510798996128756,48.96096119272585,0.9295323843211296,0.33762183461493167,0.6157019553926381,90->120,False
lonestar,ls_web_donor,App,120,102,45.64784079430714,48.96096119272585,0.9323313857059053,0.33762183461493167,0.6175559527947961,90->120,False
lonestar,ls_web_donor,App,120,103,45.8545651749923,48.96096119272585,0.9365536145112473,0.33762183461493167,0.6203526649647145,90->120,False
lonestar,ls_web_donor,App,120,104,45.94974102232471,48.96096119272585,0.938497527478106,0.33762183461493167,0.6216402704693706,90->120,False
lonestar,ls_web_donor,App,120,105,46.020281670472684,48.96096119272585,0.9399382804051228,0.33762183461493167,0.6225945937499412,90->120,False
lonestar,ls_web_donor,App,120,106,46.164931981330604,48.96096119272585,0.9428926813673206,0.33762183461493167,0.6245515244390937,90->120,False
lonestar,ls_web_donor,App,120,107,46.312765850343595,48.96096119272585,0.9459121047081139,0.33762183461493167,0.6265515245320892,90->120,False
lonestar,ls_web_donor,App,120,108,46.41409766323384,48.96096119272585,0.9479817497972161,0.33762183461493167,0.6279224122492069,90->120,False
lonestar,ls_web_donor,App,120,109,46.54734725058515,48.96096119272585,0.9507032974160791,0.33762183461493167,0.6297251059679975,90->120,False
lonestar,ls_web_donor,App,120,110,46.77093322339503,48.96096119272585,0.955269914724301,0.33762183461493167,0.6327499335626332,90->120,False
lonestar,ls_web_donor,App,120,111,47.04023191696496,48.96096119272585,0.9607701885549125,0.33762183461493167,0.6363931948516691,90->120,False
lonestar,ls_web_donor,App,120,112,47.211434080648445,48.96096119272585,0.9642668961258601,0.33762183461493167,0.6387093375974014,90->120,False
lonestar,ls_web_donor,App,120,113,47.47044874059656,48.96096119272585,0.9695571243738015,0.33762183461493167,0.6422134692787411,90->120,False
lonestar,ls_web_donor,App,120,114,47.71612547516937,48.96096119272585,0.9745749330235489,0.33762183461493167,0.6455371561664142,90->120,False
lonestar,ls_web_donor,App,120,115,47.8096432931043,48.96096119272585,0.9764849816757152,0.33762183461493167,0.6468023306884323,90->120,False
lonestar,ls_web_donor,App,120,116,47.91176160711899,48.96096119272585,0.9785706906064022,0.33762183461493167,0.6481838587434681,90->120,False
lonestar,ls_web_donor,App,120,117,48.059822923754474,48.96096119272585,0.9815947594365191,0.33762183461493167,0.650186935907159,90->120,False
lonestar,ls_web_donor,App,120,118,48.19841575883503,48.96096119272585,0.9844254398746546,0.33762183461493167,0.6520619168225626,90->120,False
lonestar,ls_web_donor,App,120,119,48.70544965129959,48.96096119272585,0.9947813209707937,0.33762183461493167,0.6589214263439691,90->120,False
lonestar,ls_web_donor,App,120,120,48.96096119272585,48.96096119272585,1.0,0.33762183461493167,0.6623781653850683,90->120,False
lonestar,rp_app_donor,App,120,1,4.045430136018371,37.32590103437852,0.10838131227675878,0.33762183461493167,0.07178941478790567,1->7,False
lonestar,rp_app_donor,App,120,2,5.913462721634526,37.32590103437852,0.15842786263050987,0.33762183461493167,0.10493915699507475,1->7,False
lonestar,rp_app_donor,App,120,3,7.010893043519708,37.32590103437852,0.18782917087687767,0.33762183461493167,0.12441394161122474,1->7,False
lonestar,rp_app_donor,App,120,4,7.746154506235129,37.32590103437852,0.20752759589381747,0.33762183461493167,0.13746174823492066,1->7,False
lonestar,rp_app_donor,App,120,5,8.803369981568343,37.32590103437852,0.23585150626263832,0.33762183461493167,0.15622288802155132,1->7,False
lonestar,rp_app_donor,App,120,6,9.330431542074672,37.32590103437852,0.24997203774079035,0.33762183461493167,0.16557601975631178,1->7,False
lonestar,rp_app_donor,App,120,7,9.968648068918117,37.32590103437852,0.26707052723889046,0.33762183461493167,0.17690168586091917,1->7,False
lonestar,rp_app_donor,App,120,8,10.404694461082016,37.32590103437852,0.2787526669885052,0.33762183461493167,0.184639680156041,7->14,False
lonestar,rp_app_donor,App,120,9,10.846320070195263,37.32590103437852,0.2905842798062773,0.33762183461493167,0.19247668214782332,7->14,False
lonestar,rp_app_donor,App,120,10,11.29185080227444,37.32590103437852,0.30252051496022114,0.33762183461493167,0.2003829836906974,7->14,False
lonestar,rp_app_donor,App,120,11,11.71571369316929,37.32590103437852,0.3138762459445705,0.33762183461493167,0.20790477194671708,7->14,False
lonestar,rp_app_donor,App,120,12,12.163220831881489,37.32590103437852,0.3258654311031559,0.33762183461493167,0.2158461464165228,7->14,False
lonestar,rp_app_donor,App,120,13,12.538994084916096,37.32590103437852,0.335932790299348,0.33762183461493167,0.22251454533116902,7->14,False
lonestar,rp_app_donor,App,120,14,12.920715469520509,37.32590103437852,0.3461595061729403,0.33762183461493167,0.22928849862943343,7->14,False
lonestar,rp_app_donor,App,120,15,13.327287982713681,37.32590103437852,0.35705200982124347,0.33762183461493167,0.23650345521244664,14->30,False
lonestar,rp_app_donor,App,120,16,13.833002467080055,37.32590103437852,0.3706006307614478,0.33762183461493167,0.2454777658943169,14->30,False
lonestar,rp_app_donor,App,120,17,14.317581165426493,37.32590103437852,0.3835830018474163,0.33762183461493167,0.25407700503658887,14->30,False
lonestar,rp_app_donor,App,120,18,14.854153582139302,37.32590103437852,0.3979583391291234,0.33762183461493167,0.2635989145720376,14->30,False
lonestar,rp_app_donor,App,120,19,15.35128790227146,37.32590103437852,0.4112770884789188,0.33762183461493167,0.27242096333157867,14->30,False
lonestar,rp_app_donor,App,120,20,15.71571030457826,37.32590103437852,0.4210403464903236,0.33762183461493167,0.27888793226135405,14->30,False
lonestar,rp_app_donor,App,120,21,16.09106266539465,37.32590103437852,0.4310964295429652,0.33762183461493167,0.28554886210472263,14->30,False
lonestar,rp_app_donor,App,120,22,16.48826412607914,37.32590103437852,0.4417378728752682,0.33762183461493167,0.2925975218162227,14->30,False
lonestar,rp_app_donor,App,120,23,16.807372246278835,37.32590103437852,0.45028711378725006,0.33762183461493167,0.2982603523269362,14->30,False
lonestar,rp_app_donor,App,120,24,17.17564926310653,37.32590103437852,0.4601536409606597,0.33762183461493167,0.3047957244947812,14->30,False
lonestar,rp_app_donor,App,120,25,17.459097872127472,37.32590103437852,0.4677475262029711,0.33762183461493167,0.3098257482697282,14->30,False
lonestar,rp_app_donor,App,120,26,17.679999859252842,37.32590103437852,0.4736657219063223,0.33762183461493167,0.3137458318821037,14->30,False
lonestar,rp_app_donor,App,120,27,18.326610827010846,37.32590103437852,0.49098910727249073,0.33762183461493167,0.3252204640992049,14->30,False
lonestar,rp_app_donor,App,120,28,18.582159839974164,37.32590103437852,0.49783553310231726,0.33762183461493167,0.32975538707981034,14->30,False
lonestar,rp_app_donor,App,120,29,18.787675511407702,37.32590103437852,0.503341513286004,0.33762183461493167,0.3334024281325273,14->30,False
lonestar,rp_app_donor,App,120,30,19.082329143637047,37.32590103437852,0.5112355928410549,0.33762183461493167,0.3386312940656057,14->30,False
lonestar,rp_app_donor,App,120,31,19.35959852899871,37.32590103437852,0.5186639302067434,0.33762183461493167,0.3435516625417518,30->60,False
lonestar,rp_app_donor,App,120,32,19.758081940455707,37.32590103437852,0.5293397183435115,0.33762183461493167,0.3506230715018239,30->60,False
lonestar,rp_app_donor,App,120,33,20.373061064675593,37.32590103437852,0.5458156534764227,0.33762183461493167,0.36153637118816506,30->60,False
lonestar,rp_app_donor,App,120,34,20.754225476121174,37.32590103437852,0.5560274474554754,0.33762183461493167,0.3683004405493003,30->60,False
lonestar,rp_app_donor,App,120,35,21.14661682256009,37.32590103437852,0.5665400227869458,0.33762183461493167,0.375263740910832,30->60,False
lonestar,rp_app_donor,App,120,36,21.540186821593156,37.32590103437852,0.577084175456444,0.33762183461493167,0.38224795741159423,30->60,False
lonestar,rp_app_donor,App,120,37,21.870325657411534,37.32590103437852,0.5859289407981917,0.33762183461493167,0.38810653685192253,30->60,False
lonestar,rp_app_donor,App,120,38,22.213004031484633,37.32590103437852,0.5951096535091182,0.33762183461493167,0.3941876404943134,30->60,False
lonestar,rp_app_donor,App,120,39,22.580007053784897,37.32590103437852,0.6049420490342051,0.33762183461493167,0.4007004046035608,30->60,False
lonestar,rp_app_donor,App,120,40,22.890773451350597,37.32590103437852,0.6132678064560949,0.33762183461493167,0.4062152045301133,30->60,False
lonestar,rp_app_donor,App,120,41,23.11953655312675,37.32590103437852,0.6193966096580713,0.33762183461493167,0.41027478995104455,30->60,False
lonestar,rp_app_donor,App,120,42,23.287014817495766,37.32590103437852,0.6238835278496714,0.33762183461493167,0.4132468265910295,30->60,False
lonestar,rp_app_donor,App,120,43,23.593414649864666,37.32590103437852,0.6320923004145103,0.33762183461493167,0.41868413830259077,30->60,False
lonestar,rp_app_donor,App,120,44,23.964275338103757,37.32590103437852,0.6420280468522859,0.33762183461493167,0.4252653597997758,30->60,False
lonestar,rp_app_donor,App,120,45,24.1478492052697,37.32590103437852,0.64694618310831,0.33762183461493167,0.42852302587015484,30->60,False
lonestar,rp_app_donor,App,120,46,24.38085964765301,37.32590103437852,0.6531887770156533,0.33762183461493167,0.4326579837697449,30->60,False
lonestar,rp_app_donor,App,120,47,24.590990862962567,37.32590103437852,0.658818412456095,0.33762183461493167,0.4363869313645714,30->60,False
lonestar,rp_app_donor,App,120,48,24.727441281866692,37.32590103437852,0.6624740621557084,0.33762183461493167,0.43880835390589185,30->60,False
lonestar,rp_app_donor,App,120,49,24.961134787694753,37.32590103437852,0.6687349560484726,0.33762183461493167,0.44295543331625153,30->60,False
lonestar,rp_app_donor,App,120,50,25.244970021301295,37.32590103437852,0.6763391993685499,0.33762183461493167,0.4479923180557461,30->60,False
lonestar,rp_app_donor,App,120,51,25.43047045588626,37.32590103437852,0.6813089503844494,0.33762183461493167,0.4512841726160781,30->60,False
lonestar,rp_app_donor,App,120,52,25.603790441954462,37.32590103437852,0.6859523744215159,0.33762183461493167,0.4543598753108552,30->60,False
lonestar,rp_app_donor,App,120,53,25.835908257481268,37.32590103437852,0.6921710539200502,0.33762183461493167,0.45847899282821203,30->60,False
lonestar,rp_app_donor,App,120,54,26.184094750957566,37.32590103437852,0.7014993349213743,0.33762183461493167,0.4646578424840655,30->60,False
lonestar,rp_app_donor,App,120,55,26.364740960622726,37.32590103437852,0.706339036165258,0.33762183461493167,0.467863554915001,30->60,False
lonestar,rp_app_donor,App,120,56,26.587320808977314,37.32590103437852,0.7123021835290572,0.33762183461493167,0.4718134135257551,30->60,False
lonestar,rp_app_donor,App,120,57,26.87748230887425,37.32590103437852,0.7200759141519211,0.33762183461493167,0.4769625629539254,30->60,False
lonestar,rp_app_donor,App,120,58,27.197754106325213,37.32590103437852,0.7286563311968032,0.33762183461493167,0.4826460438543532,30->60,False
lonestar,rp_app_donor,App,120,59,27.472903502902682,37.32590103437852,0.7360278718415701,0.33762183461493167,0.48752879142269545,30->60,False
lonestar,rp_app_donor,App,120,60,27.780001124793916,37.32590103437852,0.7442553389188789,0.33762183461493167,0.4929784859711292,30->60,False
lonestar,rp_app_donor,App,120,61,27.919385182686383,37.32590103437852,0.747989583880952,0.33762183461493167,0.4954519682982057,60->90,False
lonestar,rp_app_donor,App,120,62,28.18936877773697,37.32590103437852,0.7552227272899195,0.33762183461493167,0.5002430445594046,60->90,False
lonestar,rp_app_donor,App,120,63,28.32525197878797,37.32590103437852,0.7588631806288985,0.33762183461493167,0.5026544013632475,60->90,False
lonestar,rp_app_donor,App,120,64,28.55524829536862,37.32590103437852,0.7650250229476897,0.33762183461493167,0.5067358711737605,60->90,False
lonestar,rp_app_donor,App,120,65,28.709135336642895,37.32590103437852,0.7691478180312575,0.33762183461493167,0.5094667206174728,60->90,False
lonestar,rp_app_donor,App,120,66,28.846138904393527,37.32590103437852,0.7728182871680761,0.33762183461493167,0.5118979592304211,60->90,False
lonestar,rp_app_donor,App,120,67,29.036171400491767,37.32590103437852,0.7779094568607572,0.33762183461493167,0.5152702388711233,60->90,False
lonestar,rp_app_donor,App,120,68,29.12665744859921,37.32590103437852,0.7803336729037699,0.33762183461493167,0.516875986646191,60->90,False
lonestar,rp_app_donor,App,120,69,29.367880890163836,37.32590103437852,0.7867963016650273,0.33762183461493167,0.5211566908286376,60->90,False
lonestar,rp_app_donor,App,120,70,29.465774045625864,37.32590103437852,0.7894189618754764,0.33762183461493167,0.5228938836872633,60->90,False
lonestar,rp_app_donor,App,120,71,29.601755704145596,37.32590103437852,0.7930620529932096,0.33762183461493167,0.5253069876981581,60->90,False
lonestar,rp_app_donor,App,120,72,29.864557190285257,37.32590103437852,0.800102780178807,0.33762183461493167,0.5299706116543308,60->90,False
lonestar,rp_app_donor,App,120,73,29.959313913697812,37.32590103437852,0.8026414120881955,0.33762183461493167,0.5316521460010596,60->90,False
lonestar,rp_app_donor,App,120,74,30.38491779794551,37.32590103437852,0.814043786108737,0.33762183461493167,0.5392048295858202,60->90,False
lonestar,rp_app_donor,App,120,75,30.576306562195334,37.32590103437852,0.8191712916463407,0.33762183461493167,0.5426011772968199,60->90,False
lonestar,rp_app_donor,App,120,76,30.706401257030514,37.32590103437852,0.8226566648384134,0.33762183461493167,0.5449098123974673,60->90,False
lonestar,rp_app_donor,App,120,77,30.865437491762165,37.32590103437852,0.8269174122101961,0.33762183461493167,0.547732038424758,60->90,False
lonestar,rp_app_donor,App,120,78,30.97638782562879,37.32590103437852,0.8298898879118392,0.33762183461493167,0.549700941426664,60->90,False
lonestar,rp_app_donor,App,120,79,31.414916730604954,37.32590103437852,0.8416385367809519,0.33762183461493167,0.5574829899103403,60->90,False
lonestar,rp_app_donor,App,120,80,31.59669763179794,37.32590103437852,0.8465086375998326,0.33762183461493167,0.5607088383559908,60->90,False
lonestar,rp_app_donor,App,120,81,31.687654161232516,37.32590103437852,0.8489454583305847,0.33762183461493167,0.5623229352009986,60->90,False
lonestar,rp_app_donor,App,120,82,32.023464173201646,37.32590103437852,0.8579421604238533,0.33762183461493167,0.568282154228054,60->90,False
lonestar,rp_app_donor,App,120,83,32.48834994432277,37.32590103437852,0.8703969373545681,0.33762183461493167,0.576531926521701,60->90,False
lonestar,rp_app_donor,App,120,84,32.71145820282195,37.32590103437852,0.8763742413798264,0.33762183461493167,0.5804911621959005,60->90,False
lonestar,rp_app_donor,App,120,85,33.322254308278524,37.32590103437852,0.8927381090569658,0.33762183461493167,0.5913302308464881,60->90,False
lonestar,rp_app_donor,App,120,86,33.423485766640354,37.32590103437852,0.8954502059000827,0.33762183461493167,0.5931266645777785,60->90,False
lonestar,rp_app_donor,App,120,87,33.55365942568704,37.32590103437852,0.8989376946261228,0.33762183461493167,0.595436700961934,60->90,False
lonestar,rp_app_donor,App,120,88,33.682182435358484,37.32590103437852,0.9023809607257964,0.33762183461493167,0.5977174452439684,60->90,False
lonestar,rp_app_donor,App,120,89,33.80135132471133,37.32590103437852,0.9055736201405841,0.33762183461493167,0.5998321931298348,60->90,False
lonestar,rp_app_donor,App,120,90,33.961125329670146,37.32590103437852,0.9098541331498122,0.33762183461493167,0.6026675114837943,60->90,False
lonestar,rp_app_donor,App,120,91,34.059662719176345,37.32590103437852,0.912494053065354,0.33762183461493167,0.6044161367942144,90->120,False
lonestar,rp_app_donor,App,120,92,34.17547782867911,37.32590103437852,0.9155968612037588,0.33762183461493167,0.6064713691564728,90->120,False
lonestar,rp_app_donor,App,120,93,34.40555280158843,37.32590103437852,0.9217608108080139,0.33762183461493167,0.6105542347868653,90->120,False
lonestar,rp_app_donor,App,120,94,34.51500638681384,37.32590103437852,0.9246931870452171,0.33762183461493167,0.6124965767790828,90->120,False
lonestar,rp_app_donor,App,120,95,34.59755697573424,37.32590103437852,0.9269048038215777,0.33762183461493167,0.6139615034419433,90->120,False
lonestar,rp_app_donor,App,120,96,34.663855506655686,37.32590103437852,0.9286810109347129,0.33762183461493167,0.6151380242508857,90->120,False
lonestar,rp_app_donor,App,120,97,34.889612833460745,37.32590103437852,0.9347292862756652,0.33762183461493167,0.6191442697749695,90->120,False
lonestar,rp_app_donor,App,120,98,34.9760845784573,37.32590103437852,0.9370459549320201,0.33762183461493167,0.620678780509371,90->120,False
lonestar,rp_app_donor,App,120,99,35.05517534203066,37.32590103437852,0.9391648793620162,0.33762183461493167,0.6220823097859013,90->120,False
lonestar,rp_app_donor,App,120,100,35.13151952796796,37.32590103437852,0.9412102200991892,0.33762183461493167,0.6234370988309773,90->120,False
lonestar,rp_app_donor,App,120,101,35.18678024807549,37.32590103437852,0.9426907126948438,0.33762183461493167,0.6244177448003532,90->120,False
lonestar,rp_app_donor,App,120,102,35.34115664987418,37.32590103437852,0.9468266182596284,0.33762183461493167,0.6271572783405611,90->120,False
lonestar,rp_app_donor,App,120,103,35.42502111615692,37.32590103437852,0.9490734351872493,0.33762183461493167,0.6286455208150348,90->120,False
lonestar,rp_app_donor,App,120,104,35.55833638959219,37.32590103437852,0.952645091054645,0.33762183461493167,0.6310113076758671,90->120,False
lonestar,rp_app_donor,App,120,105,35.61266607169162,37.32590103437852,0.9541006401664907,0.33762183461493167,0.6319754316261993,90->120,False
lonestar,rp_app_donor,App,120,106,35.671305643830586,37.32590103437852,0.955671655748538,0.33762183461493167,0.6330160380452272,90->120,False
lonestar,rp_app_donor,App,120,107,35.797821950938726,37.32590103437852,0.9590611601838526,0.33762183461493167,0.6352611717746554,90->120,False
lonestar,rp_app_donor,App,120,108,35.90328147307969,37.32590103437852,0.9618865312859147,0.33762183461493167,0.6371326359017713,90->120,False
lonestar,rp_app_donor,App,120,109,36.002131587115095,37.32590103437852,0.9645348294192769,0.33762183461493167,0.6388868107607405,90->120,False
lonestar,rp_app_donor,App,120,110,36.10802172596891,37.32590103437852,0.9673717371942905,0.33762183461493167,0.6407659165281206,90->120,False
lonestar,rp_app_donor,App,120,111,36.17863449032614,37.32590103437852,0.969263527141764,0.33762183461493167,0.642018996882822,90->120,False
lonestar,rp_app_donor,App,120,112,36.298086883936556,37.32590103437852,0.972463781932677,0.33762183461493167,0.6441387757799918,90->120,False
lonestar,rp_app_donor,App,120,113,36.39417211602318,37.32590103437852,0.9750380059814984,0.33762183461493167,0.6458438855827402,90->120,False
lonestar,rp_app_donor,App,120,114,36.44698440162222,37.32590103437852,0.9764529024511214,0.33762183461493167,0.6467810821104989,90->120,False
lonestar,rp_app_donor,App,120,115,36.652270060982026,37.32590103437852,0.9819527203703388,0.33762183461493167,0.650424041413782,90->120,False
lonestar,rp_app_donor,App,120,116,36.716496791897434,37.32590103437852,0.9836734217904131,0.33762183461493167,0.6515637964635863,90->120,False
lonestar,rp_app_donor,App,120,117,36.79532788242421,37.32590103437852,0.9857853893073973,0.33762183461493167,0.6529627176328392,90->120,False
lonestar,rp_app_donor,App,120,118,36.94305981870483,37.32590103437852,0.9897432826786666,0.33762183461493167,0.6555843397828903,90->120,False
lonestar,rp_app_donor,App,120,119,37.068924616377124,37.32590103437852,0.9931153324935221,0.33762183461493167,0.6578179119528413,90->120,False
lonestar,rp_app_donor,App,120,120,37.32590103437852,37.32590103437852,1.0,0.33762183461493167,0.6623781653850683,90->120,False
lonestar,hybrid_donor,App,120,1,4.045430136018371,43.143431113552175,0.09376700071375696,0.33762183461493167,0.062109213906438726,1->7,False
lonestar,hybrid_donor,App,120,2,5.6835628949764105,43.143431113552175,0.13173646018132978,0.33762183461493167,0.08725935480923233,1->7,False
lonestar,hybrid_donor,App,120,3,6.738697686595667,43.143431113552175,0.15619290150705964,0.33762183461493167,0.10345876754641684,1->7,False
lonestar,hybrid_donor,App,120,4,7.57382155262263,43.143431113552175,0.17554981968607378,0.33762183461493167,0.1162803674973411,1->7,False
lonestar,hybrid_donor,App,120,5,8.559544615808807,43.143431113552175,0.19839740129338232,0.33762183461493167,0.13141410668587578,1->7,False
lonestar,hybrid_donor,App,120,6,9.143566917098868,43.143431113552175,0.21193416195928605,0.33762183461493167,0.14038056138101382,1->7,False
lonestar,hybrid_donor,App,120,7,9.859112501441793,43.143431113552175,0.2285194349863578,0.33762183461493167,0.15136628410109607,1->7,False
lonestar,hybrid_donor,App,120,8,10.435068675484032,43.143431113552175,0.24186923492522547,0.33762183461493167,0.16020890009286093,7->14,False
lonestar,hybrid_donor,App,120,9,10.981265994931839,43.143431113552175,0.254529269265337,0.33762183461493167,0.16859463041277598,7->14,False
lonestar,hybrid_donor,App,120,10,11.47085683097123,43.143431113552175,0.2658772502534694,0.33762183461493167,0.17611128524051978,7->14,False
lonestar,hybrid_donor,App,120,11,11.96242519610016,43.143431113552175,0.27727106739877566,0.33762183461493167,0.18365830093796065,7->14,False
lonestar,hybrid_donor,App,120,12,12.418776702616562,43.143431113552175,0.2878486106014778,0.33762183461493167,0.1906646345988478,7->14,False
lonestar,hybrid_donor,App,120,13,12.914392493730737,43.143431113552175,0.29933624100828826,0.33762183461493167,0.19827379015233262,7->14,False
lonestar,hybrid_donor,App,120,14,13.533003621097102,43.143431113552175,0.31367471876491826,0.33762183461493167,0.20777128474318382,7->14,False
lonestar,hybrid_donor,App,120,15,13.978088417567998,43.143431113552175,0.32399111653354834,0.33762183461493167,0.21460464137055163,14->30,False
lonestar,hybrid_donor,App,120,16,14.463143885375123,43.143431113552175,0.3352339744910083,0.33762183461493167,0.22205166499809886,14->30,False
lonestar,hybrid_donor,App,120,17,15.011400906142786,43.143431113552175,0.3479417496172996,0.33762183461493167,0.23046901777237772,14->30,False
lonestar,hybrid_donor,App,120,18,15.553908434429445,43.143431113552175,0.36051626013452753,0.33762183461493167,0.23879809897939439,14->30,False
lonestar,hybrid_donor,App,120,19,15.978342757465525,43.143431113552175,0.37035401091329573,0.33762183461493167,0.2453144102917504,14->30,False
lonestar,hybrid_donor,App,120,20,16.342657263218676,43.143431113552175,0.37879827453234555,0.33762183461493167,0.2509077061357645,14->30,False
lonestar,hybrid_donor,App,120,21,16.779167995063354,43.143431113552175,0.38891593834762705,0.33762183461493167,0.2576094257317135,14->30,False
lonestar,hybrid_donor,App,120,22,17.185163482879133,43.143431113552175,0.39832630459196244,0.33762183461493167,0.263842646860238,14->30,False
lonestar,hybrid_donor,App,120,23,17.532428843647185,43.143431113552175,0.40637539461111416,0.33762183461493167,0.269174188340143,14->30,False
lonestar,hybrid_donor,App,120,24,17.939274016994467,43.143431113552175,0.4158054552911857,0.33762183461493167,0.2754204546328786,14->30,False
lonestar,hybrid_donor,App,120,25,18.255519346661348,43.143431113552175,0.4231355475324479,0.33762183461493167,0.28027574768374924,14->30,False
lonestar,hybrid_donor,App,120,26,18.56647049701424,43.143431113552175,0.4303429286406977,0.33762183461493167,0.2850497595594627,14->30,False
lonestar,hybrid_donor,App,120,27,19.107688426395853,43.143431113552175,0.44288754819024495,0.33762183461493167,0.2933590416421455,14->30,False
lonestar,hybrid_donor,App,120,28,19.536579664434484,43.143431113552175,0.45282860357153354,0.33762183461493167,0.2999437796675948,14->30,False
lonestar,hybrid_donor,App,120,29,19.875881180516444,43.143431113552175,0.46069310361996335,0.33762183461493167,0.3051530527813445,14->30,False
lonestar,hybrid_donor,App,120,30,20.23445100507076,43.143431113552175,0.46900421414825144,0.33762183461493167,0.3106581509253845,14->30,False
lonestar,hybrid_donor,App,120,31,20.654664496646298,43.143431113552175,0.4787441323867789,0.33762183461493167,0.31710966009922087,30->60,False
lonestar,hybrid_donor,App,120,32,21.089106821540355,43.143431113552175,0.4888138536324215,0.33762183461493167,0.3237796235838487,30->60,False
lonestar,hybrid_donor,App,120,33,21.629186733461204,43.143431113552175,0.501332095644731,0.33762183461493167,0.33207143376180853,30->60,False
lonestar,hybrid_donor,App,120,34,21.998848140315598,43.143431113552175,0.5099002924087171,0.33762183461493167,0.33774682021499597,30->60,False
lonestar,hybrid_donor,App,120,35,22.447446811676887,43.143431113552175,0.5202981365250228,0.33762183461493167,0.3446341251247144,30->60,False
lonestar,hybrid_donor,App,120,36,22.976302207488967,43.143431113552175,0.5325562110954053,0.33762183461493167,0.3527536060697977,30->60,False
lonestar,hybrid_donor,App,120,37,23.32242075326843,43.143431113552175,0.5405787196638241,0.33762183461493167,0.35806754057713297,30->60,False
lonestar,hybrid_donor,App,120,38,23.69590884994352,43.143431113552175,0.549235613356217,0.33762183461493167,0.36380167793903373,30->60,False
lonestar,hybrid_donor,App,120,39,24.045685038423976,43.143431113552175,0.5573429005944491,0.33762183461493167,0.3691717679861437,30->60,False
lonestar,hybrid_donor,App,120,40,24.332703334439277,43.143431113552175,0.5639955540484565,0.33762183461493167,0.3735783403759517,30->60,False
lonestar,hybrid_donor,App,120,41,24.636323413126547,43.143431113552175,0.5710330119151744,0.33762183461493167,0.37823979880668307,30->60,False
lonestar,hybrid_donor,App,120,42,24.907829449352764,43.143431113552175,0.577326114462156,0.33762183461493167,0.38240821252633284,30->60,False
lonestar,hybrid_donor,App,120,43,25.305676426444016,43.143431113552175,0.5865476104540749,0.33762183461493167,0.38851633012356585,30->60,False
lonestar,hybrid_donor,App,120,44,25.72777113234672,43.143431113552175,0.5963311324180969,0.33762183461493167,0.3949967214530993,30->60,False
lonestar,hybrid_donor,App,120,45,26.046589704483313,43.143431113552175,0.6037208685588658,0.33762183461493167,0.3998915213207015,30->60,False
lonestar,hybrid_donor,App,120,46,26.390217018220493,43.143431113552175,0.6116856341064358,0.33762183461493167,0.40516720811182316,30->60,False
lonestar,hybrid_donor,App,120,47,26.7317418989045,43.143431113552175,0.6196016684103631,0.33762183461493167,0.41041061639118376,30->60,False
lonestar,hybrid_donor,App,120,48,26.952555648918896,43.143431113552175,0.6247197998226104,0.33762183461493167,0.4138007548862278,30->60,False
lonestar,hybrid_donor,App,120,49,27.26529905990394,43.143431113552175,0.631968722843172,0.33762183461493167,0.41860228321760495,30->60,False
lonestar,hybrid_donor,App,120,50,27.579400417786246,43.143431113552175,0.6392491210353233,0.33762183461493167,0.4234246600153949,30->60,False
lonestar,hybrid_donor,App,120,51,27.832932695256748,43.143431113552175,0.6451256188225116,0.33762183461493167,0.42731712383856213,30->60,False
lonestar,hybrid_donor,App,120,52,28.152217965880805,43.143431113552175,0.6525261723339768,0.33762183461493167,0.4322190888963205,30->60,False
lonestar,hybrid_donor,App,120,53,28.496555881702108,43.143431113552175,0.6605074085716561,0.33762183461493167,0.43750568551293934,30->60,False
lonestar,hybrid_donor,App,120,54,28.898044732363303,43.143431113552175,0.669813317728591,0.33762183461493167,0.44366971654754994,30->60,False
lonestar,hybrid_donor,App,120,55,29.18075667154895,43.143431113552175,0.6763661562926254,0.33762183461493167,0.4480101737336596,30->60,False
lonestar,hybrid_donor,App,120,56,29.42329068095011,43.143431113552175,0.6819877307279738,0.33762183461493167,0.4517337818947213,30->60,False
lonestar,hybrid_donor,App,120,57,29.852413265125463,43.143431113552175,0.6919341483655955,0.33762183461493167,0.4583220717616828,30->60,False
lonestar,hybrid_donor,App,120,58,30.239360488721303,43.143431113552175,0.7009030044256852,0.33762183461493167,0.4642628461843678,30->60,False
lonestar,hybrid_donor,App,120,59,30.488513320575002,43.143431113552175,0.7066779932344782,0.33762183461493167,0.4680880726766554,30->60,False
lonestar,hybrid_donor,App,120,60,30.89907147681085,43.143431113552175,0.7161941152868776,0.33762183461493167,0.4743913441433041,30->60,False
lonestar,hybrid_donor,App,120,61,31.068971107939156,43.143431113552175,0.720132133815843,0.33762183461493167,0.4769998016317726,60->90,False
lonestar,hybrid_donor,App,120,62,31.272039833147712,43.143431113552175,0.7248389621780583,0.33762183461493167,0.4801175019671192,60->90,False
lonestar,hybrid_donor,App,120,63,31.458646684808603,43.143431113552175,0.7291642290111423,0.33762183461493167,0.48298246427681824,60->90,False
lonestar,hybrid_donor,App,120,64,31.621379371733774,43.143431113552175,0.7329361285268963,0.33762183461493167,0.4854808881580802,60->90,False
lonestar,hybrid_donor,App,120,65,31.845479733920165,43.143431113552175,0.7381304386779959,0.33762183461493167,0.4889214857864066,60->90,False
lonestar,hybrid_donor,App,120,66,32.01526065444413,43.143431113552175,0.7420657056732681,0.33762183461493167,0.49152812071903546,60->90,False
lonestar,hybrid_donor,App,120,67,32.23312580175056,43.143431113552175,0.7471154928988836,0.33762183461493167,0.49487298951712355,60->90,False
lonestar,hybrid_donor,App,120,68,32.32638764479278,43.143431113552175,0.7492771624887861,0.33762183461493167,0.49630483225425187,60->90,False
lonestar,hybrid_donor,App,120,69,32.53170672041997,43.143431113552175,0.7540361505972375,0.33762183461493167,0.49945708206661726,60->90,False
lonestar,hybrid_donor,App,120,70,32.762498031063885,43.143431113552175,0.7593855468943581,0.33762183461493167,0.5030004053718217,60->90,False
lonestar,hybrid_donor,App,120,71,32.950649288820124,43.143431113552175,0.7637466107434765,0.33762183461493167,0.5058890788433279,60->90,False
lonestar,hybrid_donor,App,120,72,33.18034272350718,43.143431113552175,0.7690705599231907,0.33762183461493167,0.5094155465335903,60->90,False
lonestar,hybrid_donor,App,120,73,33.29323660707773,43.143431113552175,0.7716872707562586,0.33762183461493167,0.5111487986545411,60->90,False
lonestar,hybrid_donor,App,120,74,33.5502247544243,43.143431113552175,0.7776438704219223,0.33762183461493167,0.5150943202130167,60->90,False
lonestar,hybrid_donor,App,120,75,33.75554350761661,43.143431113552175,0.7824028510568171,0.33762183461493167,0.5182465650750614,60->90,False
lonestar,hybrid_donor,App,120,76,33.93187740310056,43.143431113552175,0.7864900061794554,0.33762183461493167,0.5209538073868387,60->90,False
lonestar,hybrid_donor,App,120,77,34.20324570995175,43.143431113552175,0.7927799163661756,0.33762183461493167,0.5251201065567553,60->90,False
lonestar,hybrid_donor,App,120,78,34.35667007426359,43.143431113552175,0.796336062930134,0.33762183461493167,0.5274756203936305,60->90,False
lonestar,hybrid_donor,App,120,79,34.71780211555217,43.143431113552175,0.8047065617979244,0.33762183461493167,0.5330200560770353,60->90,False
lonestar,hybrid_donor,App,120,80,35.03744772078715,43.143431113552175,0.812115467325018,0.33762183461493167,0.5379275533275829,60->90,False
lonestar,hybrid_donor,App,120,81,35.20808886302342,43.143431113552175,0.8160706729688888,0.33762183461493167,0.5405473951856906,60->90,False
lonestar,hybrid_donor,App,120,82,35.481554396041595,43.143431113552175,0.8224091937114423,0.33762183461493167,0.5447458929263984,60->90,False
lonestar,hybrid_donor,App,120,83,36.20184706859174,43.143431113552175,0.8391044971205373,0.33762183461493167,0.5558044973690618,60->90,False
lonestar,hybrid_donor,App,120,84,37.16508734331492,43.143431113552175,0.8614309614248705,0.33762183461493167,0.5705930598345013,60->90,False
lonestar,hybrid_donor,App,120,85,37.61381297498999,43.143431113552175,0.8718317482907559,0.33762183461493167,0.5774823139572876,60->90,False
lonestar,hybrid_donor,App,120,86,37.83411765072439,43.143431113552175,0.8769380801250174,0.33762183461493167,0.580864636669513,60->90,False
lonestar,hybrid_donor,App,120,87,38.03380870184959,43.143431113552175,0.8815666190699062,0.33762183461493167,0.5839304798042418,60->90,False
lonestar,hybrid_donor,App,120,88,38.18847537693846,43.143431113552175,0.88515156053369,0.33762183461493167,0.5863050667540358,60->90,False
lonestar,hybrid_donor,App,120,89,38.3673327503628,43.143431113552175,0.889297206088713,0.33762183461493167,0.5890510518511087,60->90,False
lonestar,hybrid_donor,App,120,90,38.68990681039145,43.143431113552175,0.8967739888040154,0.33762183461493167,0.5940035094690536,60->90,False
lonestar,hybrid_donor,App,120,91,38.815612077487565,43.143431113552175,0.8996876482847661,0.33762183461493167,0.59593345389047,90->120,False
lonestar,hybrid_donor,App,120,92,38.91049085356449,43.143431113552175,0.9018867959563365,0.33762183461493167,0.5973901212905756,90->120,False
lonestar,hybrid_donor,App,120,93,39.14860053196418,43.143431113552175,0.9074058210374198,0.33762183461493167,0.6010458029984977,90->120,False
lonestar,hybrid_donor,App,120,94,39.37542546183862,43.143431113552175,0.9126632825795361,0.33762183461493167,0.6045282307293474,90->120,False
lonestar,hybrid_donor,App,120,95,39.4682452766127,43.143431113552175,0.9148147066174106,0.33762183461493167,0.60595328703652,90->120,False
lonestar,hybrid_donor,App,120,96,39.60018723173893,43.143431113552175,0.9178729231690558,0.33762183461493167,0.6079789829053489,90->120,False
lonestar,hybrid_donor,App,120,97,39.755969531480005,43.143431113552175,0.9214837231383736,0.33762183461493167,0.6103706979645981,90->120,False
lonestar,hybrid_donor,App,120,98,39.90384229299012,43.143431113552175,0.924911191879117,0.33762183461493167,0.6126409784210064,90->120,False
lonestar,hybrid_donor,App,120,99,40.16652406653852,43.143431113552175,0.9309997612573157,0.33762183461493167,0.6166739138355574,90->120,False
lonestar,hybrid_donor,App,120,100,40.25127863714132,43.143431113552175,0.9329642450365433,0.33762183461493167,0.6179751449971709,90->120,False
lonestar,hybrid_donor,App,120,101,40.34878962210212,43.143431113552175,0.9352244033606264,0.33762183461493167,0.6194722245213569,90->120,False
lonestar,hybrid_donor,App,120,102,40.49449872209066,43.143431113552175,0.938601721673698,0.33762183461493167,0.6217092864294906,90->120,False
lonestar,hybrid_donor,App,120,103,40.639793145574615,43.143431113552175,0.9419694284075816,0.33762183461493167,0.6239399818374354,90->120,False
lonestar,hybrid_donor,App,120,104,40.75403870595845,43.143431113552175,0.9446174690811002,0.33762183461493167,0.6256939861606257,90->120,False
lonestar,hybrid_donor,App,120,105,40.81647387108215,43.143431113552175,0.9460646225297765,0.33762183461493167,0.6266525490069905,90->120,False
lonestar,hybrid_donor,App,120,106,40.918118812580595,43.143431113552175,0.9484205997637363,0.33762183461493167,0.6282130968849098,90->120,False
lonestar,hybrid_donor,App,120,107,41.05529390064115,43.143431113552175,0.9516001124849085,0.33762183461493167,0.6303191366879783,90->120,False
lonestar,hybrid_donor,App,120,108,41.15868956815677,43.143431113552175,0.9539966689211243,0.33762183461493167,0.6319065633434408,90->120,False
lonestar,hybrid_donor,App,120,109,41.274739418850125,43.143431113552175,0.9566865303368267,0.33762183461493167,0.6336882688131138,90->120,False
lonestar,hybrid_donor,App,120,110,41.43947747468198,43.143431113552175,0.9605049112949444,0.33762183461493167,0.6362174809868931,90->120,False
lonestar,hybrid_donor,App,120,111,41.60943320364555,43.143431113552175,0.964444230087561,0.33762183461493167,0.6388267997416134,90->120,False
lonestar,hybrid_donor,App,120,112,41.7547604822925,43.143431113552175,0.9678126983548262,0.33762183461493167,0.6410579995726423,90->120,False
lonestar,hybrid_donor,App,120,113,41.93231042830987,43.143431113552175,0.9719280397042444,0.33762183461493167,0.6437839118256032,90->120,False
lonestar,hybrid_donor,App,120,114,42.0815549383958,43.143431113552175,0.9753873035187778,0.33762183461493167,0.6460752526446568,90->120,False
lonestar,hybrid_donor,App,120,115,42.23095667704317,43.143431113552175,0.9788502116554568,0.33762183461493167,0.6483690073831273,90->120,False
lonestar,hybrid_donor,App,120,116,42.31412919950821,43.143431113552175,0.9807780259325859,0.33762183461493167,0.6496459494672152,90->120,False
lonestar,hybrid_donor,App,120,117,42.42757540308934,43.143431113552175,0.9834075387147878,0.33762183461493167,0.6513876813197467,90->120,False
lonestar,hybrid_donor,App,120,118,42.57073778876993,43.143431113552175,0.9867258280113389,0.33762183461493167,0.6535856436962131,90->120,False
lonestar,hybrid_donor,App,120,119,42.88718713383835,43.143431113552175,0.9940606490235003,0.33762183461493167,0.6584440689816765,90->120,False
lonestar,hybrid_donor,App,120,120,43.143431113552175,43.143431113552175,1.0,0.33762183461493167,0.6623781653850683,90->120,False
lonestar,native_early_rp_tail,App,120,1,4.045430136018371,48.44620909883581,0.08350354364704225,0.33762183461493167,0.05531092404407983,1->7,False
lonestar,native_early_rp_tail,App,120,2,6.049594889006654,48.44620909883581,0.12487241007164851,0.33762183461493167,0.08271275789047047,1->7,False
lonestar,native_early_rp_tail,App,120,3,7.445870576458812,48.44620909883581,0.1536935647796174,0.33762183461493167,0.10180326147021412,1->7,False
lonestar,native_early_rp_tail,App,120,4,8.701784725902375,48.44620909883581,0.17961745382698033,0.33762183461493167,0.11897467953705244,1->7,False
lonestar,native_early_rp_tail,App,120,5,10.838387799564272,48.44620909883581,0.2237200392181919,0.33762183461493167,0.1481872691372215,1->7,False
lonestar,native_early_rp_tail,App,120,6,11.668260024730614,48.44620909883581,0.24084980521233412,0.33762183461493167,0.15953365210989695,1->7,False
lonestar,native_early_rp_tail,App,120,7,12.53166166166166,48.44620909883581,0.25867166688100685,0.33762183461493167,0.17133846414573886,1->7,False
lonestar,native_early_rp_tail,App,120,8,13.045689750271443,48.44620909883581,0.2692819519408989,0.33762183461493167,0.17836648529792273,7->14,False
lonestar,native_early_rp_tail,App,120,9,13.767858222097919,48.44620909883581,0.2841885563018958,0.33762183461493167,0.18824029454668095,7->14,False
lonestar,native_early_rp_tail,App,120,10,14.212189172985465,48.44620909883581,0.29336019138238395,0.33762183461493167,0.19431538536487603,7->14,False
lonestar,native_early_rp_tail,App,120,11,14.625525665873122,48.44620909883581,0.3018920559095837,0.33762183461493167,0.1999667061377165,7->14,False
lonestar,native_early_rp_tail,App,120,12,15.074471791538981,48.44620909883581,0.3111589548892326,0.33762183461493167,0.20610489768266513,7->14,False
lonestar,native_early_rp_tail,App,120,13,15.403109829032463,48.44620909883581,0.317942520489237,0.33762183461493167,0.2105981834195653,7->14,False
lonestar,native_early_rp_tail,App,120,14,15.638510138006435,48.44620909883581,0.32280152418328717,0.33762183461493167,0.21381668137202953,7->14,False
lonestar,native_early_rp_tail,App,120,15,16.549835458960732,48.44620909883581,0.34161260017676875,0.33762183461493167,0.22627672737751095,14->30,False
lonestar,native_early_rp_tail,App,120,16,17.020009727036438,48.44620909883581,0.3513176787953351,0.33762183461493167,0.23270515954779478,14->30,False
lonestar,native_early_rp_tail,App,120,17,17.447479445960667,48.44620909883581,0.36014127360028964,0.33762183461493167,0.23854971608680178,14->30,False
lonestar,native_early_rp_tail,App,120,18,17.932507733758257,48.44620909883581,0.37015296072338477,0.33762183461493167,0.24518123903580685,14->30,False
lonestar,native_early_rp_tail,App,120,19,18.461758698793954,48.44620909883581,0.38107746802499765,0.33762183461493167,0.252417394139985,14->30,False
lonestar,native_early_rp_tail,App,120,20,18.679847949594368,48.44620909883581,0.3855791463783129,0.33762183461493167,0.25539920758880763,14->30,False
lonestar,native_early_rp_tail,App,120,21,19.138483232133368,48.44620909883581,0.3950460436045403,0.33762183461493167,0.2616698736054051,14->30,False
lonestar,native_early_rp_tail,App,120,22,20.937383199505014,48.44620909883581,0.43217794723195696,0.33762183461493167,0.2862652358073885,14->30,False
lonestar,native_early_rp_tail,App,120,23,21.770571892032432,48.44620909883581,0.44937616992111756,0.33762183461493167,0.29765696300011857,14->30,False
lonestar,native_early_rp_tail,App,120,24,22.101987434872594,48.44620909883581,0.4562170672586995,0.33762183461493167,0.3021882240281737,14->30,False
lonestar,native_early_rp_tail,App,120,25,22.625793138088582,48.44620909883581,0.46702917646103903,0.33762183461493167,0.30934992908556236,14->30,False
lonestar,native_early_rp_tail,App,120,26,23.258976788240762,48.44620909883581,0.4800990050798358,0.33762183461493167,0.31800709818797823,14->30,False
lonestar,native_early_rp_tail,App,120,27,23.474675214569416,48.44620909883581,0.48455133334949685,0.33762183461493167,0.3209562232189284,14->30,False
lonestar,native_early_rp_tail,App,120,28,24.126064280978042,48.44620909883581,0.4979969481566269,0.33762183461493167,0.32986230488734947,14->30,False
lonestar,native_early_rp_tail,App,120,29,24.60231712179183,48.44620909883581,0.507827497330086,0.33762183461493167,0.33637384601359305,14->30,False
lonestar,native_early_rp_tail,App,120,30,24.767426429545022,48.44620909883581,0.5112355928410547,0.33762183461493167,0.33863129406560555,14->30,False
lonestar,native_early_rp_tail,App,120,31,25.127301214819855,48.44620909883581,0.5186639302067431,0.33762183461493167,0.34355166254175157,30->60,True
lonestar,native_early_rp_tail,App,120,32,25.644502679188594,48.44620909883581,0.5293397183435111,0.33762183461493167,0.3506230715018237,30->60,True
lonestar,native_early_rp_tail,App,120,33,26.44269927773647,48.44620909883581,0.5458156534764225,0.33762183461493167,0.3615363711881649,30->60,True
lonestar,native_early_rp_tail,App,120,34,26.937421984119887,48.44620909883581,0.556027447455475,0.33762183461493167,0.36830044054930006,30->60,True
lonestar,native_early_rp_tail,App,120,35,27.44671640679557,48.44620909883581,0.5665400227869456,0.33762183461493167,0.3752637409108318,30->60,True
lonestar,native_early_rp_tail,App,120,36,27.957540631792117,48.44620909883581,0.5770841754564435,0.33762183461493167,0.38224795741159395,30->60,True
lonestar,native_early_rp_tail,App,120,37,28.386035982968572,48.44620909883581,0.5859289407981915,0.33762183461493167,0.38810653685192237,30->60,True
lonestar,native_early_rp_tail,App,120,38,28.83080671063845,48.44620909883581,0.5951096535091178,0.33762183461493167,0.39418764049431315,30->60,True
lonestar,native_early_rp_tail,App,120,39,29.30714900018927,48.44620909883581,0.6049420490342048,0.33762183461493167,0.4007004046035606,30->60,True
lonestar,native_early_rp_tail,App,120,40,29.710500385156323,48.44620909883581,0.6132678064560945,0.33762183461493167,0.406215204530113,30->60,True
lonestar,native_early_rp_tail,App,120,41,30.007417666604884,48.44620909883581,0.6193966096580709,0.33762183461493167,0.41027478995104427,30->60,True
lonestar,native_early_rp_tail,App,120,42,30.22479184352451,48.44620909883581,0.6238835278496709,0.33762183461493167,0.41324682659102924,30->60,True
lonestar,native_early_rp_tail,App,120,43,30.622475755645485,48.44620909883581,0.6320923004145099,0.33762183461493167,0.41868413830259055,30->60,True
lonestar,native_early_rp_tail,App,120,44,31.103825005122975,48.44620909883581,0.6420280468522854,0.33762183461493167,0.42526535979977553,30->60,True
lonestar,native_early_rp_tail,App,120,45,31.342090062558885,48.44620909883581,0.6469461831083095,0.33762183461493167,0.42852302587015456,30->60,True
lonestar,native_early_rp_tail,App,120,46,31.644520072313156,48.44620909883581,0.6531887770156529,0.33762183461493167,0.4326579837697447,30->60,True
lonestar,native_early_rp_tail,App,120,47,31.917254568011003,48.44620909883581,0.6588184124560944,0.33762183461493167,0.4363869313645711,30->60,True
lonestar,native_early_rp_tail,App,120,48,32.094356937750575,48.44620909883581,0.6624740621557079,0.33762183461493167,0.4388083539058915,30->60,True
lonestar,native_early_rp_tail,App,120,49,32.39767351242505,48.44620909883581,0.668734956048472,0.33762183461493167,0.4429554333162512,30->60,True
lonestar,native_early_rp_tail,App,120,50,32.76607027434795,48.44620909883581,0.6763391993685496,0.33762183461493167,0.44799231805574585,30->60,True
lonestar,native_early_rp_tail,App,120,51,33.00683587123337,48.44620909883581,0.681308950384449,0.33762183461493167,0.4512841726160779,30->60,True
lonestar,native_early_rp_tail,App,120,52,33.23179216306766,48.44620909883581,0.6859523744215157,0.33762183461493167,0.45435987531085503,30->60,True
lonestar,native_early_rp_tail,App,120,53,33.533063610372295,48.44620909883581,0.69217105392005,0.33762183461493167,0.4584789928282119,30->60,True
lonestar,native_early_rp_tail,App,120,54,33.98498346229514,48.44620909883581,0.7014993349213741,0.33762183461493167,0.46465784248406533,30->60,True
lonestar,native_early_rp_tail,App,120,55,34.21944864073222,48.44620909883581,0.7063390361652576,0.33762183461493167,0.46786355491500076,30->60,True
lonestar,native_early_rp_tail,App,120,56,34.50834052480601,48.44620909883581,0.7123021835290568,0.33762183461493167,0.4718134135257549,30->60,True
lonestar,native_early_rp_tail,App,120,57,34.8849483040393,48.44620909883581,0.7200759141519208,0.33762183461493167,0.4769625629539253,30->60,True
lonestar,native_early_rp_tail,App,120,58,35.300636982350866,48.44620909883581,0.7286563311968028,0.33762183461493167,0.482646043854353,30->60,True
lonestar,native_early_rp_tail,App,120,59,35.65776018180782,48.44620909883581,0.7360278718415698,0.33762183461493167,0.48752879142269523,30->60,True
lonestar,native_early_rp_tail,App,120,60,36.0563497721889,48.44620909883581,0.7442553389188785,0.33762183461493167,0.492978485971129,30->60,True
lonestar,native_early_rp_tail,App,120,61,36.23725978444777,48.44620909883581,0.7479895838809517,0.33762183461493167,0.4954519682982055,60->90,True
lonestar,native_early_rp_tail,App,120,62,36.58767816248047,48.44620909883581,0.7552227272899191,0.33762183461493167,0.5002430445594044,60->90,True
lonestar,native_early_rp_tail,App,120,63,36.7640443261552,48.44620909883581,0.758863180628898,0.33762183461493167,0.5026544013632472,60->90,True
lonestar,native_early_rp_tail,App,120,64,37.06256222756542,48.44620909883581,0.7650250229476894,0.33762183461493167,0.5067358711737603,60->90,True
lonestar,native_early_rp_tail,App,120,65,37.2622960202556,48.44620909883581,0.7691478180312571,0.33762183461493167,0.5094667206174724,60->90,True
lonestar,native_early_rp_tail,App,120,66,37.44011633554874,48.44620909883581,0.7728182871680758,0.33762183461493167,0.5118979592304209,60->90,True
lonestar,native_early_rp_tail,App,120,67,37.68676420703802,48.44620909883581,0.7779094568607567,0.33762183461493167,0.515270238871123,60->90,True
lonestar,native_early_rp_tail,App,120,68,37.80420828435856,48.44620909883581,0.7803336729037694,0.33762183461493167,0.5168759866461908,60->90,True
lonestar,native_early_rp_tail,App,120,69,38.11729814865459,48.44620909883581,0.7867963016650269,0.33762183461493167,0.5211566908286372,60->90,True
lonestar,native_early_rp_tail,App,120,70,38.24435609360521,48.44620909883581,0.7894189618754762,0.33762183461493167,0.5228938836872631,60->90,True
lonestar,native_early_rp_tail,App,120,71,38.42085004766103,48.44620909883581,0.7930620529932094,0.33762183461493167,0.5253069876981579,60->90,True
lonestar,native_early_rp_tail,App,120,72,38.76194658910233,48.44620909883581,0.8001027801788066,0.33762183461493167,0.5299706116543306,60->90,True
lonestar,native_early_rp_tail,App,120,73,38.88493368140954,48.44620909883581,0.8026414120881952,0.33762183461493167,0.5316521460010594,60->90,True
lonestar,native_early_rp_tail,App,120,74,39.43733547743182,48.44620909883581,0.8140437861087365,0.33762183461493167,0.5392048295858198,60->90,True
lonestar,native_early_rp_tail,App,120,75,39.68574368286202,48.44620909883581,0.8191712916463404,0.33762183461493167,0.5426011772968197,60->90,True
lonestar,native_early_rp_tail,App,120,76,39.854596801312645,48.44620909883581,0.822656664838413,0.33762183461493167,0.544909812397467,60->90,True
lonestar,native_early_rp_tail,App,120,77,40.06101385940335,48.44620909883581,0.8269174122101959,0.33762183461493167,0.5477320384247578,60->90,True
lonestar,native_early_rp_tail,App,120,78,40.20501903878637,48.44620909883581,0.829889887911839,0.33762183461493167,0.5497009414266639,60->90,True
lonestar,native_early_rp_tail,App,120,79,40.774196538528194,48.44620909883581,0.8416385367809516,0.33762183461493167,0.5574829899103401,60->90,True
lonestar,native_early_rp_tail,App,120,80,41.0101344611321,48.44620909883581,0.8465086375998322,0.33762183461493167,0.5607088383559905,60->90,True
lonestar,native_early_rp_tail,App,120,81,41.1281891877905,48.44620909883581,0.8489454583305844,0.33762183461493167,0.5623229352009985,60->90,True
lonestar,native_early_rp_tail,App,120,82,41.564045298600924,48.44620909883581,0.8579421604238531,0.33762183461493167,0.5682821542280537,60->90,True
lonestar,native_early_rp_tail,App,120,83,42.16743202606569,48.44620909883581,0.8703969373545679,0.33762183461493167,0.5765319265217009,60->90,True
lonestar,native_early_rp_tail,App,120,84,42.45700974672067,48.44620909883581,0.8763742413798263,0.33762183461493167,0.5804911621959004,60->90,True
lonestar,native_early_rp_tail,App,120,85,43.24977710187304,48.44620909883581,0.8927381090569656,0.33762183461493167,0.591330230846488,60->90,True
lonestar,native_early_rp_tail,App,120,86,43.38116791263098,48.44620909883581,0.8954502059000826,0.33762183461493167,0.5931266645777784,60->90,True
lonestar,native_early_rp_tail,App,120,87,43.55012352068255,48.44620909883581,0.8989376946261226,0.33762183461493167,0.5954367009619339,60->90,True
lonestar,native_early_rp_tail,App,120,88,43.71693671013026,48.44620909883581,0.9023809607257961,0.33762183461493167,0.5977174452439682,60->90,True
lonestar,native_early_rp_tail,App,120,89,43.87160895572043,48.44620909883581,0.9055736201405838,0.33762183461493167,0.5998321931298347,60->90,True
lonestar,native_early_rp_tail,App,120,90,44.07898358401579,48.44620909883581,0.909854133149812,0.33762183461493167,0.6026675114837942,60->90,True
lonestar,native_early_rp_tail,App,120,91,44.206877696248306,48.44620909883581,0.9124940530653537,0.33762183461493167,0.6044161367942141,90->120,True
lonestar,native_early_rp_tail,App,120,92,44.35719698811503,48.44620909883581,0.9155968612037584,0.33762183461493167,0.6064713691564725,90->120,True
lonestar,native_early_rp_tail,App,120,93,44.65581697951746,48.44620909883581,0.9217608108080136,0.33762183461493167,0.6105542347868651,90->120,True
lonestar,native_early_rp_tail,App,120,94,44.797879491861465,48.44620909883581,0.9246931870452169,0.33762183461493167,0.6124965767790825,90->120,True
lonestar,native_early_rp_tail,App,120,95,44.905023940655525,48.44620909883581,0.9269048038215775,0.33762183461493167,0.6139615034419431,90->120,True
lonestar,native_early_rp_tail,App,120,96,44.99107444186131,48.44620909883581,0.9286810109347126,0.33762183461493167,0.6151380242508855,90->120,True
lonestar,native_early_rp_tail,App,120,97,45.28409045371643,48.44620909883581,0.9347292862756652,0.33762183461493167,0.6191442697749695,90->120,True
lonestar,native_early_rp_tail,App,120,98,45.396324267854915,48.44620909883581,0.9370459549320199,0.33762183461493167,0.6206787805093708,90->120,True
lonestar,native_early_rp_tail,App,120,99,45.49897812385514,48.44620909883581,0.9391648793620161,0.33762183461493167,0.6220823097859013,90->120,True
lonestar,native_early_rp_tail,App,120,100,45.59806712888659,48.44620909883581,0.9412102200991891,0.33762183461493167,0.6234370988309772,90->120,True
lonestar,native_early_rp_tail,App,120,101,45.66979138274495,48.44620909883581,0.9426907126948436,0.33762183461493167,0.6244177448003531,90->120,True
lonestar,native_early_rp_tail,App,120,102,45.870160328549545,48.44620909883581,0.9468266182596283,0.33762183461493167,0.627157278340561,90->120,True
lonestar,native_early_rp_tail,App,120,103,45.97901009123186,48.44620909883581,0.949073435187249,0.33762183461493167,0.6286455208150346,90->120,True
lonestar,native_early_rp_tail,App,120,104,46.1520432782128,48.44620909883581,0.9526450910546448,0.33762183461493167,0.631011307675867,90->120,True
lonestar,native_early_rp_tail,App,120,105,46.2225591148389,48.44620909883581,0.9541006401664905,0.33762183461493167,0.6319754316261993,90->120,True
lonestar,native_early_rp_tail,App,120,106,46.29866886422429,48.44620909883581,0.9556716557485377,0.33762183461493167,0.633016038045227,90->120,True
lonestar,native_early_rp_tail,App,120,107,46.46287750483898,48.44620909883581,0.9590611601838525,0.33762183461493167,0.6352611717746554,90->120,True
lonestar,native_early_rp_tail,App,120,108,46.59975602403129,48.44620909883581,0.9618865312859145,0.33762183461493167,0.6371326359017712,90->120,True
lonestar,native_early_rp_tail,App,120,109,46.728056029156214,48.44620909883581,0.9645348294192768,0.33762183461493167,0.6388868107607404,90->120,True
lonestar,native_early_rp_tail,App,120,110,46.86549345641863,48.44620909883581,0.9673717371942904,0.33762183461493167,0.6407659165281205,90->120,True
lonestar,native_early_rp_tail,App,120,111,46.95714350778501,48.44620909883581,0.9692635271417639,0.33762183461493167,0.6420189968828219,90->120,True
lonestar,native_early_rp_tail,App,120,112,47.11218372055514,48.44620909883581,0.972463781932677,0.33762183461493167,0.6441387757799918,90->120,True
lonestar,native_early_rp_tail,App,120,113,47.23689511709159,48.44620909883581,0.9750380059814984,0.33762183461493167,0.6458438855827402,90->120,True
lonestar,native_early_rp_tail,App,120,114,47.30544148731215,48.44620909883581,0.9764529024511214,0.33762183461493167,0.6467810821104989,90->120,True
lonestar,native_early_rp_tail,App,120,115,47.57188681623209,48.44620909883581,0.9819527203703389,0.33762183461493167,0.6504240414137821,90->120,True
lonestar,native_early_rp_tail,App,120,116,47.65524827702566,48.44620909883581,0.9836734217904131,0.33762183461493167,0.6515637964635863,90->120,True
lonestar,native_early_rp_tail,App,120,117,47.75756509696343,48.44620909883581,0.9857853893073973,0.33762183461493167,0.6529627176328392,90->120,True
lonestar,native_early_rp_tail,App,120,118,47.94931002681885,48.44620909883581,0.9897432826786668,0.33762183461493167,0.6555843397828904,90->120,True
lonestar,native_early_rp_tail,App,120,119,48.112673057241025,48.44620909883581,0.9931153324935222,0.33762183461493167,0.6578179119528414,90->120,True
lonestar,native_early_rp_tail,App,120,120,48.44620909883581,48.44620909883581,1.0,0.33762183461493167,0.6623781653850683,90->120,True
