brand,population,slice,day,n_users,n_cost_dates,sum_cum,actual_arpu,actual_ratio,actual_arpu_dstar,d_star,shape_ok,method,raw_goal_ratio,organic_share,adjusted_goal_ratio,ARPU_nominal,ARPU_at_horizon,frozen_shape,shape_signed_bias,shape_ae,shape_ape,level_signed_bias,level_ae,level_ape
lonestar,App,launch_day,1,208,1,3434.59,16.512451923076924,0.5639072684584695,29.28221153846154,33,True,native_ls_app,0.0005901061941982564,0.33762183461493167,0.00039087345829540593,4.045430136018371,6855.4273379805245,0.1354187192571991,0.42848854920127044,0.42848854920127044,3.1641751712881545,12.467021787058552,12.467021787058552,3.0817543173119666
lonestar,App,launch_day,3,208,1,5484.05,26.365625,0.9003973270724219,29.28221153846154,33,True,native_ls_app,0.0010861278530671758,0.33762183461493167,0.000719427374688259,7.445870576458812,6855.4273379805245,0.24924673602479336,0.6511505910476285,0.6511505910476285,2.6124738940728056,18.91975442354119,18.91975442354119,2.540972775347279
lonestar,App,launch_day,7,208,1,5554.99,26.70668269230769,0.912044592575566,29.28221153846154,33,True,native_ls_app,0.0018279913189705318,0.33762183461493167,0.0012108215361995322,12.53166166166166,6855.4273379805245,0.41949100968952163,0.4925535828860444,0.4925535828860444,1.1741695805366572,14.17502103064603,14.17502103064603,1.1311365893329157
lonestar,App,launch_day,14,208,1,5984.85,28.77331730769231,0.9826210452000591,29.28221153846154,33,True,native_ls_app,0.002281186768819759,0.33762183461493167,0.0015110083068315238,15.638510138006435,6855.4273379805245,0.5234911845650863,0.45912986063497285,0.45912986063497285,0.8770536623580693,13.134807169685875,13.134807169685875,0.8399014390612707
lonestar,App,launch_day,21,208,1,6054.76,29.10942307692308,0.994099200420313,29.28221153846154,33,True,native_ls_app,0.0027917272386656484,0.33762183461493167,0.001849179166602875,19.138483232133368,6855.4273379805245,0.6406510063653491,0.35344819405496386,0.35344819405496386,0.5517016137385105,9.970939844789712,9.970939844789712,0.5209890315680074
lonestar,App,launch_day,28,208,1,6075.7300000000005,29.210240384615386,0.9975421544321671,29.28221153846154,33,True,native_ls_app,0.0035192648235529414,0.33762183461493167,0.0023310841773292036,24.126064280978042,6855.4273379805245,0.8076077489407587,0.1899344054914084,0.1899344054914084,0.2351815045614933,5.084176103637343,5.084176103637343,0.2107337543507215
lonestar,App,launch_week,1,2000,7,12780.349999999999,6.390174999999999,0.1487017805794277,42.97309,27,True,native_ls_app,0.0005901061941982564,0.33762183461493167,0.00039087345829540593,4.045430136018371,6855.4273379805245,0.17233167654254058,-0.02362989596311288,0.02362989596311288,0.13711870294072007,2.344744863981628,2.344744863981628,0.5796033512246965
lonestar,App,launch_week,3,2000,7,21230.09,10.615045,0.24701609774861433,42.97309,27,True,native_ls_app,0.0010861278530671758,0.33762183461493167,0.000719427374688259,7.445870576458812,6855.4273379805245,0.3171873735589567,-0.07017127581034238,0.07017127581034238,0.22122972621197168,3.1691744235411887,3.1691744235411887,0.42562845955998596
lonestar,App,launch_week,7,2000,7,35738.89,17.869445,0.41582871978719704,42.97309,27,True,native_ls_app,0.0018279913189705318,0.33762183461493167,0.0012108215361995322,12.53166166166166,6855.4273379805245,0.5338374885750905,-0.11800876878789346,0.11800876878789346,0.2210574778157307,5.337783338338339,5.337783338338339,0.42594378003902833
lonestar,App,launch_week,14,2000,7,49178.57,24.589285,0.5722019291607842,42.97309,27,True,native_ls_app,0.002281186768819759,0.33762183461493167,0.0015110083068315238,15.638510138006435,6855.4273379805245,0.6661864326157104,-0.09398450345492626,0.09398450345492626,0.1410783811461096,8.950774861993565,8.950774861993565,0.5723547053398906
lonestar,App,launch_week,21,2000,7,61299.960000000014,30.649980000000006,0.7132365859657754,42.97309,27,True,native_ls_app,0.0027917272386656484,0.33762183461493167,0.001849179166602875,19.138483232133368,6855.4273379805245,0.8152821309431869,-0.10204554497741147,0.10204554497741147,0.1251659285839573,11.511496767866639,11.511496767866639,0.6014842779462755
lonestar,App,launch_day,1,208,1,3434.59,16.512451923076924,0.5639072684584695,29.28221153846154,33,True,ls_web_donor,0.08262562738697628,0.33762183461493167,0.0547294114823756,4.045430136018371,48.96096119272585,0.1767697143440001,0.3871375541144694,0.3871375541144694,2.190067204391619,12.467021787058552,12.467021787058552,3.0817543173119666
lonestar,App,launch_day,3,208,1,5484.05,26.365625,0.9003973270724219,29.28221153846154,33,True,ls_web_donor,0.1320746605487875,0.33762183461493167,0.08748337134816153,6.466502329671624,48.96096119272585,0.2825612434740791,0.6178360835983427,0.6178360835983427,2.186556358551063,19.899122670328378,19.899122670328378,3.0772621203615764
lonestar,App,launch_day,7,208,1,5554.99,26.70668269230769,0.912044592575566,29.28221153846154,33,True,ls_web_donor,0.1991296064549887,0.33762183461493167,0.13189910339750607,9.749576933965471,48.96096119272585,0.42601895760043407,0.48602563497513196,0.48602563497513196,1.1408544767882807,16.95710575834222,16.95710575834222,1.7392658033465265
lonestar,App,launch_day,14,208,1,5984.85,28.77331730769231,0.9826210452000591,29.28221153846154,33,True,ls_web_donor,0.2889096012023405,0.33762183461493167,0.19136741160653803,14.145291772673694,48.96096119272585,0.6180947641896709,0.3645262810103882,0.3645262810103882,0.589757917603923,14.628025535018615,14.628025535018615,1.0341268154876437
lonestar,App,launch_day,21,208,1,6054.76,29.10942307692308,0.994099200420313,29.28221153846154,33,True,ls_web_donor,0.35675919955850816,0.33762183461493167,0.23630950408781012,17.467273324732055,48.96096119272585,0.7632525620675893,0.23084663835272368,0.23084663835272368,0.3024511804157969,11.642149752191024,11.642149752191024,0.6665121416349974
lonestar,App,launch_day,28,208,1,6075.7300000000005,29.210240384615386,0.9975421544321671,29.28221153846154,33,True,ls_web_donor,0.418517099944908,0.33762183461493167,0.2772165888437874,20.490999488894804,48.96096119272585,0.895377748344963,0.10216440608720412,0.10216440608720412,0.11410201591009736,8.719240895720581,8.719240895720581,0.42551564653769164
lonestar,App,launch_week,1,2000,7,12780.349999999999,6.390174999999999,0.1487017805794277,42.97309,27,True,ls_web_donor,0.08262562738697628,0.33762183461493167,0.0547294114823756,4.045430136018371,48.96096119272585,0.20340277173427815,-0.05470099115485044,0.05470099115485044,0.26892942848542334,2.344744863981628,2.344744863981628,0.5796033512246965
lonestar,App,launch_week,3,2000,7,21230.09,10.615045,0.24701609774861433,42.97309,27,True,ls_web_donor,0.1320746605487875,0.33762183461493167,0.08748337134816153,6.466502329671624,48.96096119272585,0.3251334105539481,-0.0781173128053338,0.0781173128053338,0.240262336227584,4.148542670328376,4.148542670328376,0.6415435205664023
lonestar,App,launch_week,7,2000,7,35738.89,17.869445,0.41582871978719704,42.97309,27,True,ls_web_donor,0.1991296064549887,0.33762183461493167,0.13189910339750607,9.749576933965471,48.96096119272585,0.49020522044090403,-0.07437650065370699,0.07437650065370699,0.1517252317035929,8.119868066034527,8.119868066034527,0.8328431193508119
lonestar,App,launch_week,14,2000,7,49178.57,24.589285,0.5722019291607842,42.97309,27,True,ls_web_donor,0.2889096012023405,0.33762183461493167,0.19136741160653803,14.145291772673694,48.96096119272585,0.7112201809975452,-0.1390182518367611,0.1390182518367611,0.19546443640248856,10.443993227326306,10.443993227326306,0.7383370661538654
lonestar,App,launch_week,21,2000,7,61299.960000000014,30.649980000000006,0.7132365859657754,42.97309,27,True,ls_web_donor,0.35675919955850816,0.33762183461493167,0.23630950408781012,17.467273324732055,48.96096119272585,0.8782482182197758,-0.1650116322540004,0.1650116322540004,0.1878872382895143,13.182706675267951,13.182706675267951,0.7547089021961114
lonestar,App,launch_day,1,208,1,3434.59,16.512451923076924,0.5639072684584695,29.28221153846154,33,True,rp_app_donor,0.10838131227675878,0.33762183461493167,0.07178941478790567,4.045430136018371,37.32590103437852,0.19856761451683147,0.36533965394163803,0.36533965394163803,1.8398753232273444,12.467021787058552,12.467021787058552,3.0817543173119666
lonestar,App,launch_day,3,208,1,5484.05,26.365625,0.9003973270724219,29.28221153846154,33,True,rp_app_donor,0.18782917087687767,0.33762183461493167,0.12441394161122474,7.010893043519708,37.32590103437852,0.3441256579589673,0.5562716691134546,0.5562716691134546,1.6164783306561321,19.354731956480293,19.354731956480293,2.760665700694181
lonestar,App,launch_day,7,208,1,5554.99,26.70668269230769,0.912044592575566,29.28221153846154,33,True,rp_app_donor,0.26707052723889046,0.33762183461493167,0.17690168586091917,9.968648068918117,37.32590103437852,0.48930536443551625,0.42273922814004977,0.42273922814004977,0.8639578857422501,16.738034623389574,16.738034623389574,1.6790676637063915
lonestar,App,launch_day,14,208,1,5984.85,28.77331730769231,0.9826210452000591,29.28221153846154,33,True,rp_app_donor,0.3461595061729403,0.33762183461493167,0.22928849862943343,12.920715469520509,37.32590103437852,0.6342058971159448,0.34841514808411433,0.34841514808411433,0.5493722932387327,15.8526018381718,15.8526018381718,1.2269136237515255
lonestar,App,launch_day,21,208,1,6054.76,29.10942307692308,0.994099200420313,29.28221153846154,33,True,rp_app_donor,0.4310964295429652,0.33762183461493167,0.28554886210472263,16.09106266539465,37.32590103437852,0.789820568166587,0.204278632253726,0.204278632253726,0.25863929161520655,13.01836041152843,13.01836041152843,0.8090429253952037
lonestar,App,launch_day,28,208,1,6075.7300000000005,29.210240384615386,0.9975421544321671,29.28221153846154,33,True,rp_app_donor,0.49783553310231726,0.33762183461493167,0.32975538707981034,18.582159839974164,37.32590103437852,0.9120946420856396,0.08544751234652748,0.08544751234652748,0.09368272589688617,10.628080544641222,10.628080544641222,0.5719507654744186
lonestar,App,launch_week,1,2000,7,12780.349999999999,6.390174999999999,0.1487017805794277,42.97309,27,True,rp_app_donor,0.10838131227675878,0.33762183461493167,0.07178941478790567,4.045430136018371,37.32590103437852,0.2207407673030289,-0.0720389867236012,0.0720389867236012,0.3263510750812395,2.344744863981628,2.344744863981628,0.5796033512246965
lonestar,App,launch_week,3,2000,7,21230.09,10.615045,0.24701609774861433,42.97309,27,True,rp_app_donor,0.18782917087687767,0.33762183461493167,0.12441394161122474,7.010893043519708,37.32590103437852,0.3825526230516467,-0.1355365253030324,0.1355365253030324,0.3542951142821839,3.604151956480292,3.604151956480292,0.5140788675718956
lonestar,App,launch_week,7,2000,7,35738.89,17.869445,0.41582871978719704,42.97309,27,True,rp_app_donor,0.26707052723889046,0.33762183461493167,0.17690168586091917,9.968648068918117,37.32590103437852,0.5439438946466705,-0.12811517485947344,0.12811517485947344,0.2355301275009129,7.9007969310818815,7.9007969310818815,0.7925645359791845
lonestar,App,launch_week,14,2000,7,49178.57,24.589285,0.5722019291607842,42.97309,27,True,rp_app_donor,0.3461595061729403,0.33762183461493167,0.22928849862943343,12.920715469520509,37.32590103437852,0.7050248183628799,-0.13282288920209573,0.13282288920209573,0.18839462915719812,11.668569530479491,11.668569530479491,0.9030900462134017
lonestar,App,launch_week,21,2000,7,61299.960000000014,30.649980000000006,0.7132365859657754,42.97309,27,True,rp_app_donor,0.4310964295429652,0.33762183461493167,0.28554886210472263,16.09106266539465,37.32590103437852,0.8780162801121245,-0.16477969414634908,0.16477969414634908,0.1876727093548953,14.558917334605358,14.558917334605358,0.904782837364476
lonestar,App,launch_day,1,208,1,3434.59,16.512451923076924,0.5639072684584695,29.28221153846154,33,True,hybrid_donor,0.09376700071375696,0.33762183461493167,0.062109213906438726,4.045430136018371,43.143431113552175,0.1870357025379938,0.3768715659204757,0.3768715659204757,2.0149712638094823,12.467021787058552,12.467021787058552,3.0817543173119666
lonestar,App,launch_day,3,208,1,5484.05,26.365625,0.9003973270724219,29.28221153846154,33,True,hybrid_donor,0.15619290150705964,0.33762183461493167,0.10345876754641684,6.738697686595667,43.143431113552175,0.31155575887514236,0.5888415681972796,0.5888415681972796,1.8900038000365162,19.626927313404334,19.626927313404334,2.912569791110438
lonestar,App,launch_day,7,208,1,5554.99,26.70668269230769,0.912044592575566,29.28221153846154,33,True,hybrid_donor,0.2285194349863578,0.33762183461493167,0.15136628410109607,9.859112501441793,43.143431113552175,0.45582446639980956,0.45622012617575647,0.45622012617575647,1.0008680090804951,16.8475701908659,16.8475701908659,1.7088323303342077
lonestar,App,launch_day,14,208,1,5984.85,28.77331730769231,0.9826210452000591,29.28221153846154,33,True,hybrid_donor,0.31367471876491826,0.33762183461493167,0.20777128474318382,13.533003621097102,43.143431113552175,0.6256824996642621,0.35693854553579696,0.35693854553579696,0.5704787104119553,15.240313686595208,15.240313686595208,1.1261589897778876
lonestar,App,launch_day,21,208,1,6054.76,29.10942307692308,0.994099200420313,29.28221153846154,33,True,hybrid_donor,0.38891593834762705,0.33762183461493167,0.2576094257317135,16.779167995063354,43.143431113552175,0.7757650900995422,0.21833411032077077,0.21833411032077077,0.2814435878943138,12.330255081859725,12.330255081859725,0.7348549752578581
lonestar,App,launch_day,28,208,1,6075.7300000000005,29.210240384615386,0.9975421544321671,29.28221153846154,33,True,hybrid_donor,0.45282860357153354,0.33762183461493167,0.2999437796675948,19.536579664434484,43.143431113552175,0.9032507742979825,0.09429138013418459,0.09429138013418459,0.10439114232420005,9.673660720180902,9.673660720180902,0.49515631120381787
lonestar,App,launch_week,1,2000,7,12780.349999999999,6.390174999999999,0.1487017805794277,42.97309,27,True,hybrid_donor,0.09376700071375696,0.33762183461493167,0.062109213906438726,4.045430136018371,43.143431113552175,0.21171740117082452,-0.06301562059139681,0.06301562059139681,0.29764025178333153,2.344744863981628,2.344744863981628,0.5796033512246965
lonestar,App,launch_week,3,2000,7,21230.09,10.615045,0.24701609774861433,42.97309,27,True,hybrid_donor,0.15619290150705964,0.33762183461493167,0.10345876754641684,6.738697686595667,43.143431113552175,0.3526694352670444,-0.10565333751843009,0.10565333751843009,0.2995817809911098,3.8763473134043336,3.8763473134043336,0.5752368623265294
lonestar,App,launch_week,7,2000,7,35738.89,17.869445,0.41582871978719704,42.97309,27,True,hybrid_donor,0.2285194349863578,0.33762183461493167,0.15136628410109607,9.859112501441793,43.143431113552175,0.5159762019053106,-0.10014748211811353,0.10014748211811353,0.19409321931574686,8.010332498558206,8.010332498558206,0.8124800784438537
lonestar,App,launch_week,14,2000,7,49178.57,24.589285,0.5722019291607842,42.97309,27,True,hybrid_donor,0.31367471876491826,0.33762183461493167,0.20777128474318382,13.533003621097102,43.143431113552175,0.7082491256452697,-0.1360471964844855,0.1360471964844855,0.19208946620376832,11.056281378902899,11.056281378902899,0.8169865085727792
lonestar,App,launch_week,21,2000,7,61299.960000000014,30.649980000000006,0.7132365859657754,42.97309,27,True,hybrid_donor,0.38891593834762705,0.33762183461493167,0.2576094257317135,16.779167995063354,43.143431113552175,0.8781369897095548,-0.16490040374377934,0.16490040374377934,0.18778437268463138,13.870812004936653,13.870812004936653,0.8266686410802743
lonestar,App,launch_day,1,208,1,3434.59,16.512451923076924,0.5639072684584695,29.28221153846154,33,True,native_early_rp_tail,0.08350354364704225,0.33762183461493167,0.05531092404407983,4.045430136018371,48.44620909883581,0.15298854680181748,0.410918721656652,0.410918721656652,2.685944341892202,12.467021787058552,12.467021787058552,3.0817543173119666
lonestar,App,launch_day,3,208,1,5484.05,26.365625,0.9003973270724219,29.28221153846154,33,True,native_early_rp_tail,0.1536935647796174,0.33762183461493167,0.10180326147021412,7.445870576458812,48.44620909883581,0.2815851172473867,0.6188122098250353,0.6188122098250353,2.197602685376932,18.91975442354119,18.91975442354119,2.540972775347279
lonestar,App,launch_day,7,208,1,5554.99,26.70668269230769,0.912044592575566,29.28221153846154,33,True,native_early_rp_tail,0.25867166688100685,0.33762183461493167,0.17133846414573886,12.53166166166166,48.44620909883581,0.4739176409351197,0.43812695164044635,0.43812695164044635,0.9244790946712761,14.17502103064603,14.17502103064603,1.1311365893329157
lonestar,App,launch_day,14,208,1,5984.85,28.77331730769231,0.9826210452000591,29.28221153846154,33,True,native_early_rp_tail,0.32280152418328717,0.33762183461493167,0.21381668137202953,15.638510138006435,48.44620909883581,0.5914112615262896,0.39120978367376946,0.39120978367376946,0.6614851781214843,13.134807169685875,13.134807169685875,0.8399014390612707
lonestar,App,launch_day,21,208,1,6054.76,29.10942307692308,0.994099200420313,29.28221153846154,33,True,native_early_rp_tail,0.3950460436045403,0.33762183461493167,0.2616698736054051,19.138483232133368,48.44620909883581,0.7237719202232537,0.2703272801970593,0.2703272801970593,0.3734978833023455,9.970939844789712,9.970939844789712,0.5209890315680074
lonestar,App,launch_day,28,208,1,6075.7300000000005,29.210240384615386,0.9975421544321671,29.28221153846154,33,True,native_early_rp_tail,0.4979969481566269,0.33762183461493167,0.32986230488734947,24.126064280978042,48.44620909883581,0.9123903739014675,0.0851517805306996,0.0851517805306996,0.09332823204456064,5.084176103637343,5.084176103637343,0.2107337543507215
lonestar,App,launch_week,1,2000,7,12780.349999999999,6.390174999999999,0.1487017805794277,42.97309,27,True,native_early_rp_tail,0.08350354364704225,0.33762183461493167,0.05531092404407983,4.045430136018371,48.44620909883581,0.17233167654254058,-0.02362989596311288,0.02362989596311288,0.13711870294072007,2.344744863981628,2.344744863981628,0.5796033512246965
lonestar,App,launch_week,3,2000,7,21230.09,10.615045,0.24701609774861433,42.97309,27,True,native_early_rp_tail,0.1536935647796174,0.33762183461493167,0.10180326147021412,7.445870576458812,48.44620909883581,0.3171873735589567,-0.07017127581034238,0.07017127581034238,0.22122972621197168,3.1691744235411887,3.1691744235411887,0.42562845955998596
lonestar,App,launch_week,7,2000,7,35738.89,17.869445,0.41582871978719704,42.97309,27,True,native_early_rp_tail,0.25867166688100685,0.33762183461493167,0.17133846414573886,12.53166166166166,48.44620909883581,0.5338374885750905,-0.11800876878789346,0.11800876878789346,0.2210574778157307,5.337783338338339,5.337783338338339,0.42594378003902833
lonestar,App,launch_week,14,2000,7,49178.57,24.589285,0.5722019291607842,42.97309,27,True,native_early_rp_tail,0.32280152418328717,0.33762183461493167,0.21381668137202953,15.638510138006435,48.44620909883581,0.6661864326157104,-0.09398450345492626,0.09398450345492626,0.1410783811461096,8.950774861993565,8.950774861993565,0.5723547053398906
lonestar,App,launch_week,21,2000,7,61299.960000000014,30.649980000000006,0.7132365859657754,42.97309,27,True,native_early_rp_tail,0.3950460436045403,0.33762183461493167,0.2616698736054051,19.138483232133368,48.44620909883581,0.8152821309431869,-0.10204554497741147,0.10204554497741147,0.1251659285839573,11.511496767866639,11.511496767866639,0.6014842779462755
