brand,population,slice,day,n_users,n_cost_dates,sum_cum,actual_arpu,actual_ratio,actual_arpu_120,raw_goal_ratio,organic_share,adjusted_goal_ratio,ARPU_nominal,ARPU_at_horizon,shape_signed_bias,shape_ae,shape_ape,adj_signed_bias,adj_ae,adj_ape,level_signed_bias,level_ae,level_ape
lonestar,Affiliate,2026-04-10,1,1018,1,6259.52,6.148840864440079,0.057674524885793846,106.61277013752456,0.17192461318814367,0.2477349776590019,0.12933287298094637,8.556510369768157,49.76896682271107,-0.11425008830234983,0.11425008830234983,0.6645359624995729,-0.07165834809515252,0.07165834809515252,0.5540613646285381,-2.4076695053280774,2.4076695053280774,0.28138451322806196
lonestar,Affiliate,2026-04-10,7,1018,1,18857.120000000003,18.523693516699414,0.17374741780749975,106.61277013752456,0.33297959387564136,0.2477349776590019,0.25048890162595583,16.572050360236602,49.76896682271107,-0.1592321760681416,0.1592321760681416,0.4782040070828196,-0.07674148381845608,0.07674148381845608,0.3063668023625685,1.9516431564628114,1.9516431564628114,0.11776715095831675
lonestar,Affiliate,2026-04-10,30,1018,1,43239.54,42.474990176817286,0.39840433863623376,106.61277013752456,0.5528951467520159,0.2477349776590019,0.41592367992363466,27.51702021513905,49.76896682271107,-0.15449080811578214,0.15449080811578214,0.2794215305077985,-0.017519341287400902,0.017519341287400902,0.04212152885985604,14.957969961678238,14.957969961678238,0.5435897435380306
lonestar,Affiliate,2026-04-10,60,1018,1,64248.06,63.112043222003926,0.5919745180675157,106.61277013752456,0.7264654236828201,0.2477349776590019,0.5464945281767193,36.155433569117015,49.76896682271107,-0.1344909056153044,0.1344909056153044,0.1851304979299663,0.04547998989079638,0.04547998989079638,0.08322130880712052,26.95660965288691,26.95660965288691,0.7455756159404077
lonestar,Affiliate,2026-04-10,90,1018,1,89741.49,88.15470530451867,0.8268681621423398,106.61277013752456,0.8784478131200095,0.2477349776590019,0.6608255637621249,43.71944006665285,49.76896682271107,-0.0515796509776697,0.0515796509776697,0.058716807313200205,0.16604259838021496,0.16604259838021496,0.2512653981406578,44.43526523786582,44.43526523786582,1.0163731550569186
lonestar,Affiliate,2026-04-10,120,1018,1,108531.8,106.61277013752456,1.0,106.61277013752456,1.0,0.2477349776590019,0.7522650223409981,49.76896682271107,49.76896682271107,0.0,0.0,0.0,0.24773497765900188,0.24773497765900188,0.32931875110724584,56.84380331481349,56.84380331481349,1.1421535736778439
lonestar,Affiliate,2026-04-11,1,1374,1,5619.01,4.089526928675401,0.18856105253055266,21.688078602620084,0.17192461318814367,0.2477349776590019,0.12933287298094637,8.556510369768157,49.76896682271107,0.016636439342408993,0.016636439342408993,0.09676589659796472,0.0592281795496063,0.0592281795496063,0.4579514719226251,-4.466983441092756,4.466983441092756,0.5220566852668691
lonestar,Affiliate,2026-04-11,7,1374,1,8681.45,6.318377001455604,0.2913294956747481,21.688078602620084,0.33297959387564136,0.2477349776590019,0.25048890162595583,16.572050360236602,49.76896682271107,-0.04165009820089327,0.04165009820089327,0.1250830350176006,0.040840594048792256,0.040840594048792256,0.1630435272129451,-10.253673358780997,10.253673358780997,0.618732935025585
lonestar,Affiliate,2026-04-11,30,1374,1,15706.56,11.431266375545851,0.5270760303388455,21.688078602620084,0.5528951467520159,0.2477349776590019,0.41592367992363466,27.51702021513905,49.76896682271107,-0.025819116413170362,0.025819116413170362,0.04669803409352539,0.11115235041521088,0.11115235041521088,0.2672421787468771,-16.085753839593195,16.085753839593195,0.5845747000884671
lonestar,Affiliate,2026-04-11,60,1374,1,21511.16,15.655866084425035,0.7218650564339844,21.688078602620084,0.7264654236828201,0.2477349776590019,0.5464945281767193,36.155433569117015,49.76896682271107,-0.004600367248835724,0.004600367248835724,0.006332534349004718,0.17537052825726507,0.17537052825726507,0.3209007944550832,-20.49956748469198,20.49956748469198,0.5669844186905879
lonestar,Affiliate,2026-04-11,90,1374,1,25606.600000000002,18.636535662299856,0.8592986037983291,21.688078602620084,0.8784478131200095,0.2477349776590019,0.6608255637621249,43.71944006665285,49.76896682271107,-0.019149209321680405,0.019149209321680405,0.021798915126975595,0.19847304003620425,0.19847304003620425,0.30034104447516186,-25.082904404352995,25.082904404352995,0.5737242829760087
lonestar,Affiliate,2026-04-11,120,1374,1,29799.42,21.688078602620084,1.0,21.688078602620084,1.0,0.2477349776590019,0.7522650223409981,49.76896682271107,49.76896682271107,0.0,0.0,0.0,0.24773497765900188,0.24773497765900188,0.32931875110724584,-28.080888220090987,28.080888220090987,0.5642248576331071
lonestar,Affiliate,2026-04-12,1,1021,1,10770.14,10.548619000979432,0.07112779411538415,148.30516160626837,0.17192461318814367,0.2477349776590019,0.12933287298094637,8.556510369768157,49.76896682271107,-0.10079681907275952,0.10079681907275952,0.5862849838868255,-0.05820507886556221,0.05820507886556221,0.4500408714661208,1.9921086312112752,1.9921086312112752,0.2328178831232168
lonestar,Affiliate,2026-04-12,7,1021,1,32402.3,31.735847208619,0.21399017313283875,148.30516160626837,0.33297959387564136,0.2477349776590019,0.25048890162595583,16.572050360236602,49.76896682271107,-0.11898942074280261,0.11898942074280261,0.3573474859460663,-0.03649872849311708,0.03649872849311708,0.14570996262189312,15.163796848382397,15.163796848382397,0.9150223731377739
lonestar,Affiliate,2026-04-12,30,1021,1,76294.19,74.72496571988248,0.5038595077241337,148.30516160626837,0.5528951467520159,0.2477349776590019,0.41592367992363466,27.51702021513905,49.76896682271107,-0.049035639027882216,0.049035639027882216,0.08868885776252915,0.08793582780049902,0.08793582780049902,0.21142298946923246,47.20794550474343,47.20794550474343,1.7155907556724117
lonestar,Affiliate,2026-04-12,60,1021,1,98193.08,96.17343780607249,0.6484834159811708,148.30516160626837,0.7264654236828201,0.2477349776590019,0.5464945281767193,36.155433569117015,49.76896682271107,-0.07798200770164931,0.07798200770164931,0.10734441744841638,0.10198888780445148,0.10198888780445148,0.18662380416638216,60.01800423695547,60.01800423695547,1.659999571633438
lonestar,Affiliate,2026-04-12,90,1021,1,129855.61,127.18473065621939,0.8575880251145872,148.30516160626837,0.8784478131200095,0.2477349776590019,0.6608255637621249,43.71944006665285,49.76896682271107,-0.02085978800542232,0.02085978800542232,0.02374618923727977,0.19676246135246234,0.19676246135246234,0.2977524964867888,83.46529058956654,83.46529058956654,1.9091116094423626
lonestar,Affiliate,2026-04-12,120,1021,1,151419.57,148.30516160626837,1.0,148.30516160626837,1.0,0.2477349776590019,0.7522650223409981,49.76896682271107,49.76896682271107,0.0,0.0,0.0,0.24773497765900188,0.24773497765900188,0.32931875110724584,98.5361947835573,98.5361947835573,1.979872219059052
lonestar,Affiliate,2026-04-13,1,1019,1,7414.58,7.276329735034348,0.022396634883392105,324.8849558390579,0.17192461318814367,0.2477349776590019,0.12933287298094637,8.556510369768157,49.76896682271107,-0.14952797830475156,0.14952797830475156,0.869729909708259,-0.10693623809755426,0.10693623809755426,0.8268295262667548,-1.2801806347338092,1.2801806347338092,0.14961480550025866
lonestar,Affiliate,2026-04-13,7,1019,1,25440.09,24.965740922473014,0.07684486607881157,324.8849558390579,0.33297959387564136,0.2477349776590019,0.25048890162595583,16.572050360236602,49.76896682271107,-0.2561347277968298,0.2561347277968298,0.7692204943119998,-0.17364403554714425,0.17364403554714425,0.69322047571768,8.393690562236412,8.393690562236412,0.5064968051494971
lonestar,Affiliate,2026-04-13,30,1019,1,147783.35,145.02782139352306,0.44639746712484646,324.8849558390579,0.5528951467520159,0.2477349776590019,0.41592367992363466,27.51702021513905,49.76896682271107,-0.10649767962716944,0.10649767962716944,0.19261822110899393,0.0304737872012118,0.0304737872012118,0.07326773798213873,117.51080117838401,117.51080117838401,4.270476972420621
lonestar,Affiliate,2026-04-13,60,1019,1,230543.97000000003,226.24530912659472,0.6963859208016776,324.8849558390579,0.7264654236828201,0.2477349776590019,0.5464945281767193,36.155433569117015,49.76896682271107,-0.030079502881142473,0.030079502881142473,0.04140527807731617,0.14989139262495832,0.14989139262495832,0.27427793856425975,190.0898755574777,190.0898755574777,5.257574223085719
lonestar,Affiliate,2026-04-13,90,1019,1,283243.86,277.9625711481845,0.8555723069118722,324.8849558390579,0.8784478131200095,0.2477349776590019,0.6608255637621249,43.71944006665285,49.76896682271107,-0.022875506208137275,0.022875506208137275,0.02604082549524445,0.19474674314974738,0.19474674314974738,0.2947021934821058,234.24313108153166,234.24313108153166,5.357871251882784
lonestar,Affiliate,2026-04-13,120,1019,1,331057.77,324.8849558390579,1.0,324.8849558390579,1.0,0.2477349776590019,0.7522650223409981,49.76896682271107,49.76896682271107,0.0,0.0,0.0,0.24773497765900188,0.24773497765900188,0.32931875110724584,275.1159890163468,275.1159890163468,5.527862171549102
lonestar,Affiliate,2026-04-14,1,983,1,3709.4,3.7735503560528993,0.08852172020511723,42.628524923702955,0.17192461318814367,0.2477349776590019,0.12933287298094637,8.556510369768157,49.76896682271107,-0.08340289298302644,0.08340289298302644,0.48511316347564193,-0.04081115277582914,0.04081115277582914,0.3155512735098797,-4.7829600137152575,4.7829600137152575,0.558984890687961
lonestar,Affiliate,2026-04-14,7,983,1,7036.45,7.158138351983723,0.16791897830843186,42.628524923702955,0.33297959387564136,0.2477349776590019,0.25048890162595583,16.572050360236602,49.76896682271107,-0.1650606155672095,0.1650606155672095,0.49570790103388457,-0.08256992331752397,0.08256992331752397,0.3296350568091118,-9.413912008252879,9.413912008252879,0.5680595824666849
lonestar,Affiliate,2026-04-14,30,983,1,15350.77,15.616246185147508,0.36633325251337345,42.628524923702955,0.5528951467520159,0.2477349776590019,0.41592367992363466,27.51702021513905,49.76896682271107,-0.18656189423864245,0.18656189423864245,0.3374272596433534,-0.049590427410261206,0.049590427410261206,0.11922963227139705,-11.90077402999154,11.90077402999154,0.4324877452916972
lonestar,Affiliate,2026-04-14,60,983,1,22060.219999999998,22.44172939979654,0.5264486500521193,42.628524923702955,0.7264654236828201,0.2477349776590019,0.5464945281767193,36.155433569117015,49.76896682271107,-0.2000167736307008,0.2000167736307008,0.27532869027229784,-0.020045878124600014,0.020045878124600014,0.03668083958951882,-13.713704169320476,13.713704169320476,0.3792985677548159
lonestar,Affiliate,2026-04-14,90,983,1,27406.85,27.88082400813835,0.6540414911855332,42.628524923702955,0.8784478131200095,0.2477349776590019,0.6608255637621249,43.71944006665285,49.76896682271107,-0.2244063219344763,0.2244063219344763,0.255457772884021,-0.006784072576591638,0.006784072576591638,0.010266056503579328,-15.8386160585145,15.8386160585145,0.3622785661108102
lonestar,Affiliate,2026-04-14,120,983,1,41903.840000000004,42.628524923702955,1.0,42.628524923702955,1.0,0.2477349776590019,0.7522650223409981,49.76896682271107,49.76896682271107,0.0,0.0,0.0,0.24773497765900188,0.24773497765900188,0.32931875110724584,-7.140441899008117,7.140441899008117,0.14347177277045098
lonestar,Affiliate,overall,1,5415,5,33772.65,6.236869806094183,0.0509612465377138,122.38456140350877,0.17192461318814367,0.2477349776590019,0.12933287298094637,8.556510369768157,49.76896682271107,-0.12096336665042987,0.12096336665042987,0.7035837650427343,-0.07837162644323256,0.07837162644323256,0.6059683407386958,-2.319640563673974,2.319640563673974,0.27109656430379875
lonestar,Affiliate,overall,7,5415,5,92417.41,17.066927054478302,0.13945326811449432,122.38456140350877,0.33297959387564136,0.2477349776590019,0.25048890162595583,16.572050360236602,49.76896682271107,-0.19352632576114703,0.19352632576114703,0.5811957528947668,-0.1110356335114615,0.1110356335114615,0.44327566127966095,0.4948766942417002,0.4948766942417002,0.02986212831148039
lonestar,Affiliate,overall,30,5415,5,298374.41000000003,55.101460757156055,0.45023212180728783,122.38456140350877,0.5528951467520159,0.2477349776590019,0.41592367992363466,27.51702021513905,49.76896682271107,-0.10266302494472807,0.10266302494472807,0.18568262996668047,0.034308441883653173,0.034308441883653173,0.08248734933762931,27.584440542017006,27.584440542017006,1.002450131822081
lonestar,Affiliate,overall,60,5415,5,436556.49,80.61985041551246,0.6587419972826825,122.38456140350877,0.7264654236828201,0.2477349776590019,0.5464945281767193,36.155433569117015,49.76896682271107,-0.06772342640013762,0.06772342640013762,0.09322319300045055,0.11224746910596317,0.11224746910596317,0.2053954126136572,44.464416846395444,44.464416846395444,1.2298128512660331
lonestar,Affiliate,overall,90,5415,5,555854.41,102.65086057248385,0.8387566159920956,122.38456140350877,0.8784478131200095,0.2477349776590019,0.6608255637621249,43.71944006665285,49.76896682271107,-0.03969119712791391,0.03969119712791391,0.045183329658413623,0.17793105222997074,0.17793105222997074,0.2692557037548565,58.931420505831,58.931420505831,1.3479454543787979
lonestar,Affiliate,overall,120,5415,5,662712.4,122.38456140350877,1.0,122.38456140350877,1.0,0.2477349776590019,0.7522650223409981,49.76896682271107,49.76896682271107,0.0,0.0,0.0,0.24773497765900188,0.24773497765900188,0.32931875110724584,72.6155945807977,72.6155945807977,1.4590536878025169
lonestar,Blended,2026-04-10,1,2204,1,10147.66,4.6042014519056265,0.06833009930619192,67.38174682395645,0.07159278528417694,0.0,0.07159278528417694,8.302729825323446,115.97159954549878,-0.0032626859779850137,0.0032626859779850137,0.04557283202538169,-0.0032626859779850137,0.0032626859779850137,0.04557283202538169,-3.69852837341782,3.69852837341782,0.4454593189504077
lonestar,Blended,2026-04-10,7,2204,1,25310.27,11.483788566243195,0.1704287749655123,67.38174682395645,0.19087208276196846,0.0,0.19087208276196846,22.135740746486306,115.97159954549878,-0.020443307796456173,0.020443307796456173,0.10710475571197325,-0.020443307796456173,0.020443307796456173,0.10710475571197325,-10.65195218024311,10.65195218024311,0.48121055907893834
lonestar,Blended,2026-04-10,30,2204,1,58499.200000000004,26.542286751361164,0.39390915199492127,67.38174682395645,0.40708515144690893,0.0,0.40708515144690893,47.21031616451965,115.97159954549878,-0.013175999451987663,0.013175999451987663,0.032366691354759586,-0.013175999451987663,0.013175999451987663,0.032366691354759586,-20.668029413158482,20.668029413158482,0.4377862952905046
lonestar,Blended,2026-04-10,60,2204,1,92077.99,41.777672413793105,0.6200146832486058,67.38174682395645,0.6193919826003601,0.0,0.6193919826003601,71.83187896782151,115.97159954549878,0.0006227006482456554,0.0006227006482456554,0.0010053417960487715,0.0006227006482456554,0.0006227006482456554,0.0010053417960487715,-30.054206554028404,30.054206554028404,0.41839649729184686
lonestar,Blended,2026-04-10,90,2204,1,124452.49,56.46664700544465,0.8380110292030731,67.38174682395645,0.8343611468736845,0.0,0.8343611468736845,96.76219680155802,115.97159954549878,0.003649882329388676,0.003649882329388676,0.004374463435964904,0.003649882329388676,0.003649882329388676,0.004374463435964904,-40.29554979611337,40.29554979611337,0.41643897232668603
lonestar,Blended,2026-04-10,120,2204,1,148509.37,67.38174682395645,1.0,67.38174682395645,1.0,0.0,1.0,115.97159954549878,115.97159954549878,0.0,0.0,0.0,0.0,0.0,0.0,-48.58985272154233,48.58985272154233,0.4189806203585148
lonestar,Blended,2026-04-11,1,2527,1,7961.37,3.1505223585278985,0.1181247042753933,26.671155520379894,0.07159278528417694,0.0,0.07159278528417694,8.302729825323446,115.97159954549878,0.046531918991216364,0.046531918991216364,0.6499526286973585,0.046531918991216364,0.046531918991216364,0.6499526286973585,-5.152207466795548,5.152207466795548,0.6205437940520767
lonestar,Blended,2026-04-11,7,2527,1,17657.06,6.987360506529482,0.2619819190507257,26.671155520379894,0.19087208276196846,0.0,0.19087208276196846,22.135740746486306,115.97159954549878,0.07110983628875725,0.07110983628875725,0.3725523149314426,0.07110983628875725,0.07110983628875725,0.3725523149314426,-15.148380239956824,15.148380239956824,0.684340335091853
lonestar,Blended,2026-04-11,30,2527,1,35214.05,13.93512069647804,0.5224790761626346,26.671155520379894,0.40708515144690893,0.0,0.40708515144690893,47.21031616451965,115.97159954549878,0.11539392471572563,0.11539392471572563,0.283463851004094,0.11539392471572563,0.11539392471572563,0.283463851004094,-33.27519546804161,33.27519546804161,0.7048289054469241
lonestar,Blended,2026-04-11,60,2527,1,48462.68,19.177950138504155,0.7190520907071293,26.671155520379894,0.6193919826003601,0.0,0.6193919826003601,71.83187896782151,115.97159954549878,0.09966010810676917,0.09966010810676917,0.16089990007357133,0.09966010810676917,0.09966010810676917,0.16089990007357133,-52.65392882931735,52.65392882931735,0.7330161703399782
lonestar,Blended,2026-04-11,90,2527,1,57791.91,22.869770478828652,0.8574720529582404,26.671155520379894,0.8343611468736845,0.0,0.8343611468736845,96.76219680155802,115.97159954549878,0.023110906084555904,0.023110906084555904,0.027698924106367467,0.023110906084555904,0.023110906084555904,0.027698924106367467,-73.89242632272936,73.89242632272936,0.7636497388982345
lonestar,Blended,2026-04-11,120,2527,1,67398.01,26.671155520379894,1.0,26.671155520379894,1.0,0.0,1.0,115.97159954549878,115.97159954549878,0.0,0.0,0.0,0.0,0.0,0.0,-89.30044402511888,89.30044402511888,0.7700199391497046
lonestar,Blended,2026-04-12,1,2216,1,14506.38,6.54620036101083,0.06346494285942283,103.14671480144405,0.07159278528417694,0.0,0.07159278528417694,8.302729825323446,115.97159954549878,-0.008127842424754103,0.008127842424754103,0.11352879193750932,-0.008127842424754103,0.008127842424754103,0.11352879193750932,-1.7565294643126164,1.7565294643126164,0.21156047483987447
lonestar,Blended,2026-04-12,7,2216,1,44995.01,20.304607400722023,0.19685171204733085,103.14671480144405,0.19087208276196846,0.0,0.19087208276196846,22.135740746486306,115.97159954549878,0.005979629285362387,0.005979629285362387,0.03132794067542829,0.005979629285362387,0.005979629285362387,0.03132794067542829,-1.8311333457642824,1.8311333457642824,0.08272293060962713
lonestar,Blended,2026-04-12,30,2216,1,110580.41,49.90090703971119,0.4837857137357183,103.14671480144405,0.40708515144690893,0.0,0.40708515144690893,47.21031616451965,115.97159954549878,0.07670056228880939,0.07670056228880939,0.18841405051545462,0.07670056228880939,0.07670056228880939,0.18841405051545462,2.690590875191546,2.690590875191546,0.05699158772449882
lonestar,Blended,2026-04-12,60,2216,1,141513.43,63.85985108303249,0.6191166747866065,103.14671480144405,0.6193919826003601,0.0,0.6193919826003601,71.83187896782151,115.97159954549878,-0.00027530781375362245,0.00027530781375362245,0.00044448075126483303,-0.00027530781375362245,0.00027530781375362245,0.00044448075126483303,-7.972027884789021,7.972027884789021,0.11098175349638628
lonestar,Blended,2026-04-12,90,2216,1,194648.6,87.83781588447654,0.8515813232982076,103.14671480144405,0.8343611468736845,0.0,0.8343611468736845,96.76219680155802,115.97159954549878,0.017220176424523115,0.017220176424523115,0.020638756357539395,0.017220176424523115,0.017220176424523115,0.020638756357539395,-8.924380917081479,8.924380917081479,0.09223003623392087
lonestar,Blended,2026-04-12,120,2216,1,228573.12,103.14671480144405,1.0,103.14671480144405,1.0,0.0,1.0,115.97159954549878,115.97159954549878,0.0,0.0,0.0,0.0,0.0,0.0,-12.824884744054728,12.824884744054728,0.11058642628295542
lonestar,Blended,2026-04-13,1,2149,1,12720.59,5.919306654257794,0.03539664497665321,167.22790134946487,0.07159278528417694,0.0,0.07159278528417694,8.302729825323446,115.97159954549878,-0.03619614030752373,0.03619614030752373,0.5055836305830053,-0.03619614030752373,0.03619614030752373,0.5055836305830053,-2.383423171065652,2.383423171065652,0.2870650040660334
lonestar,Blended,2026-04-13,7,2149,1,35798.82,16.65836202885063,0.0996147287290222,167.22790134946487,0.19087208276196846,0.0,0.19087208276196846,22.135740746486306,115.97159954549878,-0.09125735403294626,0.09125735403294626,0.47810739377088946,-0.09125735403294626,0.09125735403294626,0.47810739377088946,-5.477378717635677,5.477378717635677,0.24744501574925262
lonestar,Blended,2026-04-13,30,2149,1,161668.40000000002,75.2295951605398,0.4498626996659403,167.22790134946487,0.40708515144690893,0.0,0.40708515144690893,47.21031616451965,115.97159954549878,0.04277754821903135,0.04277754821903135,0.10508255598856027,0.04277754821903135,0.04277754821903135,0.10508255598856027,28.019278996020155,28.019278996020155,0.5934990754643095
lonestar,Blended,2026-04-13,60,2149,1,248473.22000000003,115.6227175430433,0.6914080521851462,167.22790134946487,0.6193919826003601,0.0,0.6193919826003601,71.83187896782151,115.97159954549878,0.07201606958478612,0.07201606958478612,0.11626897281176442,0.07201606958478612,0.07201606958478612,0.11626897281176442,43.790838575221784,43.790838575221784,0.6096295851433698
lonestar,Blended,2026-04-13,90,2149,1,306736.57999999996,142.73456491391343,0.8535331948921224,167.22790134946487,0.8343611468736845,0.0,0.8343611468736845,96.76219680155802,115.97159954549878,0.01917204801843797,0.01917204801843797,0.02297811695843558,0.01917204801843797,0.01917204801843797,0.02297811695843558,45.97236811235541,45.97236811235541,0.47510670108737324
lonestar,Blended,2026-04-13,120,2149,1,359372.76,167.22790134946487,1.0,167.22790134946487,1.0,0.0,1.0,115.97159954549878,115.97159954549878,0.0,0.0,0.0,0.0,0.0,0.0,51.256301803966096,51.256301803966096,0.4419728796088293
lonestar,Blended,2026-04-14,1,2184,1,13918.83,6.373090659340659,0.10718315321148335,59.45981684981685,0.07159278528417694,0.0,0.07159278528417694,8.302729825323446,115.97159954549878,0.03559036792730641,0.03559036792730641,0.497122269877275,0.03559036792730641,0.03559036792730641,0.497122269877275,-1.9296391659827874,1.9296391659827874,0.23241020803752518
lonestar,Blended,2026-04-14,7,2184,1,25803.69,11.814876373626372,0.19870354467233386,59.45981684981685,0.19087208276196846,0.0,0.19087208276196846,22.135740746486306,115.97159954549878,0.007831461910365406,0.007831461910365406,0.04102989707579089,0.007831461910365406,0.007831461910365406,0.04102989707579089,-10.320864372859933,10.320864372859933,0.4662533994710886
lonestar,Blended,2026-04-14,30,2184,1,58055.79,26.58232142857143,0.4470636277893834,59.45981684981685,0.40708515144690893,0.0,0.40708515144690893,47.21031616451965,115.97159954549878,0.03997847634247448,0.03997847634247448,0.0982066680653381,0.03997847634247448,0.03997847634247448,0.0982066680653381,-20.627994735948217,20.627994735948217,0.4369382883195123
lonestar,Blended,2026-04-14,60,2184,1,72579.23,33.23224816849817,0.5589026325532741,59.45981684981685,0.6193919826003601,0.0,0.6193919826003601,71.83187896782151,115.97159954549878,-0.060489350047086,0.060489350047086,0.09765923961937126,-0.060489350047086,0.060489350047086,0.09765923961937126,-38.59963079932334,38.59963079932334,0.537360728328084
lonestar,Blended,2026-04-14,90,2184,1,94644.36,43.33532967032967,0.7288170728777338,59.45981684981685,0.8343611468736845,0.0,0.8343611468736845,96.76219680155802,115.97159954549878,-0.10554407399595067,0.10554407399595067,0.1264968705594931,-0.10554407399595067,0.10554407399595067,0.1264968705594931,-53.42686713122835,53.42686713122835,0.5521460745749428
lonestar,Blended,2026-04-14,120,2184,1,129860.24,59.45981684981685,1.0,59.45981684981685,1.0,0.0,1.0,115.97159954549878,115.97159954549878,0.0,0.0,0.0,0.0,0.0,0.0,-56.51178269568192,56.51178269568192,0.4872898443856578
lonestar,Blended,overall,1,11280,5,59254.83,5.253087765957447,0.06346146864107674,82.7760195035461,0.07159278528417694,0.0,0.07159278528417694,8.302729825323446,115.97159954549878,-0.008131316643100198,0.008131316643100198,0.11357731942994176,-0.008131316643100198,0.008131316643100198,0.11357731942994176,-3.0496420593659996,3.0496420593659996,0.3673059491908971
lonestar,Blended,overall,7,11280,5,149564.85,13.259295212765958,0.16018280768137122,82.7760195035461,0.19087208276196846,0.0,0.19087208276196846,22.135740746486306,115.97159954549878,-0.03068927508059724,0.03068927508059724,0.16078451409192734,-0.03068927508059724,0.03068927508059724,0.16078451409192734,-8.876445533720348,8.876445533720348,0.401000609619506
lonestar,Blended,overall,30,11280,5,424017.85000000003,37.590234929078015,0.45411986653293546,82.7760195035461,0.40708515144690893,0.0,0.40708515144690893,47.21031616451965,115.97159954549878,0.047034715086026524,0.047034715086026524,0.1155402375125949,0.047034715086026524,0.047034715086026524,0.1155402375125949,-9.620081235441631,9.620081235441631,0.20377074370604384
lonestar,Blended,overall,60,11280,5,603106.55,53.46689273049646,0.6459224912138468,82.7760195035461,0.6193919826003601,0.0,0.6193919826003601,71.83187896782151,115.97159954549878,0.026530508613486714,0.026530508613486714,0.042833148246616146,0.026530508613486714,0.026530508613486714,0.042833148246616146,-18.36498623732505,18.36498623732505,0.25566623762622165
lonestar,Blended,overall,90,11280,5,778273.94,68.99591666666666,0.8335254229482598,82.7760195035461,0.8343611468736845,0.0,0.8343611468736845,96.76219680155802,115.97159954549878,-0.0008357239254246362,0.0008357239254246362,0.00100163331976334,-0.0008357239254246362,0.0008357239254246362,0.00100163331976334,-27.76628013489136,27.76628013489136,0.28695380068556153
lonestar,Blended,overall,120,11280,5,933713.5,82.7760195035461,1.0,82.7760195035461,1.0,0.0,1.0,115.97159954549878,115.97159954549878,0.0,0.0,0.0,0.0,0.0,0.0,-33.19558004195268,33.19558004195268,0.2862388737591669
lonestar,Web,2026-04-10,1,487,1,1109.02,2.277248459958932,0.23743633331263742,9.590985626283366,0.08992273433766686,0.2477349776590019,0.06764572775548859,4.068507593824527,45.244482652706765,0.14751359897497057,0.14751359897497057,1.6404483255707678,0.1697906055571488,0.1697906055571488,2.5099974705109513,-1.7912591338655948,1.7912591338655948,0.4402742510753812
lonestar,Web,2026-04-10,7,487,1,1833.79,3.765482546201232,0.39260642158426484,9.590985626283366,0.23170671579369262,0.2477349776590019,0.17430485773310148,10.483450483243383,45.244482652706765,0.16089970579057222,0.16089970579057222,0.694411058563509,0.21830156385116337,0.21830156385116337,1.2524123922319501,-6.71796793704215,6.71796793704215,0.6408164895498927
lonestar,Web,2026-04-10,30,487,1,2591.7599999999998,5.321889117043121,0.5548844847039379,9.590985626283366,0.44440615062987676,0.2477349776590019,0.3343112028320612,20.10692637292965,45.244482652706765,0.11047833407406116,0.11047833407406116,0.24859767111115647,0.2205732818718767,0.2205732818718767,0.6597842967968981,-14.785037255886529,14.785037255886529,0.7353206045351574
lonestar,Web,2026-04-10,60,487,1,3275.64,6.726160164271047,0.7013002027485598,9.590985626283366,0.6199423919722812,0.2477349776590019,0.4663609773471599,28.048972799267414,45.244482652706765,0.08135781077627857,0.08135781077627857,0.13123446925035614,0.23493922540139983,0.23493922540139983,0.5037711918733515,-21.322812634996367,21.322812634996367,0.7601994122063992
lonestar,Web,2026-04-10,90,487,1,3662.5,7.520533880903491,0.7841252373785276,9.590985626283366,0.809199484783483,0.2477349776590019,0.608732468498971,36.61181205186555,45.244482652706765,-0.025074247404955452,0.025074247404955452,0.03098648463878416,0.17539276887955657,0.17539276887955657,0.28812783604601344,-29.091278170962056,29.091278170962056,0.794587225831662
lonestar,Web,2026-04-10,120,487,1,4670.8099999999995,9.590985626283366,1.0,9.590985626283366,1.0,0.2477349776590019,0.7522650223409981,45.244482652706765,45.244482652706765,0.0,0.0,0.0,0.24773497765900188,0.24773497765900188,0.32931875110724584,-35.653497026423395,35.653497026423395,0.7880186695933059
lonestar,Web,2026-04-11,1,482,1,894.28,1.8553526970954357,0.10600180644488329,17.503029045643153,0.08992273433766686,0.2477349776590019,0.06764572775548859,4.068507593824527,45.244482652706765,0.01607907210721643,0.01607907210721643,0.1788098663330039,0.038356078689394696,0.038356078689394696,0.5670140593066882,-2.2131548967290913,2.2131548967290913,0.5439721680963252
lonestar,Web,2026-04-11,7,482,1,3298.84,6.844066390041494,0.3910218266903417,17.503029045643153,0.23170671579369262,0.2477349776590019,0.17430485773310148,10.483450483243383,45.244482652706765,0.15931511089664907,0.15931511089664907,0.6875722628536166,0.2167169689572402,0.2167169689572402,1.2433214528597984,-3.6393840932018886,3.6393840932018886,0.347155175580696
lonestar,Web,2026-04-11,30,482,1,5468.92,11.346307053941908,0.6482481988891075,17.503029045643153,0.44440615062987676,0.2477349776590019,0.3343112028320612,20.10692637292965,45.244482652706765,0.2038420482592307,0.2038420482592307,0.4586841293045027,0.3139369960570462,0.3139369960570462,0.9390561650270217,-8.760619318987741,8.760619318987741,0.4357015665398932
lonestar,Web,2026-04-11,60,482,1,7252.13,15.045912863070539,0.8596176595396647,17.503029045643153,0.6199423919722812,0.2477349776590019,0.4663609773471599,28.048972799267414,45.244482652706765,0.23967526756738355,0.23967526756738355,0.3866089344283781,0.3932566821925048,0.3932566821925048,0.8432452569884805,-13.003059936196875,13.003059936196875,0.46358417576477134
lonestar,Web,2026-04-11,90,482,1,8101.6900000000005,16.808485477178426,0.9603186644635311,17.503029045643153,0.809199484783483,0.2477349776590019,0.608732468498971,36.61181205186555,45.244482652706765,0.15111917968004807,0.15111917968004807,0.18675145316050581,0.3515861959645601,0.3515861959645601,0.5775709595900328,-19.803326574687123,19.803326574687123,0.5408999299633969
lonestar,Web,2026-04-11,120,482,1,8436.46,17.503029045643153,1.0,17.503029045643153,1.0,0.2477349776590019,0.7522650223409981,45.244482652706765,45.244482652706765,0.0,0.0,0.0,0.24773497765900188,0.24773497765900188,0.32931875110724584,-27.74145360706361,27.74145360706361,0.6131455589846151
lonestar,Web,2026-04-12,1,547,1,846.72,1.5479341864716636,0.09487228902703018,16.31597806215722,0.08992273433766686,0.2477349776590019,0.06764572775548859,4.068507593824527,45.244482652706765,0.004949554689363325,0.004949554689363325,0.055042306329090955,0.02722656127154159,0.02722656127154159,0.4024875210146956,-2.520573407352863,2.520573407352863,0.6195326785622253
lonestar,Web,2026-04-12,7,547,1,1949.8899999999999,3.5646983546617914,0.2184789867381376,16.31597806215722,0.23170671579369262,0.2477349776590019,0.17430485773310148,10.483450483243383,45.244482652706765,-0.013227729055555026,0.013227729055555026,0.05708824196245029,0.04417412900503612,0.04417412900503612,0.2534302805988132,-6.918752128581591,6.918752128581591,0.6599689805985576
lonestar,Web,2026-04-12,30,547,1,4775.44,8.730237659963436,0.5350728976653922,16.31597806215722,0.44440615062987676,0.2477349776590019,0.3343112028320612,20.10692637292965,45.244482652706765,0.09066674703551547,0.09066674703551547,0.20401775922095008,0.200761694833331,0.200761694833331,0.6005233839985379,-11.376688712966214,11.376688712966214,0.5658094380990459
lonestar,Web,2026-04-12,60,547,1,6864.42,12.549213893967094,0.7691364775166838,16.31597806215722,0.6199423919722812,0.2477349776590019,0.4663609773471599,28.048972799267414,45.244482652706765,0.1491940855444026,0.1491940855444026,0.24065798286475845,0.30277550016952387,0.30277550016952387,0.6492299203330155,-15.49975890530032,15.49975890530032,0.5525963113239264
lonestar,Web,2026-04-12,90,547,1,7548.01,13.79892138939671,0.8457305677188611,16.31597806215722,0.809199484783483,0.2477349776590019,0.608732468498971,36.61181205186555,45.244482652706765,0.0365310829353781,0.0365310829353781,0.04514471848082392,0.23699809921989012,0.23699809921989012,0.38933047189726294,-22.81289066246884,22.81289066246884,0.6231019276006147
lonestar,Web,2026-04-12,120,547,1,8924.84,16.31597806215722,1.0,16.31597806215722,1.0,0.2477349776590019,0.7522650223409981,45.244482652706765,45.244482652706765,0.0,0.0,0.0,0.24773497765900188,0.24773497765900188,0.32931875110724584,-28.928504590549544,28.928504590549544,0.6393819288995426
lonestar,Web,2026-04-13,1,474,1,1141.57,2.40837552742616,0.16391293547696958,14.693016877637131,0.08992273433766686,0.2477349776590019,0.06764572775548859,4.068507593824527,45.244482652706765,0.07399020113930273,0.07399020113930273,0.8228197427967856,0.096267207721481,0.096267207721481,1.4231084639882543,-1.6601320663983667,1.6601320663983667,0.40804448022125717
lonestar,Web,2026-04-13,7,474,1,1887.77,3.9826371308016877,0.27105645926693844,14.693016877637131,0.23170671579369262,0.2477349776590019,0.17430485773310148,10.483450483243383,45.244482652706765,0.039349743473245824,0.039349743473245824,0.16982564937082836,0.09675160153383697,0.09675160153383697,0.5550711712348525,-6.5008133524416944,6.5008133524416944,0.6201024522252968
lonestar,Web,2026-04-13,30,474,1,3719.81,7.847700421940928,0.5341108968495898,14.693016877637131,0.44440615062987676,0.2477349776590019,0.3343112028320612,20.10692637292965,45.244482652706765,0.08970474621971303,0.08970474621971303,0.20185307087350268,0.19979969401752856,0.19979969401752856,0.5976458231879728,-12.259225950988721,12.259225950988721,0.6097016383117391
lonestar,Web,2026-04-13,60,474,1,4980.21,10.506772151898733,0.7150861010641123,14.693016877637131,0.6199423919722812,0.2477349776590019,0.4663609773471599,28.048972799267414,45.244482652706765,0.09514370909183112,0.09514370909183112,0.1534718553269788,0.24872512371695238,0.24872512371695238,0.5333317661606172,-17.54220064736868,17.54220064736868,0.6254133002627051
lonestar,Web,2026-04-13,90,474,1,6093.53,12.85554852320675,0.8749427452692156,14.693016877637131,0.809199484783483,0.2477349776590019,0.608732468498971,36.61181205186555,45.244482652706765,0.06574326048573254,0.06574326048573254,0.08124481258576606,0.26621027677024456,0.26621027677024456,0.4373190039076987,-23.7562635286588,23.7562635286588,0.6488688266782552
lonestar,Web,2026-04-13,120,474,1,6964.49,14.693016877637131,1.0,14.693016877637131,1.0,0.2477349776590019,0.7522650223409981,45.244482652706765,45.244482652706765,0.0,0.0,0.0,0.24773497765900188,0.24773497765900188,0.32931875110724584,-30.551465775069634,30.551465775069634,0.6752528481667119
lonestar,Web,2026-04-14,1,465,1,660.46,1.4203440860215055,0.08454753766785719,16.79935483870968,0.08992273433766686,0.2477349776590019,0.06764572775548859,4.068507593824527,45.244482652706765,-0.005375196669809665,0.005375196669809665,0.05977572534244103,0.0169018099123686,0.0169018099123686,0.24985775854850248,-2.6481635078030212,2.6481635078030212,0.6508930969730999
lonestar,Web,2026-04-14,7,465,1,2075.0,4.462365591397849,0.265627200225303,16.79935483870968,0.23170671579369262,0.2477349776590019,0.17430485773310148,10.483450483243383,45.244482652706765,0.03392048443161039,0.03392048443161039,0.14639404954413388,0.09132234249220153,0.09132234249220153,0.5239231062167862,-6.0210848918455335,6.0210848918455335,0.5743419021694776
lonestar,Web,2026-04-14,30,465,1,3635.53,7.818344086021506,0.4653954964988415,16.79935483870968,0.44440615062987676,0.2477349776590019,0.3343112028320612,20.10692637292965,45.244482652706765,0.020989345868964726,0.020989345868964726,0.04723009760151966,0.13108429366678026,0.13108429366678026,0.39210260546557124,-12.288582286908143,12.288582286908143,0.6111616494230816
lonestar,Web,2026-04-14,60,465,1,4425.21,9.51658064516129,0.5664848880525366,16.79935483870968,0.6199423919722812,0.2477349776590019,0.4663609773471599,28.048972799267414,45.244482652706765,-0.053457503919744576,0.053457503919744576,0.08622979265811324,0.10012391070537668,0.10012391070537668,0.21469187082272595,-18.532392154106123,18.532392154106123,0.6607155380246279
lonestar,Web,2026-04-14,90,465,1,6302.52,13.553806451612903,0.8068051768501094,16.79935483870968,0.809199484783483,0.2477349776590019,0.608732468498971,36.61181205186555,45.244482652706765,-0.002394307933373585,0.002394307933373585,0.002958859933053749,0.19807270835113844,0.19807270835113844,0.3253854831163376,-23.058005600252645,23.058005600252645,0.629796896356506
lonestar,Web,2026-04-14,120,465,1,7811.700000000001,16.79935483870968,1.0,16.79935483870968,1.0,0.2477349776590019,0.7522650223409981,45.244482652706765,45.244482652706765,0.0,0.0,0.0,0.24773497765900188,0.24773497765900188,0.32931875110724584,-28.445127813997086,28.445127813997086,0.6286982665342808
lonestar,Web,overall,1,2455,5,4652.05,1.894928716904277,0.1263858966591774,14.993197556008148,0.08992273433766686,0.2477349776590019,0.06764572775548859,4.068507593824527,45.244482652706765,0.03646316232151055,0.03646316232151055,0.40549436791577687,0.058740168903688814,0.058740168903688814,0.8683500178460686,-2.1735788769202498,2.1735788769202498,0.5342447634163112
lonestar,Web,overall,7,2455,5,11045.29,4.499099796334012,0.30007606979947454,14.993197556008148,0.23170671579369262,0.2477349776590019,0.17430485773310148,10.483450483243383,45.244482652706765,0.06836935400578192,0.06836935400578192,0.29506850404222523,0.12577121206637307,0.12577121206637307,0.7215588463917401,-5.98435068690937,5.98435068690937,0.5708378836218745
lonestar,Web,overall,30,2455,5,20191.46,8.224627291242362,0.548557254749608,14.993197556008148,0.44440615062987676,0.2477349776590019,0.3343112028320612,20.10692637292965,45.244482652706765,0.10415110411973127,0.10415110411973127,0.23436017699600523,0.2142460519175468,0.2142460519175468,0.6408581289008485,-11.882299081687288,11.882299081687288,0.5909555175814768
lonestar,Web,overall,60,2455,5,26797.61,10.915523421588595,0.7280317211063808,14.993197556008148,0.6199423919722812,0.2477349776590019,0.4663609773471599,28.048972799267414,45.244482652706765,0.10808932913409963,0.10808932913409963,0.1743538279262124,0.2616707437592209,0.2616707437592209,0.5610905638968862,-17.13344937767882,17.13344937767882,0.610840528824154
lonestar,Web,overall,90,2455,5,31708.25,12.915784114052952,0.8614429354248905,14.993197556008148,0.809199484783483,0.2477349776590019,0.608732468498971,36.61181205186555,45.244482652706765,0.05224345064140745,0.05224345064140745,0.06456189311018432,0.2527104669259195,0.2527104669259195,0.4151420862255956,-23.696027937812595,23.696027937812595,0.6472235764852061
lonestar,Web,overall,120,2455,5,36808.3,14.993197556008148,1.0,14.993197556008148,1.0,0.2477349776590019,0.7522650223409981,45.244482652706765,45.244482652706765,0.0,0.0,0.0,0.24773497765900188,0.24773497765900188,0.32931875110724584,-30.251285096698616,30.251285096698616,0.6686182120570413
realprize,Affiliate,2026-04-10,1,431,1,1411.1,3.274013921113689,0.024084026987218104,135.94129930394433,0.23538442624143222,0.4824250367129681,0.12182908577024834,6.1920181852315395,26.305980748617703,-0.21130039925421412,0.21130039925421412,0.897682156072147,-0.09774505878303023,0.09774505878303023,0.8023129958256682,-2.9180042641178505,2.9180042641178505,0.47125253460616845
realprize,Affiliate,2026-04-10,7,431,1,3704.41,8.59491879350348,0.06322522175020949,135.94129930394433,0.3879143675489948,0.4824250367129681,0.20077476454268317,10.204467884856069,26.305980748617703,-0.3246891457987853,0.3246891457987853,0.8370124258359057,-0.13754954279247367,0.13754954279247367,0.6850937821084168,-1.609549091352589,1.609549091352589,0.15772984044971505
realprize,Affiliate,2026-04-10,30,431,1,19216.100000000002,44.58491879350348,0.32797184536112384,135.94129930394433,0.5871579191121228,0.4824250367129681,0.303898238428147,15.445764916561933,26.305980748617703,-0.25918607375099895,0.25918607375099895,0.4414248114764934,0.024073606932976832,0.024073606932976832,0.07921601341782289,29.13915387694155,29.13915387694155,1.886546508661199
realprize,Affiliate,2026-04-10,60,431,1,30685.120000000003,71.19517401392112,0.5237199760371526,135.94129930394433,0.7503828815692573,0.4824250367129681,0.38837939237942554,19.73955763665316,26.305980748617703,-0.22666290553210466,0.22666290553210466,0.3020630015680663,0.13534058365772705,0.13534058365772705,0.348475192848303,51.45561637726796,51.45561637726796,2.606725911715631
realprize,Affiliate,2026-04-10,90,431,1,44322.130000000005,102.83556844547564,0.756470395472319,135.94129930394433,0.8995369928961547,0.4824250367129681,0.46557782607355436,23.663202817795707,26.305980748617703,-0.14306659742383576,0.14306659742383576,0.1590447069477573,0.2908925693987646,0.2908925693987646,0.6247990198588366,79.17236562767994,79.17236562767994,3.3458009144957774
realprize,Affiliate,2026-04-10,120,431,1,58590.700000000004,135.94129930394433,1.0,135.94129930394433,1.0,0.4824250367129681,0.5175749632870319,26.305980748617703,26.305980748617703,0.0,0.0,0.0,0.4824250367129681,0.4824250367129681,0.9320872741779616,109.63531855532663,109.63531855532663,4.167695536730279
realprize,Affiliate,2026-04-11,1,417,1,2646.7599999999998,6.347146282973621,0.21424368037157288,29.625827338129493,0.23538442624143222,0.4824250367129681,0.12182908577024834,6.1920181852315395,26.305980748617703,-0.02114074586985934,0.02114074586985934,0.08981369841425031,0.09241459460132453,0.09241459460132453,0.7585593704249313,0.15512809774208147,0.15512809774208147,0.025052913783760268
realprize,Affiliate,2026-04-11,7,417,1,5331.13,12.784484412470023,0.43153172623860997,29.625827338129493,0.3879143675489948,0.4824250367129681,0.20077476454268317,10.204467884856069,26.305980748617703,0.04361735868961519,0.04361735868961519,0.11244068881801907,0.2307569616959268,0.2307569616959268,1.1493324981430604,2.580016527613955,2.580016527613955,0.2528320493264353
realprize,Affiliate,2026-04-11,30,417,1,9322.37,22.35580335731415,0.75460519978598,29.625827338129493,0.5871579191121228,0.4824250367129681,0.303898238428147,15.445764916561933,26.305980748617703,0.16744728067385717,0.16744728067385717,0.2851826999575589,0.45070696135783295,0.45070696135783295,1.483085139581673,6.910038440752219,6.910038440752219,0.4473743112160691
realprize,Affiliate,2026-04-11,60,417,1,10597.74,25.414244604316547,0.8578408398271974,29.625827338129493,0.7503828815692573,0.4824250367129681,0.38837939237942554,19.73955763665316,26.305980748617703,0.10745795825794013,0.10745795825794013,0.14320417069378763,0.46946144744777185,0.46946144744777185,1.2087702299846372,5.674686967663387,5.674686967663387,0.2874779198256405
realprize,Affiliate,2026-04-11,90,417,1,11670.31,27.986354916067146,0.9446607042108732,29.625827338129493,0.8995369928961547,0.4824250367129681,0.46557782607355436,23.663202817795707,26.305980748617703,0.045123711314718484,0.045123711314718484,0.05016326362458748,0.47908287813731887,0.47908287813731887,1.0290070774582614,4.323152098271439,4.323152098271439,0.18269513774442445
realprize,Affiliate,2026-04-11,120,417,1,12353.97,29.625827338129493,1.0,29.625827338129493,1.0,0.4824250367129681,0.5175749632870319,26.305980748617703,26.305980748617703,0.0,0.0,0.0,0.4824250367129681,0.4824250367129681,0.9320872741779616,3.3198465895117906,3.3198465895117906,0.12620120957422346
realprize,Affiliate,2026-04-12,1,346,1,4162.93,12.031589595375724,0.5743263657898259,20.949046242774568,0.23538442624143222,0.4824250367129681,0.12182908577024834,6.1920181852315395,26.305980748617703,0.3389419395483937,0.3389419395483937,1.4399505734535862,0.45249728001957756,0.45249728001957756,3.714197452592894,5.839571410144185,5.839571410144185,0.9430804683474656
realprize,Affiliate,2026-04-12,7,346,1,4721.61,13.646271676300577,0.6514030050894201,20.949046242774568,0.3879143675489948,0.4824250367129681,0.20077476454268317,10.204467884856069,26.305980748617703,0.2634886375404253,0.2634886375404253,0.6792443373656323,0.4506282405467369,0.4506282405467369,2.244446614459542,3.4418037914445083,3.4418037914445083,0.3372840044459657
realprize,Affiliate,2026-04-12,30,346,1,5138.360000000001,14.850751445086708,0.708898690326239,20.949046242774568,0.5871579191121228,0.4824250367129681,0.303898238428147,15.445764916561933,26.305980748617703,0.1217407712141162,0.1217407712141162,0.20733906033015415,0.405000451898092,0.405000451898092,1.3326844340818689,-0.5950134714752249,0.5950134714752249,0.03852275848360307
realprize,Affiliate,2026-04-12,60,346,1,5934.02,17.15034682080925,0.8186695767462202,20.949046242774568,0.7503828815692573,0.4824250367129681,0.38837939237942554,19.73955763665316,26.305980748617703,0.06828669517696295,0.06828669517696295,0.09100246934492517,0.43029018436679467,0.43029018436679467,1.1079119871180616,-2.5892108158439093,2.5892108158439093,0.1311686342472115
realprize,Affiliate,2026-04-12,90,346,1,6494.75,18.770953757225435,0.8960290382527382,20.949046242774568,0.8995369928961547,0.4824250367129681,0.46557782607355436,23.663202817795707,26.305980748617703,-0.0035079546434165776,0.0035079546434165776,0.0038997336086449828,0.4304512121791838,0.4304512121791838,0.9245526485000145,-4.892249060570272,4.892249060570272,0.20674500819859848
realprize,Affiliate,2026-04-12,120,346,1,7248.37,20.949046242774568,1.0,20.949046242774568,1.0,0.4824250367129681,0.5175749632870319,26.305980748617703,26.305980748617703,0.0,0.0,0.0,0.4824250367129681,0.4824250367129681,0.9320872741779616,-5.356934505843135,5.356934505843135,0.20363941405699634
realprize,Affiliate,2026-04-13,1,362,1,3792.94,10.477734806629835,0.11316753266708736,92.58604972375691,0.23538442624143222,0.4824250367129681,0.12182908577024834,6.1920181852315395,26.305980748617703,-0.12221689357434486,0.12221689357434486,0.5192225141054482,-0.008661553103160982,0.008661553103160982,0.07109593779186188,4.285716621398295,4.285716621398295,0.692135664526967
realprize,Affiliate,2026-04-13,7,362,1,8233.130000000001,22.743453038674037,0.24564665094290367,92.58604972375691,0.3879143675489948,0.4824250367129681,0.20077476454268317,10.204467884856069,26.305980748617703,-0.1422677166060911,0.1422677166060911,0.3667503152950948,0.044871886400220495,0.044871886400220495,0.22349365719555397,12.538985153817968,12.538985153817968,1.2287740326398047
realprize,Affiliate,2026-04-13,30,362,1,11785.8,32.55745856353591,0.3516454007993161,92.58604972375691,0.5871579191121228,0.4824250367129681,0.303898238428147,15.445764916561933,26.305980748617703,-0.23551251831280667,0.23551251831280667,0.4011059216725536,0.047747162371169105,0.047747162371169105,0.15711562731699852,17.111693646973976,17.111693646973976,1.1078566674691344
realprize,Affiliate,2026-04-13,60,362,1,13030.22,35.99508287292817,0.38877436698427464,92.58604972375691,0.7503828815692573,0.4824250367129681,0.38837939237942554,19.73955763665316,26.305980748617703,-0.3616085145849826,0.3616085145849826,0.48189867261998254,0.0003949746048491076,0.0003949746048491076,0.0010169813656416633,16.255525236275012,16.255525236275012,0.8234999758095458
realprize,Affiliate,2026-04-13,90,362,1,16134.26,44.569779005524865,0.48138762954575626,92.58604972375691,0.8995369928961547,0.4824250367129681,0.46557782607355436,23.663202817795707,26.305980748617703,-0.4181493633503985,0.4181493633503985,0.4648495466585785,0.0158098034722019,0.0158098034722019,0.03395738067152748,20.906576187729158,20.906576187729158,0.8835057683741167
realprize,Affiliate,2026-04-13,120,362,1,33516.15,92.58604972375691,1.0,92.58604972375691,1.0,0.4824250367129681,0.5175749632870319,26.305980748617703,26.305980748617703,0.0,0.0,0.0,0.4824250367129681,0.4824250367129681,0.9320872741779616,66.28006897513922,66.28006897513922,2.5195817486721923
realprize,Affiliate,2026-04-14,1,266,1,1282.1499999999999,4.820112781954887,0.05843940378726899,82.48052631578948,0.23538442624143222,0.4824250367129681,0.12182908577024834,6.1920181852315395,26.305980748617703,-0.17694502245416321,0.17694502245416321,0.7517278236270054,-0.06338968198297935,0.06338968198297935,0.5203164874972708,-1.371905403276653,1.371905403276653,0.22156029944304062
realprize,Affiliate,2026-04-14,7,266,1,4070.67,15.30327067669173,0.18553798527061754,82.48052631578948,0.3879143675489948,0.4824250367129681,0.20077476454268317,10.204467884856069,26.305980748617703,-0.20237638227837723,0.20237638227837723,0.5217037552825792,-0.015236779272065626,0.015236779272065626,0.0758899122943631,5.098802791835661,5.098802791835661,0.49966375996954576
realprize,Affiliate,2026-04-14,30,266,1,10884.75,40.920112781954884,0.49611847316887736,82.48052631578948,0.5871579191121228,0.4824250367129681,0.303898238428147,15.445764916561933,26.305980748617703,-0.09103944594324542,0.09103944594324542,0.1550510398989623,0.19222023474073036,0.19222023474073036,0.6325151331411171,25.47434786539295,25.47434786539295,1.64927719688895
realprize,Affiliate,2026-04-14,60,266,1,15555.19,58.478157894736846,0.7089935104298941,82.48052631578948,0.7503828815692573,0.4824250367129681,0.38837939237942554,19.73955763665316,26.305980748617703,-0.04138937113936314,0.04138937113936314,0.05515766971230283,0.3206141180504686,0.3206141180504686,0.82551784245351,38.738600258083686,38.738600258083686,1.9624857340345045
realprize,Affiliate,2026-04-14,90,266,1,20090.24,75.52721804511279,0.9156975763702712,82.48052631578948,0.8995369928961547,0.4824250367129681,0.46557782607355436,23.663202817795707,26.305980748617703,0.01616058347411642,0.01616058347411642,0.01796544622593642,0.4501197502967168,0.4501197502967168,0.9667980842060219,51.86401522731708,51.86401522731708,2.1917580484207826
realprize,Affiliate,2026-04-14,120,266,1,21939.82,82.48052631578948,1.0,82.48052631578948,1.0,0.4824250367129681,0.5175749632870319,26.305980748617703,26.305980748617703,0.0,0.0,0.0,0.4824250367129681,0.4824250367129681,0.9320872741779616,56.174545567171776,56.174545567171776,2.1354286731971994
realprize,Affiliate,overall,1,1822,5,13295.880000000001,7.297409440175632,0.09948356519812605,73.35291437980241,0.23538442624143222,0.4824250367129681,0.12182908577024834,6.1920181852315395,26.305980748617703,-0.13590086104330618,0.13590086104330618,0.577357063138551,-0.022345520572122288,0.022345520572122288,0.1834169601687945,1.1053912549440925,1.1053912549440925,0.17851873522925682
realprize,Affiliate,overall,7,1822,5,26060.950000000004,14.303485181119651,0.19499545862704112,73.35291437980241,0.3879143675489948,0.4824250367129681,0.20077476454268317,10.204467884856069,26.305980748617703,-0.19291890892195365,0.19291890892195365,0.4973234431632322,-0.005779305915642047,0.005779305915642047,0.028785021508086046,4.0990172962635825,4.0990172962635825,0.4016884900335397
realprize,Affiliate,overall,30,1822,5,56347.380000000005,30.92611416026345,0.42160716342006577,73.35291437980241,0.5871579191121228,0.4824250367129681,0.303898238428147,15.445764916561933,26.305980748617703,-0.16555075569205702,0.16555075569205702,0.28195269160704906,0.11770892499191876,0.11770892499191876,0.3873300668037587,15.480349243701516,15.480349243701516,1.0022390815428313
realprize,Affiliate,overall,60,1822,5,75802.29000000001,41.603891328210764,0.5671743471949401,73.35291437980241,0.7503828815692573,0.4824250367129681,0.38837939237942554,19.73955763665316,26.305980748617703,-0.18320853437431717,0.18320853437431717,0.24415340338145464,0.17879495481551455,0.17879495481551455,0.46036159055741455,21.864333691557604,21.864333691557604,1.1076405101884896
realprize,Affiliate,overall,90,1822,5,98711.69,54.17765642151482,0.7385890101243549,73.35291437980241,0.8995369928961547,0.4824250367129681,0.46557782607355436,23.663202817795707,26.305980748617703,-0.1609479827717999,0.1609479827717999,0.1789231393959806,0.2730111840508005,0.2730111840508005,0.586392153495018,30.51445360371911,30.51445360371911,1.2895318456540878
realprize,Affiliate,overall,120,1822,5,133649.01,73.35291437980241,1.0,73.35291437980241,1.0,0.4824250367129681,0.5175749632870319,26.305980748617703,26.305980748617703,0.0,0.0,0.0,0.4824250367129681,0.4824250367129681,0.9320872741779616,47.046933631184714,47.046933631184714,1.7884500897635942
realprize,App,2026-04-10,1,592,1,1172.3,1.9802364864864863,0.05043714631505082,39.26146959459459,0.12870494834665913,0.23294531960958564,0.09872373301871142,3.802281589338598,29.542621617759238,-0.07826780203160831,0.07826780203160831,0.6081180485834828,-0.048286586703660594,0.048286586703660594,0.4891081934118991,-1.8220451028521119,1.8220451028521119,0.47919783425852325
realprize,App,2026-04-10,7,592,1,3475.61,5.870962837837838,0.1495349740715293,39.26146959459459,0.27130813681815824,0.23294531960958564,0.2081081761743712,8.015153627838103,29.542621617759238,-0.12177316274662894,0.12177316274662894,0.44883711994324105,-0.05857320210284189,0.05857320210284189,0.28145555441206765,-2.1441907900002652,2.1441907900002652,0.267517116896312
realprize,App,2026-04-10,30,592,1,6120.01,10.337854729729731,0.26330789031781476,39.26146959459459,0.5143744068753842,0.23294531960958564,0.39455329626680674,15.195968472178809,29.542621617759238,-0.2510665165575694,0.2510665165575694,0.4881007165241689,-0.13124540594899198,0.13124540594899198,0.3326430350241975,-4.858113742449078,4.858113742449078,0.3196975402616453
realprize,App,2026-04-10,60,592,1,14557.960000000001,24.59114864864865,0.626343050898795,39.26146959459459,0.6910734749897468,0.23294531960958564,0.5300911434845532,20.416122181692092,29.542621617759238,-0.06473042409095175,0.06473042409095175,0.09366648617487762,0.09625190741424183,0.09625190741424183,0.18157614704054492,4.1750264669565595,4.1750264669565595,0.2044965459062771
realprize,App,2026-04-10,90,592,1,21575.4,36.44493243243244,0.9282620545984371,39.26146959459459,0.8413034428141569,0.23294531960958564,0.6453257434391684,24.854309276776785,29.542621617759238,0.08695861178428022,0.08695861178428022,0.10336176860682274,0.28293631115926876,0.28293631115926876,0.4384395230405677,11.590623155655653,11.590623155655653,0.46634259784019133
realprize,App,2026-04-10,120,592,1,23242.789999999997,39.26146959459459,1.0,39.26146959459459,1.0,0.23294531960958564,0.7670546803904144,29.542621617759238,29.542621617759238,0.0,0.0,0.0,0.23294531960958564,0.23294531960958564,0.30368802324629773,9.718847976835349,9.718847976835349,0.32897716738154903
realprize,App,2026-04-11,1,624,1,1925.26,3.085352564102564,0.027557684041503567,111.95979166666667,0.12870494834665913,0.23294531960958564,0.09872373301871142,3.802281589338598,29.542621617759238,-0.10114726430515557,0.10114726430515557,0.7858848133229611,-0.07116604897720785,0.07116604897720785,0.7208605955339992,-0.7169290252360341,0.7169290252360341,0.1885523227017868
realprize,App,2026-04-11,7,624,1,12743.749999999998,20.422676282051277,0.18241080997055514,111.95979166666667,0.27130813681815824,0.23294531960958564,0.2081081761743712,8.015153627838103,29.542621617759238,-0.0888973268476031,0.0888973268476031,0.3276618530139614,-0.025697366203816047,0.025697366203816047,0.12348081020269262,12.407522654213174,12.407522654213174,1.5480080894668775
realprize,App,2026-04-11,30,624,1,55500.17,88.94258012820512,0.7944153772008637,111.95979166666667,0.5143744068753842,0.23294531960958564,0.39455329626680674,15.195968472178809,29.542621617759238,0.2800409703254796,0.2800409703254796,0.5444302177213965,0.399862080934057,0.399862080934057,1.0134551775830567,73.74661165602632,73.74661165602632,4.853037948258685
realprize,App,2026-04-11,60,624,1,64196.47,102.87895833333333,0.9188920129436348,111.95979166666667,0.6910734749897468,0.23294531960958564,0.5300911434845532,20.416122181692092,29.542621617759238,0.22781853795388796,0.22781853795388796,0.32965892368719263,0.38880086945908154,0.38880086945908154,0.7334604138135561,82.46283615164124,82.46283615164124,4.039103773859111
realprize,App,2026-04-11,90,624,1,68059.65000000001,109.06995192307694,0.9741885930603236,111.95979166666667,0.8413034428141569,0.23294531960958564,0.6453257434391684,24.854309276776785,29.542621617759238,0.13288515024616665,0.13288515024616665,0.15795151129022642,0.3288628496211552,0.3288628496211552,0.5096075167690183,84.21564264630015,84.21564264630015,3.3883718798409355
realprize,App,2026-04-11,120,624,1,69862.91,111.95979166666667,1.0,111.95979166666667,1.0,0.23294531960958564,0.7670546803904144,29.542621617759238,29.542621617759238,0.0,0.0,0.0,0.23294531960958564,0.23294531960958564,0.30368802324629773,82.41717004890744,82.41717004890744,2.789771710692162
realprize,App,2026-04-12,1,679,1,934.47,1.3762444771723124,0.09392772208161371,14.652164948453608,0.12870494834665913,0.23294531960958564,0.09872373301871142,3.802281589338598,29.542621617759238,-0.034777226265045424,0.034777226265045424,0.2702089291188326,-0.004796010937097708,0.004796010937097708,0.048580121420132134,-2.426037112166286,2.426037112166286,0.6380477234954847
realprize,App,2026-04-12,7,679,1,1672.07,2.4625478645066274,0.16806716776461933,14.652164948453608,0.27130813681815824,0.23294531960958564,0.2081081761743712,8.015153627838103,29.542621617759238,-0.10324096905353891,0.10324096905353891,0.38053030869006044,-0.04004100840975186,0.04004100840975186,0.19240478267515068,-5.552605763331476,5.552605763331476,0.692763485411715
realprize,App,2026-04-12,30,679,1,5202.18,7.661531664212077,0.5228941723742113,14.652164948453608,0.5143744068753842,0.23294531960958564,0.39455329626680674,15.195968472178809,29.542621617759238,0.008519765498827159,0.008519765498827159,0.016563354212316427,0.12834087610740458,0.12834087610740458,0.3252814697576808,-7.534436807966731,7.534436807966731,0.4958181389860727
realprize,App,2026-04-12,60,679,1,6746.28,9.93561119293078,0.6780985081647873,14.652164948453608,0.6910734749897468,0.23294531960958564,0.5300911434845532,20.416122181692092,29.542621617759238,-0.012974966824959466,0.012974966824959466,0.018775090195947645,0.14800736468023412,0.14800736468023412,0.2792111630224719,-10.480510988761312,10.480510988761312,0.5133448406847595
realprize,App,2026-04-12,90,679,1,8588.76,12.649131075110457,0.863294340434343,14.652164948453608,0.8413034428141569,0.23294531960958564,0.6453257434391684,24.854309276776785,29.542621617759238,0.021990897620186134,0.021990897620186134,0.026139079553302032,0.21796859699517468,0.21796859699517468,0.3377652281986198,-12.205178201666328,12.205178201666328,0.4910688953673932
realprize,App,2026-04-12,120,679,1,9948.82,14.652164948453608,1.0,14.652164948453608,1.0,0.23294531960958564,0.7670546803904144,29.542621617759238,29.542621617759238,0.0,0.0,0.0,0.23294531960958564,0.23294531960958564,0.30368802324629773,-14.89045666930563,14.89045666930563,0.5040330158226171
realprize,App,2026-04-13,1,726,1,1535.49,2.115,0.020058279773480396,105.44274104683194,0.12870494834665913,0.23294531960958564,0.09872373301871142,3.802281589338598,29.542621617759238,-0.10864666857317873,0.10864666857317873,0.8441530024202751,-0.07866545324523103,0.07866545324523103,0.7968241357964181,-1.687281589338598,1.687281589338598,0.4437550322600116
realprize,App,2026-04-13,7,726,1,16831.91,23.184449035812673,0.21987714664507252,105.44274104683194,0.27130813681815824,0.23294531960958564,0.2081081761743712,8.015153627838103,29.542621617759238,-0.05143099017308572,0.05143099017308572,0.18956670734706665,0.011768970470701329,0.011768970470701329,0.05655217727169094,15.16929540797457,15.16929540797457,1.892577000057593
realprize,App,2026-04-13,30,726,1,39703.450000000004,54.68794765840221,0.5186506640045785,105.44274104683194,0.5143744068753842,0.23294531960958564,0.39455329626680674,15.195968472178809,29.542621617759238,0.004276257129194327,0.004276257129194327,0.0083135106880042,0.12409736773777175,0.12409736773777175,0.3145262475613789,39.4919791862234,39.4919791862234,2.5988458227276787
realprize,App,2026-04-13,60,726,1,60536.439999999995,83.38352617079889,0.7907943718360323,105.44274104683194,0.6910734749897468,0.23294531960958564,0.5300911434845532,20.416122181692092,29.542621617759238,0.09972089684628549,0.09972089684628549,0.14429854488014462,0.2607032283514791,0.2607032283514791,0.49180830797841074,62.9674039891068,62.9674039891068,3.0841999978611043
realprize,App,2026-04-13,90,726,1,67584.48,93.09157024793387,0.8828637165889651,105.44274104683194,0.8413034428141569,0.23294531960958564,0.6453257434391684,24.854309276776785,29.542621617759238,0.0415602737748082,0.0415602737748082,0.04939986176187421,0.23753797314979674,0.23753797314979674,0.3680900313752759,68.23726097115708,68.23726097115708,2.7454901365903654
realprize,App,2026-04-13,120,726,1,76551.43,105.44274104683194,1.0,105.44274104683194,1.0,0.23294531960958564,0.7670546803904144,29.542621617759238,29.542621617759238,0.0,0.0,0.0,0.23294531960958564,0.23294531960958564,0.30368802324629773,75.9001194290727,75.9001194290727,2.569173461012212
realprize,App,2026-04-14,1,334,1,500.58,1.4987425149700597,0.08886529783313392,16.865329341317363,0.12870494834665913,0.23294531960958564,0.09872373301871142,3.802281589338598,29.542621617759238,-0.03983965051352521,0.03983965051352521,0.3095424925405314,-0.009858435185577497,0.009858435185577497,0.09985881696459956,-2.3035390743685387,2.3035390743685387,0.6058307414231349
realprize,App,2026-04-14,7,334,1,1250.19,3.7430838323353295,0.2219395635023487,16.865329341317363,0.27130813681815824,0.23294531960958564,0.2081081761743712,8.015153627838103,29.542621617759238,-0.049368573315809544,0.049368573315809544,0.1819649565058875,0.013831387327977507,0.013831387327977507,0.06646248879903864,-4.272069795502773,4.272069795502773,0.5329991156582562
realprize,App,2026-04-14,30,334,1,2717.38,8.135868263473053,0.48240197975508703,16.865329341317363,0.5143744068753842,0.23294531960958564,0.39455329626680674,15.195968472178809,29.542621617759238,-0.03197242712029713,0.03197242712029713,0.062157888675909545,0.08784868348828029,0.08784868348828029,0.2226535282292378,-7.060100208705755,7.060100208705755,0.4646035046487217
realprize,App,2026-04-14,60,334,1,3979.64,11.915089820359281,0.7064842659887592,16.865329341317363,0.6910734749897468,0.23294531960958564,0.5300911434845532,20.416122181692092,29.542621617759238,0.015410790999012436,0.015410790999012436,0.022299786573694035,0.17639312250420602,0.17639312250420602,0.3327599879233713,-8.501032361332811,8.501032361332811,0.4163881997608737
realprize,App,2026-04-14,90,334,1,5092.2699999999995,15.24631736526946,0.9040035362913678,16.865329341317363,0.8413034428141569,0.23294531960958564,0.6453257434391684,24.854309276776785,29.542621617759238,0.06270009347721084,0.06270009347721084,0.07452732306369657,0.2586777928521994,0.2586777928521994,0.40084840172904657,-9.607991911507325,9.607991911507325,0.3865724774127914
realprize,App,2026-04-14,120,334,1,5633.0199999999995,16.865329341317363,1.0,16.865329341317363,1.0,0.23294531960958564,0.7670546803904144,29.542621617759238,29.542621617759238,0.0,0.0,0.0,0.23294531960958564,0.23294531960958564,0.30368802324629773,-12.677292276441875,12.677292276441875,0.42911873023554054
realprize,App,overall,1,2955,5,6068.099999999999,2.053502538071066,0.032758225766424856,62.68662267343485,0.12870494834665913,0.23294531960958564,0.09872373301871142,3.802281589338598,29.542621617759238,-0.09594672258023428,0.09594672258023428,0.7454781172966829,-0.06596550725228656,0.06596550725228656,0.6681828698655865,-1.7487790512675323,1.7487790512675323,0.45992886380930303
realprize,App,overall,7,2955,5,35973.53,12.173783417935702,0.19420065874907427,62.68662267343485,0.27130813681815824,0.23294531960958564,0.2081081761743712,8.015153627838103,29.542621617759238,-0.07710747806908397,0.07710747806908397,0.2842062865249211,-0.013907517425296917,0.013907517425296917,0.06682830862754756,4.158629790097599,4.158629790097599,0.5188459240074842
realprize,App,overall,30,2955,5,109243.19,36.96893062605753,0.5897419425296956,62.68662267343485,0.5143744068753842,0.23294531960958564,0.39455329626680674,15.195968472178809,29.542621617759238,0.07536753565431142,0.07536753565431142,0.14652271700712838,0.19518864626288884,0.19518864626288884,0.4947079345419977,21.77296215387872,21.77296215387872,1.4328117483095104
realprize,App,overall,60,2955,5,150016.79,50.76710321489002,0.8098554532018831,62.68662267343485,0.6910734749897468,0.23294531960958564,0.5300911434845532,20.416122181692092,29.542621617759238,0.11878197821213632,0.11878197821213632,0.17188038972831166,0.2797643097173299,0.2797643097173299,0.5277664287660037,30.35098103319793,30.35098103319793,1.4866183089565754
realprize,App,overall,90,2955,5,170900.56,57.834368866328255,0.9225950673338338,62.68662267343485,0.8413034428141569,0.23294531960958564,0.6453257434391684,24.854309276776785,29.542621617759238,0.08129162451967686,0.08129162451967686,0.09662580750621522,0.2772693238946654,0.2772693238946654,0.42965793122865276,32.98005958955147,32.98005958955147,1.3269352699480237
realprize,App,overall,120,2955,5,185238.96999999997,62.68662267343485,1.0,62.68662267343485,1.0,0.23294531960958564,0.7670546803904144,29.542621617759238,29.542621617759238,0.0,0.0,0.0,0.23294531960958564,0.23294531960958564,0.30368802324629773,33.14400105567561,33.14400105567561,1.121904531172394
realprize,Blended,2026-04-10,1,1424,1,3587.96,2.519634831460674,0.03655347426410097,68.93010533707866,0.0970114026167961,0.0,0.0970114026167961,6.0092356778797145,61.94360163636376,-0.060457928352695124,0.060457928352695124,0.6232043524977107,-0.060457928352695124,0.060457928352695124,0.6232043524977107,-3.4896008464190404,3.4896008464190404,0.5807062717251096
realprize,Blended,2026-04-10,7,1424,1,10784.2,7.573174157303371,0.10986743920191913,68.93010533707866,0.2256997870143387,0.0,0.2256997870143387,13.980657696228343,61.94360163636376,-0.11583234781241958,0.11583234781241958,0.5132142539640977,-0.11583234781241958,0.11583234781241958,0.5132142539640977,-6.407483538924972,6.407483538924972,0.45831059440455096
realprize,Blended,2026-04-10,30,1424,1,36656.25,25.74174859550562,0.37344710949772336,68.93010533707866,0.4563114903150783,0.0,0.4563114903150783,28.26557717817267,61.94360163636376,-0.08286438081735492,0.08286438081735492,0.18159608639295483,-0.08286438081735492,0.08286438081735492,0.18159608639295483,-2.5238285826670506,2.5238285826670506,0.08928983005576158
realprize,Blended,2026-04-10,60,1424,1,57799.810000000005,40.58975421348315,0.5888537963926371,68.93010533707866,0.67382698453765,0.0,0.67382698453765,41.73927030203243,61.94360163636376,-0.08497318814501287,0.08497318814501287,0.12610535062397016,-0.08497318814501287,0.08497318814501287,0.12610535062397016,-1.1495160885492837,1.1495160885492837,0.02754039733400202
realprize,Blended,2026-04-10,90,1424,1,79196.83,55.61575140449438,0.8068426869874191,68.93010533707866,0.8432353290689829,0.0,0.8432353290689829,52.233033309557186,61.94360163636376,-0.036392642081563786,0.036392642081563786,0.04315834598835529,-0.036392642081563786,0.036392642081563786,0.04315834598835529,3.3827180949371964,3.3827180949371964,0.0647620457898671
realprize,Blended,2026-04-10,120,1424,1,98156.47,68.93010533707866,1.0,68.93010533707866,1.0,0.0,1.0,61.94360163636376,61.94360163636376,0.0,0.0,0.0,0.0,0.0,0.0,6.9865037007148985,6.9865037007148985,0.1127881414085147
realprize,Blended,2026-04-11,1,1479,1,6667.44,4.508073022312373,0.05917034574784357,76.1880459770115,0.0970114026167961,0.0,0.0970114026167961,6.0092356778797145,61.94360163636376,-0.037841056868952526,0.037841056868952526,0.39006813475760327,-0.037841056868952526,0.037841056868952526,0.39006813475760327,-1.5011626555673416,1.5011626555673416,0.24980924963439086
realprize,Blended,2026-04-11,7,1479,1,22931.84,15.504962812711291,0.20350912815626826,76.1880459770115,0.2256997870143387,0.0,0.2256997870143387,13.980657696228343,61.94360163636376,-0.02219065885807045,0.02219065885807045,0.0983193610929756,-0.02219065885807045,0.02219065885807045,0.0983193610929756,1.5243051164829478,1.5243051164829478,0.10902957139807305
realprize,Blended,2026-04-11,30,1479,1,76965.7,52.03901284651791,0.6830338300344366,76.1880459770115,0.4563114903150783,0.0,0.4563114903150783,28.26557717817267,61.94360163636376,0.22672233971935835,0.22672233971935835,0.4968587128121822,0.22672233971935835,0.22672233971935835,0.4968587128121822,23.773435668345243,23.773435668345243,0.8410737738871874
realprize,Blended,2026-04-11,60,1479,1,92631.15,62.630933062880324,0.8220572172408541,76.1880459770115,0.67382698453765,0.0,0.67382698453765,41.73927030203243,61.94360163636376,0.14823023270320412,0.14823023270320412,0.21998263071181853,0.14823023270320412,0.14823023270320412,0.21998263071181853,20.891662760847893,20.891662760847893,0.5005277430504242
realprize,Blended,2026-04-11,90,1479,1,102829.77,69.52655172413793,0.9125650990591941,76.1880459770115,0.8432353290689829,0.0,0.8432353290689829,52.233033309557186,61.94360163636376,0.06932976999021123,0.06932976999021123,0.0822187681186915,0.06932976999021123,0.06932976999021123,0.0822187681186915,17.293518414580745,17.293518414580745,0.33108393901023003
realprize,Blended,2026-04-11,120,1479,1,112682.12,76.1880459770115,1.0,76.1880459770115,1.0,0.0,1.0,61.94360163636376,61.94360163636376,0.0,0.0,0.0,0.0,0.0,0.0,14.244444340647739,14.244444340647739,0.22995828405763205
realprize,Blended,2026-04-12,1,1490,1,6885.72,4.621288590604027,0.04816431652643235,95.94838926174496,0.0970114026167961,0.0,0.0970114026167961,6.0092356778797145,61.94360163636376,-0.04884708609036375,0.04884708609036375,0.5035190170717787,-0.04884708609036375,0.04884708609036375,0.5035190170717787,-1.3879470872756876,1.3879470872756876,0.23096898868266852
realprize,Blended,2026-04-12,7,1490,1,9431.49,6.3298590604026845,0.06597149893923678,95.94838926174496,0.2256997870143387,0.0,0.2256997870143387,13.980657696228343,61.94360163636376,-0.15972828807510192,0.15972828807510192,0.7077024315709894,-0.15972828807510192,0.15972828807510192,0.7077024315709894,-7.650798635825659,7.650798635825659,0.5472416821913655
realprize,Blended,2026-04-12,30,1490,1,29306.39,19.66871812080537,0.2049926869241084,95.94838926174496,0.4563114903150783,0.0,0.4563114903150783,28.26557717817267,61.94360163636376,-0.2513188033909699,0.2513188033909699,0.5507615055177263,-0.2513188033909699,0.2513188033909699,0.5507615055177263,-8.5968590573673,8.5968590573673,0.3041458875287356
realprize,Blended,2026-04-12,60,1490,1,61441.57,41.235953020134225,0.429772227938538,95.94838926174496,0.67382698453765,0.0,0.67382698453765,41.73927030203243,61.94360163636376,-0.24405475659911202,0.24405475659911202,0.3621920199093414,-0.24405475659911202,0.24405475659911202,0.3621920199093414,-0.5033172818982052,0.5033172818982052,0.01205860280393299
realprize,Blended,2026-04-12,90,1490,1,95493.59000000001,64.08965771812082,0.6679597042873302,95.94838926174496,0.8432353290689829,0.0,0.8432353290689829,52.233033309557186,61.94360163636376,-0.1752756247816527,0.1752756247816527,0.20786086486102845,-0.1752756247816527,0.1752756247816527,0.20786086486102845,11.856624408563633,11.856624408563633,0.22699475135391384
realprize,Blended,2026-04-12,120,1490,1,142963.1,95.94838926174496,1.0,95.94838926174496,1.0,0.0,1.0,61.94360163636376,61.94360163636376,0.0,0.0,0.0,0.0,0.0,0.0,34.004787625381205,34.004787625381205,0.548963681915112
realprize,Blended,2026-04-13,1,1655,1,6109.01,3.6912447129909367,0.04896951758731454,75.378416918429,0.0970114026167961,0.0,0.0970114026167961,6.0092356778797145,61.94360163636376,-0.048041885029481556,0.048041885029481556,0.49521895090262114,-0.048041885029481556,0.048041885029481556,0.49521895090262114,-2.3179909648887778,2.3179909648887778,0.385738068723351
realprize,Blended,2026-04-13,7,1655,1,31975.96,19.32082175226586,0.2563176906882238,75.378416918429,0.2256997870143387,0.0,0.2256997870143387,13.980657696228343,61.94360163636376,0.03061790367388509,0.03061790367388509,0.135657654262385,0.03061790367388509,0.03061790367388509,0.135657654262385,5.340164056037517,5.340164056037517,0.3819680140998066
realprize,Blended,2026-04-13,30,1655,1,61164.55,36.95743202416919,0.49029196333696945,75.378416918429,0.4563114903150783,0.0,0.4563114903150783,28.26557717817267,61.94360163636376,0.03398047302189117,0.03398047302189117,0.07446771283017223,0.03398047302189117,0.03398047302189117,0.07446771283017223,8.691854845996517,8.691854845996517,0.3075067171353772
realprize,Blended,2026-04-13,60,1655,1,85034.75,51.380513595166164,0.6816342886421687,75.378416918429,0.67382698453765,0.0,0.67382698453765,41.73927030203243,61.94360163636376,0.007807304104518686,0.007807304104518686,0.011586511498757668,0.007807304104518686,0.007807304104518686,0.011586511498757668,9.641243293133734,9.641243293133734,0.23098734652925323
realprize,Blended,2026-04-13,90,1655,1,96947.01,58.57825377643504,0.7771223670009638,75.378416918429,0.8432353290689829,0.0,0.8432353290689829,52.233033309557186,61.94360163636376,-0.06611296206801909,0.06611296206801909,0.07840392804819324,-0.06611296206801909,0.06611296206801909,0.07840392804819324,6.345220466877855,6.345220466877855,0.12147907300870571
realprize,Blended,2026-04-13,120,1655,1,124751.28,75.378416918429,1.0,75.378416918429,1.0,0.0,1.0,61.94360163636376,61.94360163636376,0.0,0.0,0.0,0.0,0.0,0.0,13.434815282065237,13.434815282065237,0.21688786133124005
realprize,Blended,2026-04-14,1,1048,1,4656.99,4.443692748091602,0.06369785949018077,69.76204198473282,0.0970114026167961,0.0,0.0970114026167961,6.0092356778797145,61.94360163636376,-0.03331354312661533,0.03331354312661533,0.3433982215287297,-0.03331354312661533,0.03331354312661533,0.3433982215287297,-1.565542929788112,1.565542929788112,0.26052280418139545
realprize,Blended,2026-04-14,7,1048,1,23469.089999999997,22.39416984732824,0.3210079465883342,69.76204198473282,0.2256997870143387,0.0,0.2256997870143387,13.980657696228343,61.94360163636376,0.0953081595739955,0.0953081595739955,0.4222784648349737,0.0953081595739955,0.0953081595739955,0.4222784648349737,8.413512151099896,8.413512151099896,0.6017965916846434
realprize,Blended,2026-04-14,30,1048,1,35329.43,33.71128816793893,0.4832325317443622,69.76204198473282,0.4563114903150783,0.0,0.4563114903150783,28.26557717817267,61.94360163636376,0.02692104142928392,0.02692104142928392,0.0589970710811933,0.02692104142928392,0.02692104142928392,0.0589970710811933,5.445710989766262,5.445710989766262,0.19266229574719476
realprize,Blended,2026-04-14,60,1048,1,47004.09,44.85123091603053,0.6429174037916789,69.76204198473282,0.67382698453765,0.0,0.67382698453765,41.73927030203243,61.94360163636376,-0.030909580745971055,0.030909580745971055,0.045871687325166756,-0.030909580745971055,0.030909580745971055,0.045871687325166756,3.1119606139981,3.1119606139981,0.07455713987042481
realprize,Blended,2026-04-14,90,1048,1,61673.49,58.848749999999995,0.8435640403541921,69.76204198473282,0.8432353290689829,0.0,0.8432353290689829,52.233033309557186,61.94360163636376,0.00032871128520917114,0.00032871128520917114,0.00038982152891067984,0.00032871128520917114,0.00032871128520917114,0.00038982152891067984,6.6157166904428095,6.6157166904428095,0.12665771584114222
realprize,Blended,2026-04-14,120,1048,1,73110.62,69.76204198473282,1.0,69.76204198473282,1.0,0.0,1.0,61.94360163636376,61.94360163636376,0.0,0.0,0.0,0.0,0.0,0.0,7.818440348369059,7.818440348369059,0.1262186915489149
realprize,Blended,overall,1,7096,5,27907.119999999995,3.932795941375422,0.05058720659813709,77.74289599774521,0.0970114026167961,0.0,0.0970114026167961,6.0092356778797145,61.94360163636376,-0.046424196018659006,0.046424196018659006,0.47854370482652253,-0.046424196018659006,0.046424196018659006,0.47854370482652253,-2.0764397365042924,2.0764397365042924,0.34554140456626903
realprize,Blended,overall,7,7096,5,98592.57999999999,13.89410653889515,0.17871866439472647,77.74289599774521,0.2256997870143387,0.0,0.2256997870143387,13.980657696228343,61.94360163636376,-0.04698112261961224,0.04698112261961224,0.20815758508725365,-0.04698112261961224,0.04698112261961224,0.20815758508725365,-0.08655115733319363,0.08655115733319363,0.0061907786610456185
realprize,Blended,overall,30,7096,5,239422.32,33.740462232243516,0.4340005835802939,77.74289599774521,0.4563114903150783,0.0,0.4563114903150783,28.26557717817267,61.94360163636376,-0.022310906734784364,0.022310906734784364,0.04889402789173448,-0.022310906734784364,0.022310906734784364,0.04889402789173448,5.474885054070846,5.474885054070846,0.19369443686077206
realprize,Blended,overall,60,7096,5,343911.37,48.46552564825254,0.623407772842141,77.74289599774521,0.67382698453765,0.0,0.67382698453765,41.73927030203243,61.94360163636376,-0.050419211695509,0.050419211695509,0.07482515965148594,-0.050419211695509,0.050419211695509,0.07482515965148594,6.726255346220107,6.726255346220107,0.16114932766068463
realprize,Blended,overall,90,7096,5,436140.69,61.46289317925592,0.7905917626356309,77.74289599774521,0.8432353290689829,0.0,0.8432353290689829,52.233033309557186,61.94360163636376,-0.052643566433351996,0.052643566433351996,0.06243045638454904,-0.052643566433351996,0.052643566433351996,0.06243045638454904,9.229859869698736,9.229859869698736,0.17670541580456
realprize,Blended,overall,120,7096,5,551663.59,77.74289599774521,1.0,77.74289599774521,1.0,0.0,1.0,61.94360163636376,61.94360163636376,0.0,0.0,0.0,0.0,0.0,0.0,15.799294361381449,15.799294361381449,0.25505934340289527
realprize,Web,2026-04-10,1,12,1,9.99,0.8325,0.04715155519894275,17.655833333333334,0.24415235673288763,0.4824250367129681,0.12636714707246663,0.42648374704491726,1.7467934889176902,-0.1970008015339449,0.1970008015339449,0.8068765101025488,-0.07921559187352388,0.07921559187352388,0.6268685628242983,0.40601625295508276,0.40601625295508276,0.9520087360147892
realprize,Web,2026-04-10,7,12,1,9.99,0.8325,0.04715155519894275,17.655833333333334,0.4006840396328074,0.4824250367129681,0.20738402710264991,0.6999122715438257,1.7467934889176902,-0.35353248443386465,0.35353248443386465,0.88232235243971,-0.16023247190370715,0.16023247190370715,0.7726365146935645,0.13258772845617428,0.13258772845617428,0.18943478182447065
realprize,Web,2026-04-10,30,12,1,118.94,9.911666666666667,0.5613819795157408,17.655833333333334,0.5662907746314952,0.4824250367129681,0.293097926889681,0.9891930379604509,1.7467934889176902,-0.004908795115754483,0.004908795115754483,0.008668329656171432,0.26828405262605975,0.26828405262605975,0.9153393047608933,8.922473628706216,8.922473628706216,9.019951906558957
realprize,Web,2026-04-10,60,12,1,138.92,11.576666666666666,0.6556850899136263,17.655833333333334,0.7066239476824745,0.4824250367129681,0.36573086377949426,1.234326110925061,1.7467934889176902,-0.05093885776884821,0.05093885776884821,0.07208764709420502,0.289954226134132,0.289954226134132,0.7928076486018163,10.342340555741606,10.342340555741606,8.378936866198657
realprize,Web,2026-04-10,90,12,1,201.88,16.823333333333334,0.9528484448010572,17.655833333333334,0.8948904065803905,0.4824250367129681,0.46317286933176266,1.5631887355095306,1.7467934889176902,0.0579580382206667,0.0579580382206667,0.0647655151898873,0.4896755754692946,0.4896755754692946,1.0572199018819224,15.260144597823803,15.260144597823803,9.762189460026827
realprize,Web,2026-04-10,120,12,1,211.87,17.655833333333334,1.0,17.655833333333334,1.0,0.4824250367129681,0.5175749632870319,1.7467934889176902,1.7467934889176902,0.0,0.0,0.0,0.4824250367129681,0.4824250367129681,0.9320872741779616,15.909039844415643,15.909039844415643,9.107567634839796
realprize,Web,2026-04-11,1,15,1,19.99,1.3326666666666667,0.4445185679341784,2.9979999999999998,0.24415235673288763,0.4824250367129681,0.12636714707246663,0.42648374704491726,1.7467934889176902,0.20036621120129075,0.20036621120129075,0.8206605657323199,0.3181514208617118,0.3181514208617118,2.5176751096490637,0.9061829196217495,0.9061829196217495,2.1247771477826336
realprize,Web,2026-04-11,7,15,1,34.980000000000004,2.3320000000000003,0.7778519012675118,2.9979999999999998,0.4006840396328074,0.4824250367129681,0.20738402710264991,0.6999122715438257,1.7467934889176902,0.3771678616347044,0.3771678616347044,0.9413099208552116,0.5704678741648619,0.5704678741648619,2.7507801933197804,1.6320877284561746,1.6320877284561746,2.331846139597196
realprize,Web,2026-04-11,30,15,1,44.97,2.9979999999999998,1.0,2.9979999999999998,0.5662907746314952,0.4824250367129681,0.293097926889681,0.9891930379604509,1.7467934889176902,0.43370922536850476,0.43370922536850476,0.7658772574049686,0.706902073110319,0.706902073110319,2.4118289767924206,2.008806962039549,2.008806962039549,2.030753235163654
realprize,Web,2026-04-11,60,15,1,44.97,2.9979999999999998,1.0,2.9979999999999998,0.7066239476824745,0.4824250367129681,0.36573086377949426,1.234326110925061,1.7467934889176902,0.2933760523175255,0.2933760523175255,0.41517988921790083,0.6342691362205057,0.6342691362205057,1.734251054630484,1.7636738890749388,1.7636738890749388,1.4288556917532598
realprize,Web,2026-04-11,90,15,1,44.97,2.9979999999999998,1.0,2.9979999999999998,0.8948904065803905,0.4824250367129681,0.46317286933176266,1.5631887355095306,1.7467934889176902,0.10510959341960946,0.10510959341960946,0.11745526898792066,0.5368271306682373,0.5368271306682373,1.1590211046746726,1.4348112644904691,1.4348112644904691,0.9178746186542752
realprize,Web,2026-04-11,120,15,1,44.97,2.9979999999999998,1.0,2.9979999999999998,1.0,0.4824250367129681,0.5175749632870319,1.7467934889176902,1.7467934889176902,0.0,0.0,0.0,0.4824250367129681,0.4824250367129681,0.9320872741779616,1.2512065110823096,1.2512065110823096,0.7162875972577358
realprize,Web,2026-04-12,1,9,1,0.0,0.0,0.0,0.7766666666666667,0.24415235673288763,0.4824250367129681,0.12636714707246663,0.42648374704491726,1.7467934889176902,-0.24415235673288763,0.24415235673288763,1.0,-0.12636714707246663,0.12636714707246663,1.0,-0.42648374704491726,0.42648374704491726,1.0
realprize,Web,2026-04-12,7,9,1,0.0,0.0,0.0,0.7766666666666667,0.4006840396328074,0.4824250367129681,0.20738402710264991,0.6999122715438257,1.7467934889176902,-0.4006840396328074,0.4006840396328074,1.0,-0.20738402710264991,0.20738402710264991,1.0,-0.6999122715438257,0.6999122715438257,1.0
realprize,Web,2026-04-12,30,9,1,6.99,0.7766666666666667,1.0,0.7766666666666667,0.5662907746314952,0.4824250367129681,0.293097926889681,0.9891930379604509,1.7467934889176902,0.43370922536850476,0.43370922536850476,0.7658772574049686,0.706902073110319,0.706902073110319,2.4118289767924206,-0.21252637129378416,0.21252637129378416,0.2148482279373677
realprize,Web,2026-04-12,60,9,1,6.99,0.7766666666666667,1.0,0.7766666666666667,0.7066239476824745,0.4824250367129681,0.36573086377949426,1.234326110925061,1.7467934889176902,0.2933760523175255,0.2933760523175255,0.41517988921790083,0.6342691362205057,0.6342691362205057,1.734251054630484,-0.4576594442583942,0.4576594442583942,0.3707767665349015
realprize,Web,2026-04-12,90,9,1,6.99,0.7766666666666667,1.0,0.7766666666666667,0.8948904065803905,0.4824250367129681,0.46317286933176266,1.5631887355095306,1.7467934889176902,0.10510959341960946,0.10510959341960946,0.11745526898792066,0.5368271306682373,0.5368271306682373,1.1590211046746726,-0.7865220688428639,0.7865220688428639,0.5031523391745094
realprize,Web,2026-04-12,120,9,1,6.99,0.7766666666666667,1.0,0.7766666666666667,1.0,0.4824250367129681,0.5175749632870319,1.7467934889176902,1.7467934889176902,0.0,0.0,0.0,0.4824250367129681,0.4824250367129681,0.9320872741779616,-0.9701268222510234,0.9701268222510234,0.5553757947953608
realprize,Web,2026-04-13,1,15,1,24.99,1.666,0.08620213866850639,19.326666666666664,0.24415235673288763,0.4824250367129681,0.12636714707246663,0.42648374704491726,1.7467934889176902,-0.15795021806438125,0.15795021806438125,0.6469330060048737,-0.04016500840396024,0.04016500840396024,0.31784375396974957,1.2395162529550827,1.2395162529550827,2.9063622272680343
realprize,Web,2026-04-13,7,15,1,159.94,10.662666666666667,0.5517074853397724,19.326666666666664,0.4006840396328074,0.4824250367129681,0.20738402710264991,0.6999122715438257,1.7467934889176902,0.15102344570696502,0.15102344570696502,0.3769140538898556,0.3443234582371225,0.3443234582371225,1.6603181211573783,9.962754395122841,9.962754395122841,14.234290210611078
realprize,Web,2026-04-13,30,15,1,289.9,19.326666666666664,1.0,19.326666666666664,0.5662907746314952,0.4824250367129681,0.293097926889681,0.9891930379604509,1.7467934889176902,0.43370922536850476,0.43370922536850476,0.7658772574049686,0.706902073110319,0.706902073110319,2.4118289767924206,18.337473628706213,18.337473628706213,18.53781104900919
realprize,Web,2026-04-13,60,15,1,289.9,19.326666666666664,1.0,19.326666666666664,0.7066239476824745,0.4824250367129681,0.36573086377949426,1.234326110925061,1.7467934889176902,0.2933760523175255,0.2933760523175255,0.41517988921790083,0.6342691362205057,0.6342691362205057,1.734251054630484,18.092340555741604,18.092340555741604,14.65766655635468
realprize,Web,2026-04-13,90,15,1,289.9,19.326666666666664,1.0,19.326666666666664,0.8948904065803905,0.4824250367129681,0.46317286933176266,1.5631887355095306,1.7467934889176902,0.10510959341960946,0.10510959341960946,0.11745526898792066,0.5368271306682373,0.5368271306682373,1.1590211046746726,17.763477931157134,17.763477931157134,11.36361689899654
realprize,Web,2026-04-13,120,15,1,289.9,19.326666666666664,1.0,19.326666666666664,1.0,0.4824250367129681,0.5175749632870319,1.7467934889176902,1.7467934889176902,0.0,0.0,0.0,0.4824250367129681,0.4824250367129681,0.9320872741779616,17.579873177748976,17.579873177748976,10.0640821535472
realprize,Web,2026-04-14,1,14,1,2.99,0.21357142857142858,0.5,0.42714285714285716,0.24415235673288763,0.4824250367129681,0.12636714707246663,0.42648374704491726,1.7467934889176902,0.2558476432671124,0.2558476432671124,1.0479015918204708,0.37363285292753334,0.37363285292753334,2.9567246043251214,-0.21291231847348868,0.21291231847348868,0.499227274072568
realprize,Web,2026-04-14,7,14,1,2.99,0.21357142857142858,0.5,0.42714285714285716,0.4006840396328074,0.4824250367129681,0.20738402710264991,0.6999122715438257,1.7467934889176902,0.09931596036719259,0.09931596036719259,0.24786602545538663,0.2926159728973501,0.2926159728973501,1.410986067661385,-0.48634084297239716,0.48634084297239716,0.6948597170609037
realprize,Web,2026-04-14,30,14,1,5.98,0.42714285714285716,1.0,0.42714285714285716,0.5662907746314952,0.4824250367129681,0.293097926889681,0.9891930379604509,1.7467934889176902,0.43370922536850476,0.43370922536850476,0.7658772574049686,0.706902073110319,0.706902073110319,2.4118289767924206,-0.5620501808175937,0.5620501808175937,0.5681905950090858
realprize,Web,2026-04-14,60,14,1,5.98,0.42714285714285716,1.0,0.42714285714285716,0.7066239476824745,0.4824250367129681,0.36573086377949426,1.234326110925061,1.7467934889176902,0.2933760523175255,0.2933760523175255,0.41517988921790083,0.6342691362205057,0.6342691362205057,1.734251054630484,-0.8071832537822038,0.8071832537822038,0.6539465110863315
realprize,Web,2026-04-14,90,14,1,5.98,0.42714285714285716,1.0,0.42714285714285716,0.8948904065803905,0.4824250367129681,0.46317286933176266,1.5631887355095306,1.7467934889176902,0.10510959341960946,0.10510959341960946,0.11745526898792066,0.5368271306682373,0.5368271306682373,1.1590211046746726,-1.1360458783666734,1.1360458783666734,0.7267490179273666
realprize,Web,2026-04-14,120,14,1,5.98,0.42714285714285716,1.0,0.42714285714285716,1.0,0.4824250367129681,0.5175749632870319,1.7467934889176902,1.7467934889176902,0.0,0.0,0.0,0.4824250367129681,0.4824250367129681,0.9320872741779616,-1.319650631774833,1.319650631774833,0.7554703175545302
realprize,Web,overall,1,65,5,57.96,0.8916923076923077,0.10355362598488502,8.610923076923077,0.24415235673288763,0.4824250367129681,0.12636714707246663,0.42648374704491726,1.7467934889176902,-0.1405987307480026,0.1405987307480026,0.5758647290135446,-0.022813521087581612,0.022813521087581612,0.18053364039704836,0.4652085606473904,0.4652085606473904,1.090800209552639
realprize,Web,overall,7,65,5,207.9,3.1984615384615385,0.371442354076218,8.610923076923077,0.4006840396328074,0.4824250367129681,0.20738402710264991,0.6999122715438257,1.7467934889176902,-0.029241685556589403,0.029241685556589403,0.07297941186623481,0.1640583269735681,0.1640583269735681,0.7910846812342173,2.4985492669177125,2.4985492669177125,3.5698034860948473
realprize,Web,overall,30,65,5,466.78,7.181230769230769,0.8339675903592931,8.610923076923077,0.5662907746314952,0.4824250367129681,0.293097926889681,0.9891930379604509,1.7467934889176902,0.2676768157277979,0.2676768157277979,0.4726844012282989,0.5408696634696122,0.5408696634696122,1.8453547904935876,6.192037731270318,6.192037731270318,6.259685919380564
realprize,Web,overall,60,65,5,486.76,7.488615384615384,0.8696646477640205,8.610923076923077,0.7066239476824745,0.4824250367129681,0.36573086377949426,1.234326110925061,1.7467934889176902,0.16304070008154603,0.16304070008154603,0.2307319198794113,0.5039337839845263,0.5039337839845263,1.3778814803236212,6.254289273690324,6.254289273690324,5.06696667787662
realprize,Web,overall,90,65,5,549.72,8.457230769230769,0.9821514712976361,8.610923076923077,0.8948904065803905,0.4824250367129681,0.46317286933176266,1.5631887355095306,1.7467934889176902,0.0872610647172456,0.0872610647172456,0.09751033654578203,0.5189786019658735,0.5189786019658735,1.1204857545188776,6.894042033721238,6.894042033721238,4.41024290740816
realprize,Web,overall,120,65,5,559.71,8.610923076923077,1.0,8.610923076923077,1.0,0.4824250367129681,0.5175749632870319,1.7467934889176902,1.7467934889176902,0.0,0.0,0.0,0.4824250367129681,0.4824250367129681,0.9320872741779616,6.864129588005387,6.864129588005387,3.929559865865076
