brand,scope,goal_horizon,cohort_start,cohort_end,checkpoint_day,organic_share_pct,users_org,users_acq
realprize,app,7,2026-06-23,2026-07-27,7,0.130506145413673,1594,29408
realprize,app,30,2026-05-31,2026-07-04,7,0.14820042312249912,2629,30698
realprize,app,30,2026-05-31,2026-07-04,30,0.14949719863400843,2629,30698
realprize,app,60,2026-05-01,2026-06-04,7,0.25515365674577295,3015,26580
realprize,app,60,2026-05-01,2026-06-04,30,0.24264307346933772,3015,26580
realprize,app,60,2026-05-01,2026-06-04,60,0.21798860111841067,3015,26580
realprize,app,90,2026-04-01,2026-05-05,7,0.2163898964671992,1876,19742
realprize,app,90,2026-04-01,2026-05-05,30,0.23515462825499722,1876,19742
realprize,app,90,2026-04-01,2026-05-05,60,0.2700033702852652,1876,19742
realprize,app,90,2026-04-01,2026-05-05,90,0.27805466974687404,1876,19742
realprize,app,120,2026-03-02,2026-04-05,7,0.11288439910723122,1204,17872
realprize,app,120,2026-03-02,2026-04-05,30,0.18765239007489384,1204,17872
realprize,app,120,2026-03-02,2026-04-05,60,0.14467267681512613,1204,17872
realprize,app,120,2026-03-02,2026-04-05,90,0.1253087930055651,1204,17872
realprize,app,120,2026-03-02,2026-04-05,120,0.12208716831481375,1204,17872
realprize,app,150,2026-01-31,2026-03-06,7,0.1603077586142433,861,12789
realprize,app,150,2026-01-31,2026-03-06,30,0.16013889069667725,861,12789
realprize,app,150,2026-01-31,2026-03-06,60,0.15226771216873003,861,12789
realprize,app,150,2026-01-31,2026-03-06,90,0.14137645681957497,861,12789
realprize,app,150,2026-01-31,2026-03-06,120,0.13136025198018453,861,12789
realprize,app,150,2026-01-31,2026-03-06,150,0.12984778996536395,861,12789
realprize,app,180,2026-01-01,2026-02-04,7,0.11348542441047775,1574,18265
realprize,app,180,2026-01-01,2026-02-04,30,0.0962427697464738,1574,18265
realprize,app,180,2026-01-01,2026-02-04,60,0.09254958433370924,1574,18265
realprize,app,180,2026-01-01,2026-02-04,90,0.09537309238872359,1574,18265
realprize,app,180,2026-01-01,2026-02-04,120,0.10769230310202557,1574,18265
realprize,app,180,2026-01-01,2026-02-04,150,0.12192546212237236,1574,18265
realprize,app,180,2026-01-01,2026-02-04,180,0.12376890080935103,1574,18265
realprize,app,210,2025-12-02,2026-01-05,7,0.13619105569610915,3444,58419
realprize,app,210,2025-12-02,2026-01-05,30,0.1008498080239905,3444,58419
realprize,app,210,2025-12-02,2026-01-05,60,0.12215496365628935,3444,58419
realprize,app,210,2025-12-02,2026-01-05,90,0.13256148434509682,3444,58419
realprize,app,210,2025-12-02,2026-01-05,120,0.15358670323890553,3444,58419
realprize,app,210,2025-12-02,2026-01-05,150,0.2057411133302503,3444,58419
realprize,app,210,2025-12-02,2026-01-05,180,0.21628646859756048,3444,58419
realprize,app,210,2025-12-02,2026-01-05,210,0.2229696300886232,3444,58419
realprize,app,240,2025-11-02,2025-12-06,7,0.4393215307685987,3509,29888
realprize,app,240,2025-11-02,2025-12-06,30,0.25417740765656605,3509,29888
realprize,app,240,2025-11-02,2025-12-06,60,0.23631631286142551,3509,29888
realprize,app,240,2025-11-02,2025-12-06,90,0.24298194663547484,3509,29888
realprize,app,240,2025-11-02,2025-12-06,120,0.24737733805657,3509,29888
realprize,app,240,2025-11-02,2025-12-06,150,0.26432109641793666,3509,29888
realprize,app,240,2025-11-02,2025-12-06,180,0.2608824699218477,3509,29888
realprize,app,240,2025-11-02,2025-12-06,210,0.2549316679861366,3509,29888
realprize,app,240,2025-11-02,2025-12-06,240,0.252559831585405,3509,29888
realprize,app,270,2025-10-03,2025-11-06,7,0.6413499566489398,3006,10292
realprize,app,270,2025-10-03,2025-11-06,30,0.5027782797991093,3006,10292
realprize,app,270,2025-10-03,2025-11-06,60,0.6560684165645391,3006,10292
realprize,app,270,2025-10-03,2025-11-06,90,0.6597139159852329,3006,10292
realprize,app,270,2025-10-03,2025-11-06,120,0.7081269860119361,3006,10292
realprize,app,270,2025-10-03,2025-11-06,150,0.720259862470516,3006,10292
realprize,app,270,2025-10-03,2025-11-06,180,0.7161654552819616,3006,10292
realprize,app,270,2025-10-03,2025-11-06,210,0.7163837633352109,3006,10292
realprize,app,270,2025-10-03,2025-11-06,240,0.6701174608925604,3006,10292
realprize,app,270,2025-10-03,2025-11-06,270,0.6499752667847105,3006,10292
realprize,app,365,2025-06-30,2025-08-03,7,0.8958791371497707,21261,3123
realprize,app,365,2025-06-30,2025-08-03,30,0.8622752654760648,21261,3123
realprize,app,365,2025-06-30,2025-08-03,60,0.8643916460004318,21261,3123
realprize,app,365,2025-06-30,2025-08-03,90,0.8576997614966917,21261,3123
realprize,app,365,2025-06-30,2025-08-03,120,0.8471571227399344,21261,3123
realprize,app,365,2025-06-30,2025-08-03,150,0.8385342908787903,21261,3123
realprize,app,365,2025-06-30,2025-08-03,180,0.8314605054212617,21261,3123
realprize,app,365,2025-06-30,2025-08-03,210,0.8184425076145538,21261,3123
realprize,app,365,2025-06-30,2025-08-03,240,0.8044070755045359,21261,3123
realprize,app,365,2025-06-30,2025-08-03,270,0.7879933686486836,21261,3123
realprize,app,365,2025-06-30,2025-08-03,365,0.7779020961530819,21261,3123
realprize,non_app,7,2026-06-23,2026-07-27,7,0.5676658554906316,19825,21517
realprize,non_app,30,2026-05-31,2026-07-04,7,0.5693450275292489,18373,20563
realprize,non_app,30,2026-05-31,2026-07-04,30,0.5683146965850555,18373,20563
realprize,non_app,60,2026-05-01,2026-06-04,7,0.6240112473694573,19307,11477
realprize,non_app,60,2026-05-01,2026-06-04,30,0.6035027202776279,19307,11477
realprize,non_app,60,2026-05-01,2026-06-04,60,0.5649334203176033,19307,11477
realprize,non_app,90,2026-04-01,2026-05-05,7,0.6831129802477162,20838,12747
realprize,non_app,90,2026-04-01,2026-05-05,30,0.6417219153071013,20838,12747
realprize,non_app,90,2026-04-01,2026-05-05,60,0.6416129694751928,20838,12747
realprize,non_app,90,2026-04-01,2026-05-05,90,0.6546511022660229,20838,12747
realprize,non_app,120,2026-03-02,2026-04-05,7,0.6102916396130686,17593,21093
realprize,non_app,120,2026-03-02,2026-04-05,30,0.6149802533317047,17593,21093
realprize,non_app,120,2026-03-02,2026-04-05,60,0.6394815662023201,17593,21093
realprize,non_app,120,2026-03-02,2026-04-05,90,0.6360216939123676,17593,21093
realprize,non_app,120,2026-03-02,2026-04-05,120,0.6283529731901502,17593,21093
realprize,non_app,150,2026-01-31,2026-03-06,7,0.39854291515324064,19205,22305
realprize,non_app,150,2026-01-31,2026-03-06,30,0.43477082922595556,19205,22305
realprize,non_app,150,2026-01-31,2026-03-06,60,0.48266436937703566,19205,22305
realprize,non_app,150,2026-01-31,2026-03-06,90,0.49382759245052954,19205,22305
realprize,non_app,150,2026-01-31,2026-03-06,120,0.4955042639598894,19205,22305
realprize,non_app,150,2026-01-31,2026-03-06,150,0.4906185691068701,19205,22305
realprize,non_app,180,2026-01-01,2026-02-04,7,0.3882662406347545,16407,28822
realprize,non_app,180,2026-01-01,2026-02-04,30,0.3644559550997491,16407,28822
realprize,non_app,180,2026-01-01,2026-02-04,60,0.38319481549596845,16407,28822
realprize,non_app,180,2026-01-01,2026-02-04,90,0.39015523221311815,16407,28822
realprize,non_app,180,2026-01-01,2026-02-04,120,0.40452077177466383,16407,28822
realprize,non_app,180,2026-01-01,2026-02-04,150,0.41009680353541234,16407,28822
realprize,non_app,180,2026-01-01,2026-02-04,180,0.41005356771513585,16407,28822
realprize,non_app,210,2025-12-02,2026-01-05,7,0.3946817100566769,15080,51772
realprize,non_app,210,2025-12-02,2026-01-05,30,0.42186758917996425,15080,51772
realprize,non_app,210,2025-12-02,2026-01-05,60,0.40771381651986355,15080,51772
realprize,non_app,210,2025-12-02,2026-01-05,90,0.4042000970175917,15080,51772
realprize,non_app,210,2025-12-02,2026-01-05,120,0.43898853832725954,15080,51772
realprize,non_app,210,2025-12-02,2026-01-05,150,0.4482968053279651,15080,51772
realprize,non_app,210,2025-12-02,2026-01-05,180,0.44978489803506055,15080,51772
realprize,non_app,210,2025-12-02,2026-01-05,210,0.45010099676931686,15080,51772
realprize,non_app,240,2025-11-02,2025-12-06,7,0.467061360983277,13205,55914
realprize,non_app,240,2025-11-02,2025-12-06,30,0.49464347285511984,13205,55914
realprize,non_app,240,2025-11-02,2025-12-06,60,0.4605725887418892,13205,55914
realprize,non_app,240,2025-11-02,2025-12-06,90,0.46664278821085275,13205,55914
realprize,non_app,240,2025-11-02,2025-12-06,120,0.5049226255824498,13205,55914
realprize,non_app,240,2025-11-02,2025-12-06,150,0.5214643384113155,13205,55914
realprize,non_app,240,2025-11-02,2025-12-06,180,0.5183322431153035,13205,55914
realprize,non_app,240,2025-11-02,2025-12-06,210,0.507774686340781,13205,55914
realprize,non_app,240,2025-11-02,2025-12-06,240,0.5184612108510992,13205,55914
realprize,non_app,270,2025-10-03,2025-11-06,7,0.2881649568944966,11603,53815
realprize,non_app,270,2025-10-03,2025-11-06,30,0.27162843158263744,11603,53815
realprize,non_app,270,2025-10-03,2025-11-06,60,0.27304696350679036,11603,53815
realprize,non_app,270,2025-10-03,2025-11-06,90,0.28292180461341154,11603,53815
realprize,non_app,270,2025-10-03,2025-11-06,120,0.2754015155555962,11603,53815
realprize,non_app,270,2025-10-03,2025-11-06,150,0.27606322098646735,11603,53815
realprize,non_app,270,2025-10-03,2025-11-06,180,0.2786837847225883,11603,53815
realprize,non_app,270,2025-10-03,2025-11-06,210,0.27710894838441974,11603,53815
realprize,non_app,270,2025-10-03,2025-11-06,240,0.27357200415546395,11603,53815
realprize,non_app,270,2025-10-03,2025-11-06,270,0.2735201171730146,11603,53815
realprize,non_app,365,2025-06-30,2025-08-03,7,0.16957076812075453,12494,80134
realprize,non_app,365,2025-06-30,2025-08-03,30,0.16482072728159466,12494,80134
realprize,non_app,365,2025-06-30,2025-08-03,60,0.15022470300218943,12494,80134
realprize,non_app,365,2025-06-30,2025-08-03,90,0.15623057846422922,12494,80134
realprize,non_app,365,2025-06-30,2025-08-03,120,0.1517148094151859,12494,80134
realprize,non_app,365,2025-06-30,2025-08-03,150,0.1487109006387176,12494,80134
realprize,non_app,365,2025-06-30,2025-08-03,180,0.14768617046998705,12494,80134
realprize,non_app,365,2025-06-30,2025-08-03,210,0.14500957374242104,12494,80134
realprize,non_app,365,2025-06-30,2025-08-03,240,0.14314546784681936,12494,80134
realprize,non_app,365,2025-06-30,2025-08-03,270,0.1446428945854904,12494,80134
realprize,non_app,365,2025-06-30,2025-08-03,365,0.14521262732666984,12494,80134
lonestar,app,7,2026-06-23,2026-07-27,7,0.6039056655299297,1988,3984
lonestar,app,30,2026-05-31,2026-07-04,7,1.0,368,0
lonestar,app,30,2026-05-31,2026-07-04,30,1.0,368,0
lonestar,app,120,2026-03-02,2026-04-05,7,,0,0
lonestar,app,120,2026-03-02,2026-04-05,30,,0,0
lonestar,app,120,2026-03-02,2026-04-05,60,,0,0
lonestar,app,120,2026-03-02,2026-04-05,90,,0,0
lonestar,app,120,2026-03-02,2026-04-05,120,,0,0
lonestar,non_app,7,2026-06-23,2026-07-27,7,0.40448825187912646,21269,56615
lonestar,non_app,30,2026-05-31,2026-07-04,7,0.39166994537512717,20807,58829
lonestar,non_app,30,2026-05-31,2026-07-04,30,0.36286782633448716,20807,58829
lonestar,non_app,60,2026-05-01,2026-06-04,7,0.41712409374617726,25467,43144
lonestar,non_app,60,2026-05-01,2026-06-04,30,0.4284313102469209,25467,43144
lonestar,non_app,60,2026-05-01,2026-06-04,60,0.4454738531909322,25467,43144
lonestar,non_app,90,2026-04-01,2026-05-05,7,0.4053681839537239,23916,52430
lonestar,non_app,90,2026-04-01,2026-05-05,30,0.366235083069192,23916,52430
lonestar,non_app,90,2026-04-01,2026-05-05,60,0.34477485070632996,23916,52430
lonestar,non_app,90,2026-04-01,2026-05-05,90,0.3295824355302553,23916,52430
lonestar,non_app,120,2026-03-02,2026-04-05,7,0.3990442771931395,24938,50417
lonestar,non_app,120,2026-03-02,2026-04-05,30,0.3793414382808811,24938,50417
lonestar,non_app,120,2026-03-02,2026-04-05,60,0.38263583352738323,24938,50417
lonestar,non_app,120,2026-03-02,2026-04-05,90,0.3744268172583488,24938,50417
lonestar,non_app,120,2026-03-02,2026-04-05,120,0.37435587456037017,24938,50417
lonestar,non_app,150,2026-01-31,2026-03-06,7,0.38199336697106473,27428,60188
lonestar,non_app,150,2026-01-31,2026-03-06,30,0.36639403954496824,27428,60188
lonestar,non_app,150,2026-01-31,2026-03-06,60,0.3495276300885266,27428,60188
lonestar,non_app,150,2026-01-31,2026-03-06,90,0.3235263909158598,27428,60188
lonestar,non_app,150,2026-01-31,2026-03-06,120,0.31439173708804447,27428,60188
lonestar,non_app,150,2026-01-31,2026-03-06,150,0.31072870373849226,27428,60188
lonestar,non_app,180,2026-01-01,2026-02-04,7,0.32818800807244264,28158,54491
lonestar,non_app,180,2026-01-01,2026-02-04,30,0.33041518491286986,28158,54491
lonestar,non_app,180,2026-01-01,2026-02-04,60,0.32389052865722334,28158,54491
lonestar,non_app,180,2026-01-01,2026-02-04,90,0.33435613342999543,28158,54491
lonestar,non_app,180,2026-01-01,2026-02-04,120,0.33639845433867566,28158,54491
lonestar,non_app,180,2026-01-01,2026-02-04,150,0.32710408453347567,28158,54491
lonestar,non_app,180,2026-01-01,2026-02-04,180,0.3225449196143609,28158,54491
lonestar,non_app,210,2025-12-02,2026-01-05,7,0.2715202539434691,23971,94323
lonestar,non_app,210,2025-12-02,2026-01-05,30,0.2830686366890162,23971,94323
lonestar,non_app,210,2025-12-02,2026-01-05,60,0.29551965599173186,23971,94323
lonestar,non_app,210,2025-12-02,2026-01-05,90,0.3098612062567333,23971,94323
lonestar,non_app,210,2025-12-02,2026-01-05,120,0.3075355519435794,23971,94323
lonestar,non_app,210,2025-12-02,2026-01-05,150,0.29506645209712934,23971,94323
lonestar,non_app,210,2025-12-02,2026-01-05,180,0.2867466447866767,23971,94323
lonestar,non_app,210,2025-12-02,2026-01-05,210,0.2905157670157932,23971,94323
lonestar,non_app,240,2025-11-02,2025-12-06,7,0.2716866043621133,20794,99098
lonestar,non_app,240,2025-11-02,2025-12-06,30,0.23285186578302688,20794,99098
lonestar,non_app,240,2025-11-02,2025-12-06,60,0.23169236618805905,20794,99098
lonestar,non_app,240,2025-11-02,2025-12-06,90,0.22555771898810803,20794,99098
lonestar,non_app,240,2025-11-02,2025-12-06,120,0.23196165462864465,20794,99098
lonestar,non_app,240,2025-11-02,2025-12-06,150,0.2381763844087134,20794,99098
lonestar,non_app,240,2025-11-02,2025-12-06,180,0.24098704333202836,20794,99098
lonestar,non_app,240,2025-11-02,2025-12-06,210,0.24033335276357834,20794,99098
lonestar,non_app,240,2025-11-02,2025-12-06,240,0.23834390731762614,20794,99098
lonestar,non_app,270,2025-10-03,2025-11-06,7,0.17630589700563837,19308,109178
lonestar,non_app,270,2025-10-03,2025-11-06,30,0.19402208978944874,19308,109178
lonestar,non_app,270,2025-10-03,2025-11-06,60,0.18657887055389866,19308,109178
lonestar,non_app,270,2025-10-03,2025-11-06,90,0.18525282461740894,19308,109178
lonestar,non_app,270,2025-10-03,2025-11-06,120,0.1836374298636988,19308,109178
lonestar,non_app,270,2025-10-03,2025-11-06,150,0.18639360678888,19308,109178
lonestar,non_app,270,2025-10-03,2025-11-06,180,0.18341760803347298,19308,109178
lonestar,non_app,270,2025-10-03,2025-11-06,210,0.18050202814595065,19308,109178
lonestar,non_app,270,2025-10-03,2025-11-06,240,0.17965729925622378,19308,109178
lonestar,non_app,270,2025-10-03,2025-11-06,270,0.176339410488308,19308,109178
lonestar,non_app,365,2025-06-30,2025-08-03,7,0.13200204716395744,14481,105525
lonestar,non_app,365,2025-06-30,2025-08-03,30,0.15848175023742236,14481,105525
lonestar,non_app,365,2025-06-30,2025-08-03,60,0.16032652563297986,14481,105525
lonestar,non_app,365,2025-06-30,2025-08-03,90,0.16532120436422884,14481,105525
lonestar,non_app,365,2025-06-30,2025-08-03,120,0.16384695745948327,14481,105525
lonestar,non_app,365,2025-06-30,2025-08-03,150,0.18013814805553693,14481,105525
lonestar,non_app,365,2025-06-30,2025-08-03,180,0.1814140355721433,14481,105525
lonestar,non_app,365,2025-06-30,2025-08-03,210,0.18341662235888384,14481,105525
lonestar,non_app,365,2025-06-30,2025-08-03,240,0.18442362606620197,14481,105525
lonestar,non_app,365,2025-06-30,2025-08-03,270,0.1889743905319066,14481,105525
lonestar,non_app,365,2025-06-30,2025-08-03,365,0.21366916921305681,14481,105525
